13:58:10.613 ardopc Version 2.0.3.2
13:58:10.613 ARDOPC listening on port 8515
13:58:10.616 Capture Devices

13:58:10.958 Card 0, ID `Headphones', name `bcm2835 Headphones'
13:58:10.958 
13:58:10.959 Card 1, ID `Device', name `USB Audio Device'
13:58:10.959   Device hw:1,0 ID `USB Audio', name `USB Audio', 1 subdevices (1 available)
13:58:10.960     1 channel,  sampling rate 44100..48000 Hz
13:58:10.960 
13:58:10.960 Card 2, ID `vc4hdmi0', name `vc4-hdmi-0'
13:58:10.960 
13:58:10.961 Card 3, ID `vc4hdmi1', name `vc4-hdmi-1'
13:58:10.961 
13:58:10.961 Playback Devices

13:58:10.961 Card 0, ID `Headphones', name `bcm2835 Headphones'
13:58:10.961   Device hw:0,0 ID `bcm2835 Headphones', name `bcm2835 Headphones', 8 subdevices (8 available)
13:58:10.961     1..8 channels, sampling rate 8000..192000 Hz
13:58:10.962 
13:58:10.962 Card 1, ID `Device', name `USB Audio Device'
13:58:10.962   Device hw:1,0 ID `USB Audio', name `USB Audio', 1 subdevices (1 available)
13:58:10.962     2 channels,  sampling rate 44100..48000 Hz
13:58:10.962 
13:58:10.962 Card 2, ID `vc4hdmi0', name `vc4-hdmi-0'
13:58:10.962   Device hw:2,0 ID `MAI PCM i2s-hifi-0', name `MAI PCM i2s-hifi-0', 1 subdevices (1 available)
13:58:10.962 Error -524 opening output device
13:58:10.962 
13:58:10.962 Card 3, ID `vc4hdmi1', name `vc4-hdmi-1'
13:58:10.962   Device hw:3,0 ID `MAI PCM i2s-hifi-0', name `MAI PCM i2s-hifi-0', 1 subdevices (1 available)
13:58:10.963 Error -524 opening output device
13:58:10.963 
13:58:10.963 Opening Playback Device plughw:1,0 Rate 12000
13:58:10.982 Opening Capture Device plughw:1,0 Rate 12000
13:58:11.141 ardopc listening on port 8515
13:58:11.280 GUI Connected from Address 127.0.0.1
13:58:20.661 Input peaks = -983, 1484
13:58:30.712 Input peaks = -1169, 1687
13:58:40.771 Input peaks = -1025, 1917
13:58:50.859 Input peaks = -1774, 2274
13:59:00.907 Input peaks = -1052, 1590
13:59:05.542 Host Control Session Connected
13:59:05.542 Host Data Session Connected
13:59:05.542 [Command Trace FROM host: INITIALIZE
13:59:05.542  Command Trace TO Host BUFFER 0
13:59:05.542  Command Trace TO Host INITIALIZE
13:59:05.553 [Command Trace FROM host: STATE
13:59:05.553  Command Trace TO Host STATE DISC
13:59:05.564 [Command Trace FROM host: PROTOCOLMODE ARQ
13:59:05.565  Command Trace TO Host PROTOCOLMODE now ARQ
13:59:05.565 [Command Trace FROM host: ARQTIMEOUT 90
13:59:05.565  Command Trace TO Host ARQTIMEOUT now 90
13:59:05.576 [Command Trace FROM host: LISTEN FALSE
13:59:05.576  Command Trace TO Host LISTEN now FALSE
13:59:05.586 [Command Trace FROM host: MYCALL KF0YRY
13:59:05.586  Command Trace TO Host MYCALL now KF0YRY
13:59:05.596 [Command Trace FROM host: GRIDSQUARE DM69
13:59:05.596  Command Trace TO Host GRIDSQUARE now DM69
13:59:05.608 [Command Trace FROM host: ARQBW 500MAX
13:59:05.608  Command Trace TO Host ARQBW now 500MAX
13:59:05.619 [Command Trace FROM host: CWID TRUE
13:59:05.620  Command Trace TO Host CWID now TRUE
13:59:05.620 [Command Trace FROM host: VERSION
13:59:05.620  Command Trace TO Host VERSION ardopc_2.0.3.2
13:59:05.630 [Command Trace FROM host: ARQBW
13:59:05.630  Command Trace TO Host ARQBW 500MAX
13:59:05.630 [Command Trace FROM host: ARQBW 500MAX
13:59:05.630  Command Trace TO Host ARQBW now 500MAX
13:59:05.641 [Command Trace FROM host: ARQCALL KB2PCN-5 10
13:59:05.641  Command Trace TO Host ARQCALL KB2PCN-5 10
13:59:05.652  Command Trace TO Host NEWSTATE ISS 
13:59:05.652 [SendARQConnectRequest] strMycall=KF0YRY  strTargetCall=KB2PCN-5 bytPendingSessionID=7f
13:59:05.652 Sending Frame Type ConReq500M
13:59:05.652 [Main.KeyPTT]  PTT-TRUE
13:59:05.891 Tx Time 1950 Time till end = 1712
13:59:07.763 [Main.KeyPTT]  PTT-FALSE
13:59:09.774 Repeating Last Frame
13:59:09.774 Sending Frame Type ConReq500M
13:59:09.774 [Main.KeyPTT]  PTT-TRUE
13:59:10.010 Tx Time 1950 Time till end = 1714
13:59:11.885 [Main.KeyPTT]  PTT-FALSE
13:59:11.895 Input peaks = -1614, 2097
13:59:13.893 Repeating Last Frame
13:59:13.893 Sending Frame Type ConReq500M
13:59:13.893 [Main.KeyPTT]  PTT-TRUE
13:59:14.130 Tx Time 1950 Time till end = 1714
13:59:16.002 [Main.KeyPTT]  PTT-FALSE
13:59:18.007 Repeating Last Frame
13:59:18.007 Sending Frame Type ConReq500M
13:59:18.007 [Main.KeyPTT]  PTT-TRUE
13:59:18.245 Tx Time 1950 Time till end = 1712
13:59:20.118 [Main.KeyPTT]  PTT-FALSE
13:59:22.123 Repeating Last Frame
13:59:22.123 Sending Frame Type ConReq500M
13:59:22.123 [Main.KeyPTT]  PTT-TRUE
13:59:22.361 Tx Time 1950 Time till end = 1711
13:59:24.236 [Main.KeyPTT]  PTT-FALSE
13:59:24.247 Input peaks = -946, 2024
13:59:26.236 Repeating Last Frame
13:59:26.237 Sending Frame Type ConReq500M
13:59:26.237 [Main.KeyPTT]  PTT-TRUE
13:59:26.475 Tx Time 1950 Time till end = 1711
13:59:28.347 [Main.KeyPTT]  PTT-FALSE
13:59:30.353 Repeating Last Frame
13:59:30.353 Sending Frame Type ConReq500M
13:59:30.353 [Main.KeyPTT]  PTT-TRUE
13:59:30.625 Tx Time 1950 Time till end = 1680
13:59:32.465 [Main.KeyPTT]  PTT-FALSE
13:59:34.469 Repeating Last Frame
13:59:34.470 Sending Frame Type ConReq500M
13:59:34.470 [Main.KeyPTT]  PTT-TRUE
13:59:34.706 Tx Time 1950 Time till end = 1714
13:59:36.581 [Main.KeyPTT]  PTT-FALSE
13:59:36.592 Input peaks = -1002, 1534
13:59:37.140 [Command Trace FROM host: DISCONNECT
13:59:37.140  Command Trace TO Host DISCONNECT NOW TRUE
13:59:38.581 [ARDOPprotocol.CheckForDisconnect]  ARQ Disconnect ...Sending DISC (repeat)
13:59:38.581  Command Trace TO Host STATUS INITIATING ARQ DISCONNECT
13:59:38.581 Sending Frame Type DISC
13:59:38.582 [Main.KeyPTT]  PTT-TRUE
13:59:38.800 Tx Time 670 Time till end = 453
13:59:39.412 [Main.KeyPTT]  PTT-FALSE
13:59:41.419 Repeating DISC 2
13:59:41.419 Repeating Last Frame
13:59:41.419 Sending Frame Type DISC
13:59:41.420 [Main.KeyPTT]  PTT-TRUE
13:59:41.648 Tx Time 670 Time till end = 443
13:59:42.256 [Main.KeyPTT]  PTT-FALSE
13:59:44.266 Repeating DISC 3
13:59:44.266 Repeating Last Frame
13:59:44.266 Sending Frame Type DISC
13:59:44.266 [Main.KeyPTT]  PTT-TRUE
13:59:44.493 Tx Time 670 Time till end = 443
13:59:45.095 [Main.KeyPTT]  PTT-FALSE
13:59:47.096 Repeating DISC 4
13:59:47.096 Repeating Last Frame
13:59:47.096 Sending Frame Type DISC
13:59:47.096 [Main.KeyPTT]  PTT-TRUE
13:59:47.320 Tx Time 670 Time till end = 445
13:59:47.931 [Main.KeyPTT]  PTT-FALSE
13:59:47.943 Input peaks = -3568, 3414
13:59:49.935 Repeating DISC 5
13:59:49.935 Repeating Last Frame
13:59:49.935 Sending Frame Type DISC
13:59:49.935 [Main.KeyPTT]  PTT-TRUE
13:59:50.152 Tx Time 670 Time till end = 453
13:59:50.764 [Main.KeyPTT]  PTT-FALSE
13:59:52.772  Command Trace TO Host DISCONNECTED
13:59:52.773  Command Trace TO Host STATUS END NOT RECEIVED CLOSING ARQ SESSION WITH KB2PCN-5
13:59:52.773  Command Trace TO Host BUFFER 0
13:59:52.773  Command Trace TO Host BUFFER 0
13:59:52.773  Command Trace TO Host NEWSTATE DISC 
13:59:52.784 [Command Trace FROM host: ARQBW 500MAX
13:59:52.785  Command Trace TO Host ARQBW now 500MAX
13:59:58.827 Input peaks = -1997, 2761
14:00:08.883 Input peaks = -3444, 2994
14:00:18.928 Input peaks = -2370, 3060
14:00:20.880 [Command Trace FROM host: VERSION
14:00:20.880  Command Trace TO Host VERSION ardopc_2.0.3.2
14:00:20.891 [Command Trace FROM host: ARQBW
14:00:20.891  Command Trace TO Host ARQBW 500MAX
14:00:20.901 [Command Trace FROM host: ARQBW 500MAX
14:00:20.901  Command Trace TO Host ARQBW now 500MAX
14:00:20.911 [Command Trace FROM host: ARQCALL KB2PCN-5 10
14:00:20.912  Command Trace TO Host ARQCALL KB2PCN-5 10
14:00:20.924  Command Trace TO Host NEWSTATE ISS 
14:00:20.924 [SendARQConnectRequest] strMycall=KF0YRY  strTargetCall=KB2PCN-5 bytPendingSessionID=7f
14:00:20.924 Sending Frame Type ConReq500M
14:00:20.924 [Main.KeyPTT]  PTT-TRUE
14:00:21.162 Tx Time 1950 Time till end = 1711
14:00:23.037 [Main.KeyPTT]  PTT-FALSE
14:00:25.040 Repeating Last Frame
14:00:25.041 Sending Frame Type ConReq500M
14:00:25.041 [Main.KeyPTT]  PTT-TRUE
14:00:25.278 Tx Time 1950 Time till end = 1712
14:00:27.150 [Main.KeyPTT]  PTT-FALSE
14:00:29.159 Repeating Last Frame
14:00:29.159 Sending Frame Type ConReq500M
14:00:29.159 [Main.KeyPTT]  PTT-TRUE
14:00:29.401 Tx Time 1950 Time till end = 1707
14:00:31.270 [Main.KeyPTT]  PTT-FALSE
14:00:31.280 Input peaks = -1580, 1943
14:00:33.277 Repeating Last Frame
14:00:33.277 Sending Frame Type ConReq500M
14:00:33.277 [Main.KeyPTT]  PTT-TRUE
14:00:33.515 Tx Time 1950 Time till end = 1712
14:00:35.387 [Main.KeyPTT]  PTT-FALSE
14:00:37.388 Repeating Last Frame
14:00:37.388 Sending Frame Type ConReq500M
14:00:37.389 [Main.KeyPTT]  PTT-TRUE
14:00:37.626 Tx Time 1950 Time till end = 1713
14:00:39.502 [Main.KeyPTT]  PTT-FALSE
14:00:41.506 Repeating Last Frame
14:00:41.506 Sending Frame Type ConReq500M
14:00:41.506 [Main.KeyPTT]  PTT-TRUE
14:00:41.742 Tx Time 1950 Time till end = 1714
14:00:43.615 [Main.KeyPTT]  PTT-FALSE
14:00:43.625 Input peaks = -3640, 1984
14:00:45.627 Repeating Last Frame
14:00:45.627 Sending Frame Type ConReq500M
14:00:45.627 [Main.KeyPTT]  PTT-TRUE
14:00:45.899 Tx Time 1950 Time till end = 1678
14:00:47.737 [Main.KeyPTT]  PTT-FALSE
14:00:49.738 Repeating Last Frame
14:00:49.738 Sending Frame Type ConReq500M
14:00:49.739 [Main.KeyPTT]  PTT-TRUE
14:00:49.974 Tx Time 1950 Time till end = 1715
14:00:51.850 [Main.KeyPTT]  PTT-FALSE
14:00:53.860 Repeating Last Frame
14:00:53.860 Sending Frame Type ConReq500M
14:00:53.860 [Main.KeyPTT]  PTT-TRUE
14:00:54.097 Tx Time 1950 Time till end = 1712
14:00:55.970 [Main.KeyPTT]  PTT-FALSE
14:00:55.980 Input peaks = -2751, 3249
14:00:57.977 Repeating Last Frame
14:00:57.977 Sending Frame Type ConReq500M
14:00:57.977 [Main.KeyPTT]  PTT-TRUE
14:00:58.213 Tx Time 1950 Time till end = 1714
14:01:00.090 [Main.KeyPTT]  PTT-FALSE
14:01:02.099  Command Trace TO Host BUFFER 0
14:01:02.100  Command Trace TO Host BUFFER 0
14:01:02.100  Command Trace TO Host NEWSTATE DISC 
14:01:02.100  Command Trace TO Host STATUS CONNECT TO KB2PCN-5 FAILED!
14:01:02.112 [Command Trace FROM host: ARQBW 500MAX
14:01:02.113  Command Trace TO Host ARQBW now 500MAX
14:01:06.143 Input peaks = -1853, 2157
14:01:16.214 Input peaks = -3033, 3340
14:01:26.297 Input peaks = -1265, 1872
14:01:36.350 Input peaks = -1216, 1734
14:01:46.412 Input peaks = -1271, 1747
14:01:56.458 Input peaks = -1279, 1840
14:02:06.528 Input peaks = -2253, 3335
14:02:16.605 Input peaks = -3702, 3216
14:02:26.633 Input peaks = -2702, 2278
14:02:36.672 Input peaks = -1929, 2057
14:02:46.734 Input peaks = -1492, 2556
14:02:56.815 Input peaks = -2680, 3653
14:03:06.837 Input peaks = -2089, 2382
14:03:16.919 Input peaks = -1256, 1960
14:03:26.972 Input peaks = -1340, 1925
14:03:34.489 [Command Trace FROM host: VERSION
14:03:34.489  Command Trace TO Host VERSION ardopc_2.0.3.2
14:03:34.499 [Command Trace FROM host: ARQBW
14:03:34.499  Command Trace TO Host ARQBW 500MAX
14:03:34.510 [Command Trace FROM host: ARQBW 500MAX
14:03:34.510  Command Trace TO Host ARQBW now 500MAX
14:03:34.521 [Command Trace FROM host: ARQCALL KB2PCN-5 10
14:03:34.522  Command Trace TO Host ARQCALL KB2PCN-5 10
14:03:34.533  Command Trace TO Host NEWSTATE ISS 
14:03:34.533 [SendARQConnectRequest] strMycall=KF0YRY  strTargetCall=KB2PCN-5 bytPendingSessionID=7f
14:03:34.533 Sending Frame Type ConReq500M
14:03:34.533 [Main.KeyPTT]  PTT-TRUE
14:03:34.770 Tx Time 1950 Time till end = 1713
14:03:36.643 [Main.KeyPTT]  PTT-FALSE
14:03:38.644 Repeating Last Frame
14:03:38.644 Sending Frame Type ConReq500M
14:03:38.644 [Main.KeyPTT]  PTT-TRUE
14:03:38.912 Tx Time 1950 Time till end = 1683
14:03:40.752 [Main.KeyPTT]  PTT-FALSE
14:03:40.763 Input peaks = -1275, 1835
14:03:42.759 Repeating Last Frame
14:03:42.759 Sending Frame Type ConReq500M
14:03:42.759 [Main.KeyPTT]  PTT-TRUE
14:03:42.997 Tx Time 1950 Time till end = 1712
14:03:44.877 [Main.KeyPTT]  PTT-FALSE
14:03:46.883 Repeating Last Frame
14:03:46.884 Sending Frame Type ConReq500M
14:03:46.884 [Main.KeyPTT]  PTT-TRUE
14:03:47.121 Tx Time 1950 Time till end = 1713
14:03:48.994 [Main.KeyPTT]  PTT-FALSE
14:03:50.999 Repeating Last Frame
14:03:50.999 Sending Frame Type ConReq500M
14:03:51.000 [Main.KeyPTT]  PTT-TRUE
14:03:51.247 Tx Time 1950 Time till end = 1703
14:03:53.109 [Main.KeyPTT]  PTT-FALSE
14:03:53.120 Input peaks = -32768, 30301
14:03:55.119 Repeating Last Frame
14:03:55.119 Sending Frame Type ConReq500M
14:03:55.119 [Main.KeyPTT]  PTT-TRUE
14:03:55.359 Tx Time 1950 Time till end = 1709
14:03:57.229 [Main.KeyPTT]  PTT-FALSE
14:03:59.237 Repeating Last Frame
14:03:59.237 Sending Frame Type ConReq500M
14:03:59.237 [Main.KeyPTT]  PTT-TRUE
14:03:59.474 Tx Time 1950 Time till end = 1712
14:04:01.347 [Main.KeyPTT]  PTT-FALSE
14:04:03.348 Repeating Last Frame
14:04:03.348 Sending Frame Type ConReq500M
14:04:03.348 [Main.KeyPTT]  PTT-TRUE
14:04:03.586 Tx Time 1950 Time till end = 1713
14:04:05.458 [Main.KeyPTT]  PTT-FALSE
14:04:05.469 Input peaks = -1372, 1694
14:04:07.462 Repeating Last Frame
14:04:07.462 Sending Frame Type ConReq500M
14:04:07.463 [Main.KeyPTT]  PTT-TRUE
14:04:07.732 Tx Time 1950 Time till end = 1682
14:04:09.572 [Main.KeyPTT]  PTT-FALSE
14:04:11.579 Repeating Last Frame
14:04:11.579 Sending Frame Type ConReq500M
14:04:11.579 [Main.KeyPTT]  PTT-TRUE
14:04:11.818 Tx Time 1950 Time till end = 1713
14:04:13.694 [Main.KeyPTT]  PTT-FALSE
14:04:15.698  Command Trace TO Host BUFFER 0
14:04:15.698  Command Trace TO Host BUFFER 0
14:04:15.698  Command Trace TO Host NEWSTATE DISC 
14:04:15.698  Command Trace TO Host STATUS CONNECT TO KB2PCN-5 FAILED!
14:04:15.698 [Command Trace FROM host: ARQBW 500MAX
14:04:15.698  Command Trace TO Host ARQBW now 500MAX
14:04:15.709 Input peaks = -1137, 1641
14:04:25.760 Input peaks = -986, 1514
14:04:35.820 Input peaks = -4149, 3348
14:04:45.909 Input peaks = -1817, 3028
14:04:55.957 Input peaks = -2853, 3287
14:05:06.013 Input peaks = -2785, 2544
14:05:16.065 Input peaks = -2012, 3658
14:05:26.123 Input peaks = -915, 1537
14:05:36.210 Input peaks = -893, 1338
14:05:46.237 Input peaks = -811, 1475
14:05:56.314 Input peaks = -1220, 2005
14:06:06.380 Input peaks = -1078, 2060
14:06:16.433 Input peaks = -1120, 1835
14:06:26.514 Input peaks = -1267, 1652
14:06:36.570 Input peaks = -719, 1322
14:06:46.623 Input peaks = -1333, 1763
14:06:56.675 Input peaks = -1126, 1747
14:07:06.738 Input peaks = -1348, 1821
14:07:16.790 Input peaks = -1276, 1691
14:07:26.855 Input peaks = -1033, 1761
14:07:36.926 Input peaks = -1054, 1581
14:07:46.958 Input peaks = -868, 1565
14:07:56.683 Prior-Offset= 2.260636
14:07:56.788 EnvelopeCorrelator CorMax:MaxProd= 52.187431  J= 314
14:07:56.788 [Acquire2ToneLeaderSymbolFraming] intIatMinError= 2
14:07:57.044 Input peaks = -1088, 1573
14:07:57.188 Frame Decode type 0 6 7b Dist 0.50 0.60 0.49 Sess ff pend 0 conn 0 lastsess 0
14:07:57.188 [Frame Type Decode Fail] Ldr; S:N(3KHz) Early= -15.572800 dB, Full -15.639620 dB, Offset= -17.104734 Hz:  MD Decode;5 Type1=H0, Type2=H6, D1= 0.50, D2= 0.60
14:07:57.188 poor frame type decode
14:08:07.134 Input peaks = -1342, 1684
14:08:17.185 Input peaks = -1200, 1723
14:08:27.237 Input peaks = -1414, 1702
14:08:37.291 Input peaks = -1362, 1701
14:08:41.068 [Command Trace FROM host: VERSION
14:08:41.069  Command Trace TO Host VERSION ardopc_2.0.3.2
14:08:41.069 [Command Trace FROM host: ARQBW
14:08:41.069  Command Trace TO Host ARQBW 500MAX
14:08:41.080 [Command Trace FROM host: ARQBW 500MAX
14:08:41.080  Command Trace TO Host ARQBW now 500MAX
14:08:41.092 [Command Trace FROM host: ARQCALL KB2PCN-5 10
14:08:41.093  Command Trace TO Host ARQCALL KB2PCN-5 10
14:08:41.104  Command Trace TO Host NEWSTATE ISS 
14:08:41.105 [SendARQConnectRequest] strMycall=KF0YRY  strTargetCall=KB2PCN-5 bytPendingSessionID=7f
14:08:41.105 Sending Frame Type ConReq500M
14:08:41.105 [Main.KeyPTT]  PTT-TRUE
14:08:41.350 Tx Time 1950 Time till end = 1703
14:08:43.214 [Main.KeyPTT]  PTT-FALSE
14:08:45.219 Repeating Last Frame
14:08:45.219 Sending Frame Type ConReq500M
14:08:45.219 [Main.KeyPTT]  PTT-TRUE
14:08:45.483 Tx Time 1950 Time till end = 1686
14:08:47.329 [Main.KeyPTT]  PTT-FALSE
14:08:47.340 Input peaks = -1417, 1765
14:08:49.333 Repeating Last Frame
14:08:49.333 Sending Frame Type ConReq500M
14:08:49.333 [Main.KeyPTT]  PTT-TRUE
14:08:49.570 Tx Time 1950 Time till end = 1712
14:08:51.445 [Main.KeyPTT]  PTT-FALSE
14:08:53.452 Repeating Last Frame
14:08:53.452 Sending Frame Type ConReq500M
14:08:53.452 [Main.KeyPTT]  PTT-TRUE
14:08:53.690 Tx Time 1950 Time till end = 1713
14:08:55.561 [Main.KeyPTT]  PTT-FALSE
14:08:57.568 Repeating Last Frame
14:08:57.569 Sending Frame Type ConReq500M
14:08:57.569 [Main.KeyPTT]  PTT-TRUE
14:08:57.808 Tx Time 1950 Time till end = 1712
14:08:59.678 [Main.KeyPTT]  PTT-FALSE
14:08:59.689 Input peaks = -1486, 1721
14:09:01.681 Repeating Last Frame
14:09:01.681 Sending Frame Type ConReq500M
14:09:01.681 [Main.KeyPTT]  PTT-TRUE
14:09:01.917 Tx Time 1950 Time till end = 1714
14:09:03.792 [Main.KeyPTT]  PTT-FALSE
14:09:05.794 Repeating Last Frame
14:09:05.794 Sending Frame Type ConReq500M
14:09:05.794 [Main.KeyPTT]  PTT-TRUE
14:09:06.031 Tx Time 1950 Time till end = 1713
14:09:07.904 [Main.KeyPTT]  PTT-FALSE
14:09:09.634 Prior-Offset= -1.935883
14:09:09.728 EnvelopeCorrelator CorMax:MaxProd= 58.168331  J= 338
14:09:09.728 [Acquire2ToneLeaderSymbolFraming] intIatMinError= -2
14:09:09.913 Repeating Last Frame
14:09:09.913 Sending Frame Type ConReq500M
14:09:09.913 [Main.KeyPTT]  PTT-TRUE
14:09:10.151 Tx Time 1950 Time till end = 1712
14:09:12.023 [Main.KeyPTT]  PTT-FALSE
14:09:12.034 Input peaks = -1438, 1830
14:09:14.026 Repeating Last Frame
14:09:14.026 Sending Frame Type ConReq500M
14:09:14.027 [Main.KeyPTT]  PTT-TRUE
14:09:14.306 Tx Time 1950 Time till end = 1670
14:09:16.135 [Main.KeyPTT]  PTT-FALSE
14:09:18.141 Repeating Last Frame
14:09:18.141 Sending Frame Type ConReq500M
14:09:18.141 [Main.KeyPTT]  PTT-TRUE
14:09:18.378 Tx Time 1950 Time till end = 1711
14:09:20.253 [Main.KeyPTT]  PTT-FALSE
14:09:22.259  Command Trace TO Host BUFFER 0
14:09:22.259  Command Trace TO Host BUFFER 0
14:09:22.259  Command Trace TO Host NEWSTATE DISC 
14:09:22.259  Command Trace TO Host STATUS CONNECT TO KB2PCN-5 FAILED!
14:09:22.270 Input peaks = -2123, 2337
14:09:22.271 [Command Trace FROM host: ARQBW 500MAX
14:09:22.271  Command Trace TO Host ARQBW now 500MAX
14:09:32.317 Input peaks = -1875, 2846
14:09:42.380 Input peaks = -2386, 3205
14:09:52.468 Input peaks = -1174, 1837
14:10:02.486 Input peaks = -1138, 1707
14:10:12.566 Input peaks = -1220, 1659
14:10:22.628 Input peaks = -1399, 1900
14:10:32.692 Input peaks = -1262, 1777
14:10:42.768 Input peaks = -2147, 2376
14:10:52.795 Input peaks = -2097, 2565
14:10:56.976 Prior-Offset= -2.080467
14:10:57.070 EnvelopeCorrelator CorMax:MaxProd= 55.105610  J= 358
14:10:57.070 [Acquire2ToneLeaderSymbolFraming] intIatMinError= -1
14:10:57.370 Frame Decode type f6 1c 64 Dist 0.61 0.57 0.52 Sess ff pend 0 conn 0 lastsess 0
14:10:57.370 [Frame Type Decode Fail] Ldr; S:N(3KHz) Early= -15.750740 dB, Full -12.114518 dB, Offset= 23.837734 Hz:  MD Decode;5 Type1=HF6, Type2=H1C, D1= 0.61, D2= 0.57
14:10:57.370 poor frame type decode
14:11:02.834 Input peaks = -1420, 2917
14:11:12.894 Input peaks = -1276, 2006
14:11:22.924 Input peaks = -1320, 1733
14:11:32.986 Input peaks = -1238, 1689
14:11:42.636 Prior-Offset= -0.609867
14:11:42.740 EnvelopeCorrelator CorMax:MaxProd= 61.627342  J= 193
14:11:42.740 [Acquire2ToneLeaderSymbolFraming] intIatMinError= 0
14:11:43.037 Input peaks = -1297, 1830
14:11:43.038 Frame Decode type a 38 54 Dist 0.54 0.49 0.50 Sess ff pend 0 conn 0 lastsess 0
14:11:43.038 [Frame Type Decode Fail] Ldr; S:N(3KHz) Early= -15.427230 dB, Full -15.684404 dB, Offset= -35.901714 Hz:  MD Decode;5 Type1=HA, Type2=H38, D1= 0.54, D2= 0.49
14:11:43.038 poor frame type decode
14:11:53.085 Input peaks = -1407, 1995
14:12:00.282 GUI Connection lost
14:12:03.184 Input peaks = -1200, 1715
14:12:15.992 ardopc Version 2.0.3.2
14:12:15.993 ARDOPC listening on port 8515
14:12:15.993 Capture Devices

14:12:16.012 Card 0, ID `Headphones', name `bcm2835 Headphones'
14:12:16.012 
14:12:16.012 Card 1, ID `Device', name `USB Audio Device'
14:12:16.012   Device hw:1,0 ID `USB Audio', name `USB Audio', 1 subdevices (1 available)
14:12:16.013     1 channel,  sampling rate 44100..48000 Hz
14:12:16.013 
14:12:16.013 Card 2, ID `vc4hdmi0', name `vc4-hdmi-0'
14:12:16.014 
14:12:16.014 Card 3, ID `vc4hdmi1', name `vc4-hdmi-1'
14:12:16.014 
14:12:16.015 Playback Devices

14:12:16.015 Card 0, ID `Headphones', name `bcm2835 Headphones'
14:12:16.015   Device hw:0,0 ID `bcm2835 Headphones', name `bcm2835 Headphones', 8 subdevices (8 available)
14:12:16.016     1..8 channels, sampling rate 8000..192000 Hz
14:12:16.016 
14:12:16.016 Card 1, ID `Device', name `USB Audio Device'
14:12:16.016   Device hw:1,0 ID `USB Audio', name `USB Audio', 1 subdevices (1 available)
14:12:16.017     2 channels,  sampling rate 44100..48000 Hz
14:12:16.017 
14:12:16.017 Card 2, ID `vc4hdmi0', name `vc4-hdmi-0'
14:12:16.017   Device hw:2,0 ID `MAI PCM i2s-hifi-0', name `MAI PCM i2s-hifi-0', 1 subdevices (1 available)
14:12:16.018 Error -524 opening output device
14:12:16.018 
14:12:16.018 Card 3, ID `vc4hdmi1', name `vc4-hdmi-1'
14:12:16.018   Device hw:3,0 ID `MAI PCM i2s-hifi-0', name `MAI PCM i2s-hifi-0', 1 subdevices (1 available)
14:12:16.019 Error -524 opening output device
14:12:16.019 
14:12:16.019 Opening Playback Device plughw:1,0 Rate 12000
14:12:16.029 Opening Capture Device plughw:1,0 Rate 12000
14:12:16.189 ardopc listening on port 8515
14:12:26.045 Input peaks = -1233, 1928
14:12:36.104 Input peaks = -1260, 1519
14:12:46.151 Input peaks = -1192, 1673
14:12:51.735 ardopc Version 2.0.3.2
14:12:51.736 ARDOPC listening on port 8515
14:12:51.737 Capture Devices

14:12:51.751 Card 0, ID `Headphones', name `bcm2835 Headphones'
14:12:51.752 
14:12:51.752 Card 1, ID `Device', name `USB Audio Device'
14:12:51.752   Device hw:1,0 ID `USB Audio', name `USB Audio', 1 subdevices (1 available)
14:12:51.752     1 channel,  sampling rate 44100..48000 Hz
14:12:51.752 
14:12:51.753 Card 2, ID `vc4hdmi0', name `vc4-hdmi-0'
14:12:51.753 
14:12:51.753 Card 3, ID `vc4hdmi1', name `vc4-hdmi-1'
14:12:51.753 
14:12:51.753 Playback Devices

14:12:51.754 Card 0, ID `Headphones', name `bcm2835 Headphones'
14:12:51.754   Device hw:0,0 ID `bcm2835 Headphones', name `bcm2835 Headphones', 8 subdevices (8 available)
14:12:51.754     1..8 channels, sampling rate 8000..192000 Hz
14:12:51.755 
14:12:51.755 Card 1, ID `Device', name `USB Audio Device'
14:12:51.755   Device hw:1,0 ID `USB Audio', name `USB Audio', 1 subdevices (1 available)
14:12:51.755     2 channels,  sampling rate 44100..48000 Hz
14:12:51.755 
14:12:51.755 Card 2, ID `vc4hdmi0', name `vc4-hdmi-0'
14:12:51.755   Device hw:2,0 ID `MAI PCM i2s-hifi-0', name `MAI PCM i2s-hifi-0', 1 subdevices (1 available)
14:12:51.756 Error -524 opening output device
14:12:51.756 
14:12:51.756 Card 3, ID `vc4hdmi1', name `vc4-hdmi-1'
14:12:51.756   Device hw:3,0 ID `MAI PCM i2s-hifi-0', name `MAI PCM i2s-hifi-0', 1 subdevices (1 available)
14:12:51.756 Error -524 opening output device
14:12:51.757 
14:12:51.757 Opening Playback Device plughw:1,0 Rate 12000
14:12:51.766 Opening Capture Device plughw:1,0 Rate 12000
14:12:51.930 ardopc listening on port 8515
14:13:01.840 Input peaks = -1417, 1604
14:13:02.772 GUI Connected from Address 127.0.0.1
14:13:11.901 Input peaks = -1189, 1879
14:13:21.958 Input peaks = -1248, 1731
14:13:32.037 Input peaks = -2263, 3444
14:13:39.655 Prior-Offset= 1.289024
14:13:39.759 EnvelopeCorrelator CorMax:MaxProd= 58.040565  J= 3
14:13:39.759 [Acquire2ToneLeaderSymbolFraming] intIatMinError= -1
14:13:40.051 Frame Decode type 35 8 f7 Dist 0.46 0.53 0.53 Sess ff pend 0 conn 0 lastsess 0
14:13:40.051 [Frame Type Decode Fail] Ldr; S:N(3KHz) Early= -14.208410 dB, Full -15.108942 dB, Offset= -96.535004 Hz:  MD Decode;5 Type1=H35, Type2=H8, D1= 0.46, D2= 0.53
14:13:40.051 poor frame type decode
14:13:42.070 Input peaks = -2863, 3921
14:13:52.143 Input peaks = -1260, 1803
14:13:53.317 [AddTagToDataAndSendToHost] bytes=10 Tag IDF
14:13:53.317 00 00 00 00 00 00 00 00 00 00 00 00 00 00 00 00 00 00 
14:13:53.317 Sending Frame Type IDFrame
14:13:53.317 [Main.KeyPTT]  PTT-TRUE
14:13:53.542 Tx Time 670 Time till end = 445
14:13:54.149 [Main.KeyPTT]  PTT-FALSE
14:14:02.207 Input peaks = -1141, 1713
14:14:12.270 Input peaks = -1484, 1750
14:14:22.317 Input peaks = -1249, 1686
14:14:32.409 Input peaks = -1503, 1789
14:14:42.468 Input peaks = -1169, 1644
14:14:52.524 Input peaks = -1248, 1975
14:15:02.575 Input peaks = -1369, 1666
14:15:12.632 Input peaks = -1470, 1767
14:15:22.684 Input peaks = -1212, 1878
14:15:32.024 Prior-Offset= 0.159355
14:15:32.118 EnvelopeCorrelator CorMax:MaxProd= 65.513260  J= 357
14:15:32.119 [Acquire2ToneLeaderSymbolFraming] intIatMinError= -1
14:15:32.621 Frame Decode type 29 fd 2 Dist 0.48 0.59 0.59 Sess ff pend 0 conn 0 lastsess 0
14:15:32.621 [Frame Type Decode Fail] Ldr; S:N(3KHz) Early= -12.752468 dB, Full -15.627661 dB, Offset= -13.370058 Hz:  MD Decode;5 Type1=H29, Type2=HFD, D1= 0.48, D2= 0.59
14:15:32.621 poor frame type decode
14:15:32.735 Input peaks = -1360, 1715
14:15:42.793 Input peaks = -1310, 1864
14:15:52.877 Input peaks = -1, 16
14:16:02.935 Input peaks = 0, 17
14:16:12.999 Input peaks = 0, 18
14:16:23.089 Input peaks = 0, 20
14:16:33.147 Input peaks = 0, 18
14:16:43.235 Input peaks = 0, 18
14:16:53.303 Input peaks = 0, 19
14:17:03.384 Input peaks = 0, 19
14:17:13.413 Input peaks = 0, 20
14:17:23.489 Input peaks = 0, 20
14:17:33.544 Input peaks = 0, 19
14:17:43.605 Input peaks = 0, 20
14:17:53.645 Input peaks = 0, 18
14:18:03.701 Input peaks = 0, 18
14:18:13.758 Input peaks = 0, 19
14:18:23.799 Input peaks = 0, 21
14:18:33.821 Input peaks = 0, 19
14:18:43.862 Input peaks = 0, 19
14:18:53.913 Input peaks = 0, 19
14:19:03.956 Input peaks = 0, 20
14:19:14.019 Input peaks = 0, 19
14:19:24.065 Input peaks = 0, 20
14:19:34.125 Input peaks = 0, 21
14:19:44.165 Input peaks = 0, 19
14:19:54.217 Input peaks = 0, 20
14:20:04.235 Input peaks = 0, 20
14:20:14.331 Input peaks = 0, 21
14:20:24.384 Input peaks = 0, 20
14:20:34.479 Input peaks = 0, 19
14:20:44.547 Input peaks = 0, 18
14:20:54.636 Input peaks = 0, 21
14:21:04.687 Input peaks = 0, 22
14:21:14.756 Input peaks = 0, 23
14:21:24.824 Input peaks = 0, 21
14:21:34.884 Input peaks = 0, 22
14:21:44.947 Input peaks = 0, 23
14:21:55.000 Input peaks = 0, 23
14:22:05.059 Input peaks = -3567, 2231
14:22:15.423 ardopc Version 2.0.3.2
14:22:15.423 ARDOPC listening on port 8515
14:22:15.423 Capture Devices

14:22:15.444 Card 0, ID `Headphones', name `bcm2835 Headphones'
14:22:15.444 
14:22:15.444 Card 1, ID `Device', name `USB Audio Device'
14:22:15.444   Device hw:1,0 ID `USB Audio', name `USB Audio', 1 subdevices (1 available)
14:22:15.445     1 channel,  sampling rate 44100..48000 Hz
14:22:15.445 
14:22:15.445 Card 2, ID `vc4hdmi0', name `vc4-hdmi-0'
14:22:15.445 
14:22:15.445 Card 3, ID `vc4hdmi1', name `vc4-hdmi-1'
14:22:15.445 
14:22:15.446 Playback Devices

14:22:15.446 Card 0, ID `Headphones', name `bcm2835 Headphones'
14:22:15.446   Device hw:0,0 ID `bcm2835 Headphones', name `bcm2835 Headphones', 8 subdevices (8 available)
14:22:15.447     1..8 channels, sampling rate 8000..192000 Hz
14:22:15.450 
14:22:15.450 Card 1, ID `Device', name `USB Audio Device'
14:22:15.450   Device hw:1,0 ID `USB Audio', name `USB Audio', 1 subdevices (1 available)
14:22:15.451     2 channels,  sampling rate 44100..48000 Hz
14:22:15.451 
14:22:15.452 Card 2, ID `vc4hdmi0', name `vc4-hdmi-0'
14:22:15.452   Device hw:2,0 ID `MAI PCM i2s-hifi-0', name `MAI PCM i2s-hifi-0', 1 subdevices (1 available)
14:22:15.452 Error -524 opening output device
14:22:15.452 
14:22:15.452 Card 3, ID `vc4hdmi1', name `vc4-hdmi-1'
14:22:15.452   Device hw:3,0 ID `MAI PCM i2s-hifi-0', name `MAI PCM i2s-hifi-0', 1 subdevices (1 available)
14:22:15.453 Error -524 opening output device
14:22:15.453 
14:22:15.453 Opening Playback Device plughw:1,0 Rate 12000
14:22:15.464 Opening Capture Device plughw:1,0 Rate 12000
14:22:15.625 ardopc listening on port 8515
14:22:25.446 Input peaks = -1077, 1637
14:22:26.277 GUI Connected from Address 127.0.0.1
14:22:35.537 Input peaks = -1144, 1519
14:22:35.758 Host Control Session Connected
14:22:35.759 Host Data Session Connected
14:22:35.759 [Command Trace FROM host: INITIALIZE
14:22:35.759  Command Trace TO Host BUFFER 0
14:22:35.759  Command Trace TO Host INITIALIZE
14:22:35.769 [Command Trace FROM host: STATE
14:22:35.769  Command Trace TO Host STATE DISC
14:22:35.782 [Command Trace FROM host: PROTOCOLMODE ARQ
14:22:35.782  Command Trace TO Host PROTOCOLMODE now ARQ
14:22:35.795 [Command Trace FROM host: ARQTIMEOUT 90
14:22:35.795  Command Trace TO Host ARQTIMEOUT now 90
14:22:35.805 [Command Trace FROM host: LISTEN FALSE
14:22:35.805  Command Trace TO Host LISTEN now FALSE
14:22:35.816 [Command Trace FROM host: MYCALL KF0YRY
14:22:35.816  Command Trace TO Host MYCALL now KF0YRY
14:22:35.816 [Command Trace FROM host: GRIDSQUARE DM69
14:22:35.817  Command Trace TO Host GRIDSQUARE now DM69
14:22:35.827 [Command Trace FROM host: ARQBW 500MAX
14:22:35.827  Command Trace TO Host ARQBW now 500MAX
14:22:35.828 [Command Trace FROM host: CWID TRUE
14:22:35.828  Command Trace TO Host CWID now TRUE
14:22:35.842 [Command Trace FROM host: VERSION
14:22:35.842  Command Trace TO Host VERSION ardopc_2.0.3.2
14:22:35.854 [Command Trace FROM host: ARQBW
14:22:35.855  Command Trace TO Host ARQBW 500MAX
14:22:35.855 [Command Trace FROM host: ARQBW 500MAX
14:22:35.855  Command Trace TO Host ARQBW now 500MAX
14:22:35.867 [Command Trace FROM host: ARQCALL KB2PCN-5 10
14:22:35.867  Command Trace TO Host ARQCALL KB2PCN-5 10
14:22:35.878  Command Trace TO Host NEWSTATE ISS 
14:22:35.878 [SendARQConnectRequest] strMycall=KF0YRY  strTargetCall=KB2PCN-5 bytPendingSessionID=7f
14:22:35.878 Sending Frame Type ConReq500M
14:22:35.878 [Main.KeyPTT]  PTT-TRUE
14:22:36.146 Tx Time 1950 Time till end = 1682
14:22:37.986 [Main.KeyPTT]  PTT-FALSE
14:22:39.991 Repeating Last Frame
14:22:39.991 Sending Frame Type ConReq500M
14:22:39.992 [Main.KeyPTT]  PTT-TRUE
14:22:40.229 Tx Time 1950 Time till end = 1713
14:22:42.104 [Main.KeyPTT]  PTT-FALSE
14:22:44.107 Repeating Last Frame
14:22:44.107 Sending Frame Type ConReq500M
14:22:44.108 [Main.KeyPTT]  PTT-TRUE
14:22:44.346 Tx Time 1950 Time till end = 1710
14:22:46.218 [Main.KeyPTT]  PTT-FALSE
14:22:46.228 Input peaks = -1359, 1700
14:22:48.225 Repeating Last Frame
14:22:48.225 Sending Frame Type ConReq500M
14:22:48.225 [Main.KeyPTT]  PTT-TRUE
14:22:48.463 Tx Time 1950 Time till end = 1712
14:22:50.336 [Main.KeyPTT]  PTT-FALSE
14:22:52.339 Repeating Last Frame
14:22:52.339 Sending Frame Type ConReq500M
14:22:52.339 [Main.KeyPTT]  PTT-TRUE
14:22:52.579 Tx Time 1950 Time till end = 1712
14:22:54.449 [Main.KeyPTT]  PTT-FALSE
14:22:56.455 Repeating Last Frame
14:22:56.455 Sending Frame Type ConReq500M
14:22:56.455 [Main.KeyPTT]  PTT-TRUE
14:22:56.690 Tx Time 1950 Time till end = 1715
14:22:58.567 [Main.KeyPTT]  PTT-FALSE
14:22:58.578 Input peaks = -1150, 1601
14:23:00.579 Repeating Last Frame
14:23:00.579 Sending Frame Type ConReq500M
14:23:00.579 [Main.KeyPTT]  PTT-TRUE
14:23:00.814 Tx Time 1950 Time till end = 1715
14:23:02.691 [Main.KeyPTT]  PTT-FALSE
14:23:04.693 Repeating Last Frame
14:23:04.693 Sending Frame Type ConReq500M
14:23:04.693 [Main.KeyPTT]  PTT-TRUE
14:23:04.959 Tx Time 1950 Time till end = 1685
14:23:06.802 [Main.KeyPTT]  PTT-FALSE
14:23:08.809 Repeating Last Frame
14:23:08.809 Sending Frame Type ConReq500M
14:23:08.810 [Main.KeyPTT]  PTT-TRUE
14:23:09.046 Tx Time 1950 Time till end = 1714
14:23:10.920 [Main.KeyPTT]  PTT-FALSE
14:23:10.933 Input peaks = -1108, 1682
14:23:12.923 Repeating Last Frame
14:23:12.923 Sending Frame Type ConReq500M
14:23:12.924 [Main.KeyPTT]  PTT-TRUE
14:23:13.161 Tx Time 1950 Time till end = 1712
14:23:15.034 [Main.KeyPTT]  PTT-FALSE
14:23:17.034  Command Trace TO Host BUFFER 0
14:23:17.034  Command Trace TO Host BUFFER 0
14:23:17.034  Command Trace TO Host NEWSTATE DISC 
14:23:17.034  Command Trace TO Host STATUS CONNECT TO KB2PCN-5 FAILED!
14:23:17.034 [Command Trace FROM host: ARQBW 500MAX
14:23:17.034  Command Trace TO Host ARQBW now 500MAX
14:23:21.095 Input peaks = -2849, 4105
14:23:31.159 Input peaks = -2507, 2469
14:23:41.205 Input peaks = -1068, 1666
14:23:42.237 Prior-Offset= -1.199013
14:23:42.341 EnvelopeCorrelator CorMax:MaxProd= 67.302673  J= 176
14:23:42.341 [Acquire2ToneLeaderSymbolFraming] intIatMinError= -1
14:23:42.547 Frame Decode type 7a f9 6 Dist 0.51 0.54 0.54 Sess ff pend 0 conn 0 lastsess 0
14:23:42.547 [Frame Type Decode Fail] Ldr; S:N(3KHz) Early= -13.099865 dB, Full -14.093053 dB, Offset= 81.764565 Hz:  MD Decode;5 Type1=H7A, Type2=HF9, D1= 0.51, D2= 0.54
14:23:42.547 poor frame type decode
14:23:51.268 Input peaks = -1278, 1766
14:25:03.846 ardopc Version 2.0.3.2
14:25:03.846 ARDOPC listening on port 8515
14:25:03.846 Capture Devices

14:25:03.864 Card 0, ID `Headphones', name `bcm2835 Headphones'
14:25:03.864 
14:25:03.864 Card 1, ID `Device', name `USB Audio Device'
14:25:03.864   Device hw:1,0 ID `USB Audio', name `USB Audio', 1 subdevices (1 available)
14:25:03.864     1 channel,  sampling rate 44100..48000 Hz
14:25:03.864 
14:25:03.865 Card 2, ID `vc4hdmi0', name `vc4-hdmi-0'
14:25:03.865 
14:25:03.865 Card 3, ID `vc4hdmi1', name `vc4-hdmi-1'
14:25:03.865 
14:25:03.865 Playback Devices

14:25:03.866 Card 0, ID `Headphones', name `bcm2835 Headphones'
14:25:03.866   Device hw:0,0 ID `bcm2835 Headphones', name `bcm2835 Headphones', 8 subdevices (8 available)
14:25:03.866     1..8 channels, sampling rate 8000..192000 Hz
14:25:03.866 
14:25:03.867 Card 1, ID `Device', name `USB Audio Device'
14:25:03.867   Device hw:1,0 ID `USB Audio', name `USB Audio', 1 subdevices (1 available)
14:25:03.867     2 channels,  sampling rate 44100..48000 Hz
14:25:03.867 
14:25:03.867 Card 2, ID `vc4hdmi0', name `vc4-hdmi-0'
14:25:03.867   Device hw:2,0 ID `MAI PCM i2s-hifi-0', name `MAI PCM i2s-hifi-0', 1 subdevices (1 available)
14:25:03.867 Error -524 opening output device
14:25:03.868 
14:25:03.868 Card 3, ID `vc4hdmi1', name `vc4-hdmi-1'
14:25:03.868   Device hw:3,0 ID `MAI PCM i2s-hifi-0', name `MAI PCM i2s-hifi-0', 1 subdevices (1 available)
14:25:03.868 Error -524 opening output device
14:25:03.868 
14:25:03.868 Opening Playback Device plughw:1,0 Rate 12000
14:25:03.877 Opening Capture Device plughw:1,0 Rate 12000
14:25:04.037 ardopc listening on port 8515
14:25:13.906 Input peaks = -1163, 1672
14:25:14.778 GUI Connected from Address 127.0.0.1
14:25:23.430 Host Control Session Connected
14:25:23.430 Host Data Session Connected
14:25:23.430 [Command Trace FROM host: INITIALIZE
14:25:23.430  Command Trace TO Host BUFFER 0
14:25:23.430  Command Trace TO Host INITIALIZE
14:25:23.443 [Command Trace FROM host: STATE
14:25:23.443  Command Trace TO Host STATE DISC
14:25:23.444 [Command Trace FROM host: PROTOCOLMODE ARQ
14:25:23.444  Command Trace TO Host PROTOCOLMODE now ARQ
14:25:23.455 [Command Trace FROM host: ARQTIMEOUT 90
14:25:23.456  Command Trace TO Host ARQTIMEOUT now 90
14:25:23.467 [Command Trace FROM host: LISTEN FALSE
14:25:23.467  Command Trace TO Host LISTEN now FALSE
14:25:23.478 [Command Trace FROM host: MYCALL KF0YRY
14:25:23.478  Command Trace TO Host MYCALL now KF0YRY
14:25:23.478 [Command Trace FROM host: GRIDSQUARE DM69
14:25:23.478  Command Trace TO Host GRIDSQUARE now DM69
14:25:23.489 [Command Trace FROM host: ARQBW 500MAX
14:25:23.489  Command Trace TO Host ARQBW now 500MAX
14:25:23.501 [Command Trace FROM host: CWID TRUE
14:25:23.501  Command Trace TO Host CWID now TRUE
14:25:23.512 [Command Trace FROM host: VERSION
14:25:23.512  Command Trace TO Host VERSION ardopc_2.0.3.2
14:25:23.523 [Command Trace FROM host: ARQBW
14:25:23.523  Command Trace TO Host ARQBW 500MAX
14:25:23.533 [Command Trace FROM host: ARQBW 500MAX
14:25:23.533  Command Trace TO Host ARQBW now 500MAX
14:25:23.545 [Command Trace FROM host: ARQCALL KB2PCN-5 10
14:25:23.545  Command Trace TO Host ARQCALL KB2PCN-5 10
14:25:23.558  Command Trace TO Host NEWSTATE ISS 
14:25:23.558 [SendARQConnectRequest] strMycall=KF0YRY  strTargetCall=KB2PCN-5 bytPendingSessionID=7f
14:25:23.558 Sending Frame Type ConReq500M
14:25:23.558 [Main.KeyPTT]  PTT-TRUE
14:25:23.806 Tx Time 1950 Time till end = 1702
14:25:25.667 [Main.KeyPTT]  PTT-FALSE
14:25:25.678 Input peaks = -1868, 1982
14:25:27.675 Repeating Last Frame
14:25:27.675 Sending Frame Type ConReq500M
14:25:27.675 [Main.KeyPTT]  PTT-TRUE
14:25:27.911 Tx Time 1950 Time till end = 1715
14:25:29.785 [Main.KeyPTT]  PTT-FALSE
14:25:31.791 Repeating Last Frame
14:25:31.791 Sending Frame Type ConReq500M
14:25:31.791 [Main.KeyPTT]  PTT-TRUE
14:25:32.026 Tx Time 1950 Time till end = 1716
14:25:33.901 [Main.KeyPTT]  PTT-FALSE
14:25:35.906 Repeating Last Frame
14:25:35.906 Sending Frame Type ConReq500M
14:25:35.906 [Main.KeyPTT]  PTT-TRUE
14:25:36.142 Tx Time 1950 Time till end = 1714
14:25:38.016 [Main.KeyPTT]  PTT-FALSE
14:25:38.027 Input peaks = -2962, 2570
14:25:40.019 Repeating Last Frame
14:25:40.020 Sending Frame Type ConReq500M
14:25:40.020 [Main.KeyPTT]  PTT-TRUE
14:25:40.283 Tx Time 1950 Time till end = 1686
14:25:42.130 [Main.KeyPTT]  PTT-FALSE
14:25:44.137 Repeating Last Frame
14:25:44.137 Sending Frame Type ConReq500M
14:25:44.137 [Main.KeyPTT]  PTT-TRUE
14:25:44.374 Tx Time 1950 Time till end = 1713
14:25:46.251 [Main.KeyPTT]  PTT-FALSE
14:25:48.252 Repeating Last Frame
14:25:48.252 Sending Frame Type ConReq500M
14:25:48.252 [Main.KeyPTT]  PTT-TRUE
14:25:48.491 Tx Time 1950 Time till end = 1711
14:25:50.361 [Main.KeyPTT]  PTT-FALSE
14:25:50.372 Input peaks = -1371, 1850
14:25:52.365 Repeating Last Frame
14:25:52.365 Sending Frame Type ConReq500M
14:25:52.365 [Main.KeyPTT]  PTT-TRUE
14:25:52.611 Tx Time 1950 Time till end = 1705
14:25:54.475 [Main.KeyPTT]  PTT-FALSE
14:25:56.481 Repeating Last Frame
14:25:56.481 Sending Frame Type ConReq500M
14:25:56.481 [Main.KeyPTT]  PTT-TRUE
14:25:56.718 Tx Time 1950 Time till end = 1712
14:25:58.591 [Main.KeyPTT]  PTT-FALSE
14:26:00.599 Repeating Last Frame
14:26:00.600 Sending Frame Type ConReq500M
14:26:00.600 [Main.KeyPTT]  PTT-TRUE
14:26:00.838 Tx Time 1950 Time till end = 1712
14:26:02.711 [Main.KeyPTT]  PTT-FALSE
14:26:02.721 Input peaks = -1365, 1930
14:26:04.714  Command Trace TO Host BUFFER 0
14:26:04.714  Command Trace TO Host BUFFER 0
14:26:04.714  Command Trace TO Host NEWSTATE DISC 
14:26:04.714  Command Trace TO Host STATUS CONNECT TO KB2PCN-5 FAILED!
14:26:04.714 [Command Trace FROM host: ARQBW 500MAX
14:26:04.714  Command Trace TO Host ARQBW now 500MAX
14:26:12.764 Input peaks = -1174, 1756
14:26:22.822 Input peaks = -1250, 1831
14:26:32.847 Input peaks = -1402, 1839
14:26:42.932 Input peaks = -1155, 1647
14:26:44.337 Prior-Offset= -0.147913
14:26:44.432 EnvelopeCorrelator CorMax:MaxProd= 61.017597  J= 91
14:26:44.432 [Acquire2ToneLeaderSymbolFraming] intIatMinError= -1
14:26:45.130 Frame Decode type 33 61 2e Dist 0.55 0.59 0.60 Sess ff pend 0 conn 0 lastsess 0
14:26:45.130 [Frame Type Decode Fail] Ldr; S:N(3KHz) Early= -15.375271 dB, Full -12.167451 dB, Offset= 17.905344 Hz:  MD Decode;5 Type1=H33, Type2=H61, D1= 0.55, D2= 0.59
14:26:45.131 poor frame type decode
14:26:52.972 Input peaks = -1159, 1703
14:27:03.028 Input peaks = -1214, 1729
14:27:13.072 Input peaks = -1188, 1563
14:27:23.127 Input peaks = -1117, 1680
14:27:33.155 Input peaks = -1145, 1728
14:27:43.243 Input peaks = -2991, 3150
14:27:53.297 Input peaks = -1762, 2215
14:28:03.388 Input peaks = -1860, 2716
14:28:13.440 Input peaks = -1230, 1656
14:28:23.501 Input peaks = -1236, 1605
14:28:33.563 Input peaks = -1108, 1727
14:28:43.607 Input peaks = -1203, 1904
14:28:53.693 Input peaks = -1230, 1913
14:29:03.798 Input peaks = -1214, 1616
14:29:13.859 Input peaks = -1325, 1653
14:29:23.949 Input peaks = -1158, 1707
14:29:34.009 Input peaks = -1106, 1550
14:29:44.063 Input peaks = -1043, 1477
14:29:54.103 Input peaks = -1199, 1829
14:30:04.172 Input peaks = -1233, 1724
14:30:14.261 Input peaks = -1210, 1860
14:30:24.310 Input peaks = -1199, 1715
14:30:34.379 Input peaks = -1130, 1828
14:30:44.463 Input peaks = -1261, 1750
14:30:54.523 Input peaks = -1023, 1668
14:31:04.585 Input peaks = -1213, 1851
14:31:14.684 Input peaks = -1106, 1889
14:31:24.778 Input peaks = -1268, 1685
14:31:28.972 Prior-Offset= 2.977051
14:31:29.067 EnvelopeCorrelator CorMax:MaxProd= 52.472668  J= 158
14:31:29.067 [Acquire2ToneLeaderSymbolFraming] intIatMinError= 0
14:31:29.375 Frame Decode type 49 40 ff Dist 0.49 0.60 0.63 Sess ff pend 0 conn 0 lastsess 0
14:31:29.375 [Frame Type Decode Fail] Ldr; S:N(3KHz) Early= -15.545588 dB, Full -13.573288 dB, Offset= -82.063148 Hz:  MD Decode;5 Type1=H49, Type2=H40, D1= 0.49, D2= 0.60
14:31:29.375 poor frame type decode
14:31:34.835 Input peaks = -1173, 1724
14:31:44.885 Input peaks = -1340, 1766
14:31:54.936 Input peaks = -1160, 1770
14:32:05.035 Input peaks = -1169, 1708
14:32:07.073 Prior-Offset= -0.381934
14:32:07.177 EnvelopeCorrelator CorMax:MaxProd= 57.342804  J= 6
14:32:07.177 [Acquire2ToneLeaderSymbolFraming] intIatMinError= 2
14:32:07.372 Frame Decode type 0 fe 1 Dist 0.43 0.40 0.40 Sess ff pend 0 conn 0 lastsess 0
14:32:07.372 [Frame Type Decode Fail] Ldr; S:N(3KHz) Early= -11.046363 dB, Full -14.894401 dB, Offset= 0.691947 Hz:  MD Decode;5 Type1=H0, Type2=HFE, D1= 0.43, D2= 0.40
14:32:07.372 poor frame type decode
14:32:15.095 Input peaks = -1212, 1809
14:32:25.142 Input peaks = -1363, 1988
14:32:35.203 Input peaks = -1177, 1663
14:32:45.292 Input peaks = -3962, 1897
14:32:55.343 Input peaks = -1245, 1812
14:33:05.401 Input peaks = -1342, 1607
14:33:15.486 Input peaks = -1265, 1696
14:33:25.542 Input peaks = -1233, 1649
14:33:35.593 Input peaks = -1160, 1703
14:33:45.640 Input peaks = -1229, 1801
14:33:55.658 Input peaks = -1228, 1578
14:34:05.756 Input peaks = -1172, 1754
14:34:15.821 Input peaks = -1259, 1799
14:34:25.904 Input peaks = -1307, 1856
14:34:35.949 Input peaks = -1704, 1641
14:34:40.467 Prior-Offset= -1.186470
14:34:40.566 EnvelopeCorrelator CorMax:MaxProd= 60.783615  J= 208
14:34:40.566 [Acquire2ToneLeaderSymbolFraming] intIatMinError= 0
14:34:41.060 Frame Decode type e2 49 72 Dist 0.50 0.58 0.61 Sess ff pend 0 conn 0 lastsess 0
14:34:41.060 [Frame Type Decode Fail] Ldr; S:N(3KHz) Early= -13.135046 dB, Full -15.502657 dB, Offset= -29.353861 Hz:  MD Decode;5 Type1=HE2, Type2=H49, D1= 0.50, D2= 0.58
14:34:41.060 poor frame type decode
14:34:46.021 Input peaks = -1418, 1653
14:34:56.104 Input peaks = -1039, 1915
14:35:06.154 Input peaks = -1115, 1568
14:35:09.917 Prior-Offset= -1.249603
14:35:10.022 EnvelopeCorrelator CorMax:MaxProd= 57.524918  J= 136
14:35:10.023 [Acquire2ToneLeaderSymbolFraming] intIatMinError= -2
14:35:10.221 Frame Decode type 62 4a 65 Dist 0.56 0.64 0.58 Sess ff pend 0 conn 0 lastsess 0
14:35:10.221 [Frame Type Decode Fail] Ldr; S:N(3KHz) Early= -11.206153 dB, Full -13.981727 dB, Offset= -74.852287 Hz:  MD Decode;5 Type1=H62, Type2=H4A, D1= 0.56, D2= 0.64
14:35:10.221 poor frame type decode
14:35:16.218 Input peaks = -1219, 1694
14:35:26.269 Input peaks = -1041, 1788
14:35:36.333 Input peaks = -1102, 1654
14:35:44.017 Prior-Offset= -0.783287
14:35:44.116 EnvelopeCorrelator CorMax:MaxProd= 56.551956  J= 358
14:35:44.116 [Acquire2ToneLeaderSymbolFraming] intIatMinError= -2
14:35:44.418 Frame Decode type 33 3e e3 Dist 0.40 0.59 0.59 Sess ff pend 0 conn 0 lastsess 0
14:35:44.418 [Frame Type Decode Fail] Ldr; S:N(3KHz) Early= -13.362152 dB, Full -15.329228 dB, Offset= -47.115368 Hz:  MD Decode;5 Type1=H33, Type2=H3E, D1= 0.40, D2= 0.59
14:35:44.418 poor frame type decode
14:35:46.427 Input peaks = -1114, 1744
14:35:52.760 Prior-Offset= -0.509216
14:35:52.865 EnvelopeCorrelator CorMax:MaxProd= 61.757946  J= 0
14:35:52.865 [Acquire2ToneLeaderSymbolFraming] intIatMinError= 1
14:35:53.060 Frame Decode type e4 f7 8 Dist 0.49 0.41 0.41 Sess ff pend 0 conn 0 lastsess 0
14:35:53.060 [Frame Type Decode Fail] Ldr; S:N(3KHz) Early= -15.782951 dB, Full -14.415701 dB, Offset= -82.176041 Hz:  MD Decode;5 Type1=HE4, Type2=HF7, D1= 0.49, D2= 0.41
14:35:53.060 poor frame type decode
14:35:56.514 Input peaks = -1142, 1539
14:35:56.665 Prior-Offset= -0.289764
14:35:56.770 EnvelopeCorrelator CorMax:MaxProd= 61.002205  J= 85
14:35:56.770 [Acquire2ToneLeaderSymbolFraming] intIatMinError= -1
14:35:57.170 Frame Decode type d0 11 62 Dist 0.58 0.57 0.56 Sess ff pend 0 conn 0 lastsess 0
14:35:57.170 [Frame Type Decode Fail] Ldr; S:N(3KHz) Early= -12.994461 dB, Full -11.779322 dB, Offset= -82.932251 Hz:  MD Decode;5 Type1=HD0, Type2=H11, D1= 0.58, D2= 0.57
14:35:57.170 poor frame type decode
14:36:06.541 Input peaks = -1180, 1530
14:36:16.619 Input peaks = -1031, 1676
14:36:26.641 Input peaks = -2418, 3241
14:36:36.719 Input peaks = -1274, 1605
14:36:46.784 Input peaks = -1169, 1906
14:36:56.872 Input peaks = -1127, 1734
14:37:04.873 Prior-Offset= -0.404011
14:37:04.979 EnvelopeCorrelator CorMax:MaxProd= 46.683720  J= 3
14:37:04.979 [Acquire2ToneLeaderSymbolFraming] intIatMinError= 1
14:37:05.372 Frame Decode type 49 3a e5 Dist 0.53 0.62 0.64 Sess ff pend 0 conn 0 lastsess 0
14:37:05.372 [Frame Type Decode Fail] Ldr; S:N(3KHz) Early= -14.576099 dB, Full -15.011107 dB, Offset= -32.341442 Hz:  MD Decode;5 Type1=H49, Type2=H3A, D1= 0.53, D2= 0.62
14:37:05.372 poor frame type decode
14:37:06.932 Input peaks = -1249, 1765
14:37:16.988 Input peaks = -1072, 1611
14:37:27.084 Input peaks = -1140, 1756
14:37:37.182 Input peaks = -1344, 1711
14:37:47.237 Input peaks = -1064, 1801
14:37:57.294 Input peaks = -1223, 1571
14:38:07.364 Input peaks = -1117, 1712
14:38:17.434 Input peaks = -1217, 1775
14:38:23.091 Prior-Offset= 0.327482
14:38:23.195 EnvelopeCorrelator CorMax:MaxProd= 56.812061  J= 2
14:38:23.195 [Acquire2ToneLeaderSymbolFraming] intIatMinError= 1
14:38:23.390 Frame Decode type 46 35 7b Dist 0.52 0.59 0.55 Sess ff pend 0 conn 0 lastsess 0
14:38:23.390 [Frame Type Decode Fail] Ldr; S:N(3KHz) Early= -10.063082 dB, Full -14.198691 dB, Offset= -21.253036 Hz:  MD Decode;5 Type1=H46, Type2=H35, D1= 0.52, D2= 0.59
14:38:23.391 poor frame type decode
14:38:27.453 Input peaks = -1277, 1645
14:38:37.543 Input peaks = -1771, 1664
14:38:47.590 Input peaks = -2427, 3193
14:38:57.655 Input peaks = -3009, 4018
14:39:07.694 Input peaks = -4155, 4207
14:39:17.766 Input peaks = -1203, 1825
14:39:27.815 Input peaks = -1112, 1670
14:39:37.875 Input peaks = -1071, 1736
14:39:47.952 Input peaks = -1076, 1588
14:39:58.012 Input peaks = -1120, 1890
14:40:08.084 Input peaks = -1417, 1698
14:40:18.167 Input peaks = -1244, 1938
14:40:28.223 Input peaks = -1212, 1712
14:40:36.162 Prior-Offset= -0.558128
14:40:36.267 EnvelopeCorrelator CorMax:MaxProd= 58.394485  J= 244
14:40:36.267 [Acquire2ToneLeaderSymbolFraming] intIatMinError= 0
14:40:36.565 Frame Decode type 4a 45 3a Dist 0.48 0.54 0.54 Sess ff pend 0 conn 0 lastsess 0
14:40:36.565 [Frame Type Decode Fail] Ldr; S:N(3KHz) Early= -9.980764 dB, Full -13.765751 dB, Offset= -89.520302 Hz:  MD Decode;5 Type1=H4A, Type2=H45, D1= 0.48, D2= 0.54
14:40:36.565 poor frame type decode
14:40:38.308 Input peaks = -1266, 1688
14:40:48.376 Input peaks = -1159, 1806
14:40:58.467 Input peaks = -1112, 1666
14:41:08.525 Input peaks = -1171, 1853
14:41:18.619 Input peaks = -1609, 1694
14:41:28.690 Input peaks = -2991, 2542
14:41:38.772 Input peaks = -1221, 1954
14:41:48.782 GUI Connection lost
14:41:48.825 Input peaks = -1172, 1820
14:41:56.979 Prior-Offset= 1.427353
14:41:57.073 EnvelopeCorrelator CorMax:MaxProd= 54.618439  J= 85
14:41:57.073 [Acquire2ToneLeaderSymbolFraming] intIatMinError= 1
14:41:57.278 Frame Decode type 19 ee 30 Dist 0.62 0.58 0.56 Sess ff pend 0 conn 0 lastsess 0
14:41:57.278 [Frame Type Decode Fail] Ldr; S:N(3KHz) Early= -12.714830 dB, Full -14.761050 dB, Offset= -49.873550 Hz:  MD Decode;5 Type1=H19, Type2=HEE, D1= 0.62, D2= 0.58
14:41:57.278 poor frame type decode
14:41:58.891 Input peaks = -1167, 1625
14:42:08.974 Input peaks = -1379, 1681
14:42:18.998 Input peaks = -1078, 1887
14:42:29.079 Input peaks = -1266, 1787
14:43:17.142 ardopc Version 2.0.3.2
14:43:17.142 ARDOPC listening on port 8515
14:43:17.142 Capture Devices

14:43:17.156 Card 0, ID `Headphones', name `bcm2835 Headphones'
14:43:17.157 
14:43:17.157 Card 1, ID `Device', name `USB Audio Device'
14:43:17.157   Device hw:1,0 ID `USB Audio', name `USB Audio', 1 subdevices (1 available)
14:43:17.157     1 channel,  sampling rate 44100..48000 Hz
14:43:17.157 
14:43:17.157 Card 2, ID `vc4hdmi0', name `vc4-hdmi-0'
14:43:17.157 
14:43:17.157 Card 3, ID `vc4hdmi1', name `vc4-hdmi-1'
14:43:17.157 
14:43:17.158 Playback Devices

14:43:17.158 Card 0, ID `Headphones', name `bcm2835 Headphones'
14:43:17.158   Device hw:0,0 ID `bcm2835 Headphones', name `bcm2835 Headphones', 8 subdevices (8 available)
14:43:17.161     1..8 channels, sampling rate 8000..192000 Hz
14:43:17.161 
14:43:17.161 Card 1, ID `Device', name `USB Audio Device'
14:43:17.161   Device hw:1,0 ID `USB Audio', name `USB Audio', 1 subdevices (1 available)
14:43:17.161     2 channels,  sampling rate 44100..48000 Hz
14:43:17.162 
14:43:17.162 Card 2, ID `vc4hdmi0', name `vc4-hdmi-0'
14:43:17.162   Device hw:2,0 ID `MAI PCM i2s-hifi-0', name `MAI PCM i2s-hifi-0', 1 subdevices (1 available)
14:43:17.162 Error -524 opening output device
14:43:17.162 
14:43:17.162 Card 3, ID `vc4hdmi1', name `vc4-hdmi-1'
14:43:17.162   Device hw:3,0 ID `MAI PCM i2s-hifi-0', name `MAI PCM i2s-hifi-0', 1 subdevices (1 available)
14:43:17.163 Error -524 opening output device
14:43:17.163 
14:43:17.164 Opening Playback Device plughw:1,0 Rate 12000
14:43:17.172 Opening Capture Device plughw:1,0 Rate 12000
14:43:17.333 ardopc listening on port 8515
14:43:27.200 Input peaks = -1767, 1816
14:43:28.272 GUI Connected from Address 127.0.0.1
14:43:37.264 Input peaks = -2122, 3309
14:43:47.343 Input peaks = -2419, 2939
14:43:57.360 Input peaks = -2868, 2711
14:44:07.404 Input peaks = -1185, 1446
14:44:14.397 Prior-Offset= 0.810509
14:44:14.503 EnvelopeCorrelator CorMax:MaxProd= 64.875793  J= 104
14:44:14.503 [Acquire2ToneLeaderSymbolFraming] intIatMinError= 2
14:44:14.802 Frame Decode type 4d ef 51 Dist 0.45 0.53 0.51 Sess ff pend 0 conn 0 lastsess 0
14:44:14.802 [Frame Type Decode Fail] Ldr; S:N(3KHz) Early= -14.412156 dB, Full -14.670181 dB, Offset= -88.646301 Hz:  MD Decode;5 Type1=H4D, Type2=HEF, D1= 0.45, D2= 0.53
14:44:14.802 poor frame type decode
14:44:17.462 Input peaks = -978, 1668
14:44:27.512 Input peaks = -918, 1438
14:44:37.568 Input peaks = -1118, 1490
14:44:47.618 Input peaks = -954, 1618
14:44:57.676 Input peaks = -932, 1492
14:45:04.665 Prior-Offset= -0.213890
14:45:04.769 EnvelopeCorrelator CorMax:MaxProd= 58.624916  J= 359
14:45:04.770 [Acquire2ToneLeaderSymbolFraming] intIatMinError= 1
14:45:04.965 Frame Decode type e b f4 Dist 0.47 0.48 0.48 Sess ff pend 0 conn 0 lastsess 0
14:45:04.965 [Frame Type Decode Fail] Ldr; S:N(3KHz) Early= -15.402481 dB, Full -11.320839 dB, Offset= 44.977112 Hz:  MD Decode;5 Type1=HE, Type2=HB, D1= 0.47, D2= 0.48
14:45:04.965 poor frame type decode
14:45:07.720 Input peaks = -1113, 1647
14:45:17.808 Input peaks = -2423, 3235
14:45:27.871 Input peaks = -2441, 2688
14:45:37.929 Input peaks = -3226, 4232
14:45:47.981 Input peaks = -1038, 1744
14:45:58.061 Input peaks = -967, 1604
14:46:08.094 Input peaks = -1046, 1664
14:46:18.177 Input peaks = -925, 1521
14:46:28.227 Input peaks = -1056, 1559
14:46:38.281 Input peaks = -982, 1872
14:46:48.329 Input peaks = -1086, 1516
14:46:58.386 Input peaks = -892, 1413
14:47:08.427 Input peaks = -1186, 1765
14:47:18.478 Input peaks = -1034, 1549
14:47:28.506 Input peaks = -1131, 1724
14:47:38.590 Input peaks = -1084, 1737
14:47:48.638 Input peaks = -3852, 3657
14:47:49.610 Prior-Offset= 0.599457
14:47:49.704 EnvelopeCorrelator CorMax:MaxProd= 63.286644  J= 7
14:47:49.704 [Acquire2ToneLeaderSymbolFraming] intIatMinError= 2
14:47:49.910 Frame Decode type 35 49 16 Dist 0.56 0.48 0.50 Sess ff pend 0 conn 0 lastsess 0
14:47:49.910 [Frame Type Decode Fail] Ldr; S:N(3KHz) Early= -15.104693 dB, Full -13.593012 dB, Offset= -22.191217 Hz:  MD Decode;5 Type1=H35, Type2=H49, D1= 0.56, D2= 0.48
14:47:49.910 poor frame type decode
14:47:58.699 Input peaks = -1078, 1703
14:48:08.247 Prior-Offset= 2.271721
14:48:08.355 EnvelopeCorrelator CorMax:MaxProd= 63.754883  J= 2
14:48:08.355 [Acquire2ToneLeaderSymbolFraming] intIatMinError= 1
14:48:08.555 Frame Decode type 40 e0 1f Dist 0.57 0.54 0.54 Sess ff pend 0 conn 0 lastsess 0
14:48:08.555 [Frame Type Decode Fail] Ldr; S:N(3KHz) Early= -12.698708 dB, Full -13.878948 dB, Offset= -88.733032 Hz:  MD Decode;5 Type1=H40, Type2=HE0, D1= 0.57, D2= 0.54
14:48:08.555 poor frame type decode
14:48:08.749 Input peaks = -1400, 1684
14:48:18.281 GUI Connection lost
14:48:18.812 Input peaks = -1532, 2043
14:48:28.897 Input peaks = -1410, 1855
14:48:38.941 Input peaks = -1515, 1774
14:48:47.103 Prior-Offset= -1.287323
14:48:47.207 EnvelopeCorrelator CorMax:MaxProd= 67.100914  J= 3
14:48:47.207 [Acquire2ToneLeaderSymbolFraming] intIatMinError= -2
14:48:47.504 Frame Decode type 13 c0 7b Dist 0.46 0.56 0.59 Sess ff pend 0 conn 0 lastsess 0
14:48:47.504 [Frame Type Decode Fail] Ldr; S:N(3KHz) Early= -15.597497 dB, Full -8.865240 dB, Offset= -69.533676 Hz:  MD Decode;5 Type1=H13, Type2=HC0, D1= 0.46, D2= 0.56
14:48:47.504 poor frame type decode
14:48:49.002 Input peaks = -1313, 1841
14:48:59.045 Input peaks = -1353, 1832
14:49:09.098 Input peaks = -1235, 1981
14:49:19.119 Input peaks = -1175, 1871
14:49:29.157 Input peaks = -1223, 1511
14:49:36.626 Prior-Offset= 2.336689
14:49:36.720 EnvelopeCorrelator CorMax:MaxProd= 65.438866  J= 346
14:49:36.720 [Acquire2ToneLeaderSymbolFraming] intIatMinError= 0
14:49:37.017 Frame Decode type 6 e8 47 Dist 0.61 0.55 0.48 Sess ff pend 0 conn 0 lastsess 0
14:49:37.017 [Frame Type Decode Fail] Ldr; S:N(3KHz) Early= -10.272065 dB, Full -13.370329 dB, Offset= -21.135532 Hz:  MD Decode;5 Type1=H6, Type2=HE8, D1= 0.61, D2= 0.55
14:49:37.017 poor frame type decode
14:49:39.217 Input peaks = -1655, 1660
14:49:49.267 Input peaks = -1645, 1965
14:49:56.070 Prior-Offset= -2.149792
14:49:56.164 EnvelopeCorrelator CorMax:MaxProd= 63.222527  J= 341
14:49:56.164 [Acquire2ToneLeaderSymbolFraming] intIatMinError= -1
14:49:56.464 Frame Decode type 72 eb 24 Dist 0.57 0.55 0.55 Sess ff pend 0 conn 0 lastsess 0
14:49:56.464 [Frame Type Decode Fail] Ldr; S:N(3KHz) Early= -12.719687 dB, Full -13.858045 dB, Offset= -24.631378 Hz:  MD Decode;5 Type1=H72, Type2=HEB, D1= 0.57, D2= 0.55
14:49:56.464 poor frame type decode
14:49:59.329 Input peaks = -1384, 1940
14:50:09.409 Input peaks = -1343, 1808
14:50:12.308 Prior-Offset= -2.668480
14:50:12.412 EnvelopeCorrelator CorMax:MaxProd= 59.776649  J= 205
14:50:12.412 [Acquire2ToneLeaderSymbolFraming] intIatMinError= 0
14:50:12.607 Frame Decode type 17 52 64 Dist 0.45 0.57 0.61 Sess ff pend 0 conn 0 lastsess 0
14:50:12.607 [Frame Type Decode Fail] Ldr; S:N(3KHz) Early= -15.518125 dB, Full -13.363815 dB, Offset= -73.786026 Hz:  MD Decode;5 Type1=H17, Type2=H52, D1= 0.45, D2= 0.57
14:50:12.607 poor frame type decode
14:50:19.461 Input peaks = -1285, 1880
14:50:29.513 Input peaks = -1198, 1871
14:50:39.557 Input peaks = -1623, 2324
14:50:49.632 Input peaks = -1738, 1753
14:50:52.428 Prior-Offset= 1.212868
14:50:52.522 EnvelopeCorrelator CorMax:MaxProd= 63.193726  J= 212
14:50:52.522 [Acquire2ToneLeaderSymbolFraming] intIatMinError= 0
14:50:52.727 Frame Decode type 32 1d 60 Dist 0.49 0.58 0.52 Sess ff pend 0 conn 0 lastsess 0
14:50:52.727 [Frame Type Decode Fail] Ldr; S:N(3KHz) Early= -14.202680 dB, Full -15.527227 dB, Offset= 79.246513 Hz:  MD Decode;5 Type1=H32, Type2=H1D, D1= 0.49, D2= 0.58
14:50:52.727 poor frame type decode
14:50:59.674 Input peaks = -2374, 2845
14:51:03.319 Prior-Offset= -2.242054
14:51:03.413 EnvelopeCorrelator CorMax:MaxProd= 52.719521  J= 151
14:51:03.413 [Acquire2ToneLeaderSymbolFraming] intIatMinError= 1
14:51:03.620 Frame Decode type e7 4d 50 Dist 0.50 0.61 0.59 Sess ff pend 0 conn 0 lastsess 0
14:51:03.620 [Frame Type Decode Fail] Ldr; S:N(3KHz) Early= -13.472330 dB, Full -15.356985 dB, Offset= -4.412863 Hz:  MD Decode;5 Type1=HE7, Type2=H4D, D1= 0.50, D2= 0.61
14:51:03.620 poor frame type decode
14:51:09.729 Input peaks = -2819, 3078
14:51:19.773 Input peaks = -1918, 2885
14:51:29.824 Input peaks = -2833, 4418
14:51:39.879 Input peaks = -1251, 1803
14:51:49.939 Input peaks = -1295, 1814
14:51:59.552 Prior-Offset= 0.697006
14:51:59.649 EnvelopeCorrelator CorMax:MaxProd= 50.137997  J= 3
14:51:59.649 [Acquire2ToneLeaderSymbolFraming] intIatMinError= 1
14:51:59.847 Frame Decode type 34 70 ef Dist 0.53 0.49 0.60 Sess ff pend 0 conn 0 lastsess 0
14:51:59.847 [Frame Type Decode Fail] Ldr; S:N(3KHz) Early= -14.927731 dB, Full -13.388669 dB, Offset= -38.762165 Hz:  MD Decode;5 Type1=H34, Type2=H70, D1= 0.53, D2= 0.49
14:51:59.847 poor frame type decode
14:51:59.986 Input peaks = -1183, 1861
14:52:10.045 Input peaks = -1670, 2762
14:52:20.128 Input peaks = -1446, 2074
14:52:30.229 Input peaks = -1716, 1965
14:52:31.953 Prior-Offset= 1.441841
14:52:32.048 EnvelopeCorrelator CorMax:MaxProd= 63.024971  J= 235
14:52:32.048 [Acquire2ToneLeaderSymbolFraming] intIatMinError= 0
14:52:32.254 Frame Decode type 65 36 41 Dist 0.49 0.50 0.54 Sess ff pend 0 conn 0 lastsess 0
14:52:32.254 [Frame Type Decode Fail] Ldr; S:N(3KHz) Early= -11.111881 dB, Full -14.892329 dB, Offset= -88.334732 Hz:  MD Decode;5 Type1=H65, Type2=H36, D1= 0.49, D2= 0.50
14:52:32.254 poor frame type decode
14:52:40.255 Input peaks = -1293, 1906
14:52:50.333 Input peaks = -1459, 2174
14:52:52.802 Prior-Offset= -2.857620
14:52:52.897 EnvelopeCorrelator CorMax:MaxProd= 63.695728  J= 27
14:52:52.897 [Acquire2ToneLeaderSymbolFraming] intIatMinError= 0
14:52:53.197 Frame Decode type 1 f9 6 Dist 0.56 0.60 0.60 Sess ff pend 0 conn 0 lastsess 0
14:52:53.197 [Frame Type Decode Fail] Ldr; S:N(3KHz) Early= -12.136400 dB, Full -15.296208 dB, Offset= -67.897461 Hz:  MD Decode;5 Type1=H1, Type2=HF9, D1= 0.56, D2= 0.60
14:52:53.197 poor frame type decode
14:53:00.394 Input peaks = -1341, 1641
14:53:10.461 Input peaks = -1306, 1733
14:53:18.761 Prior-Offset= 1.200165
14:53:18.856 EnvelopeCorrelator CorMax:MaxProd= 59.213638  J= 0
14:53:18.856 [Acquire2ToneLeaderSymbolFraming] intIatMinError= 0
14:53:19.061 Frame Decode type 64 24 f8 Dist 0.57 0.54 0.59 Sess ff pend 0 conn 0 lastsess 0
14:53:19.061 [Frame Type Decode Fail] Ldr; S:N(3KHz) Early= -14.593685 dB, Full -11.744743 dB, Offset= -66.878235 Hz:  MD Decode;5 Type1=H64, Type2=H24, D1= 0.57, D2= 0.54
14:53:19.061 poor frame type decode
14:53:20.554 Input peaks = -1371, 2081
14:53:23.853 Prior-Offset= 1.844055
14:53:23.947 EnvelopeCorrelator CorMax:MaxProd= 58.163422  J= 146
14:53:23.947 [Acquire2ToneLeaderSymbolFraming] intIatMinError= 0
14:53:24.952 frame sync timeout 607810
14:53:28.636 Prior-Offset= 0.202855
14:53:28.740 EnvelopeCorrelator CorMax:MaxProd= 69.738922  J= 159
14:53:28.740 [Acquire2ToneLeaderSymbolFraming] intIatMinError= -2
14:53:28.945 Frame Decode type 0 ef 10 Dist 0.40 0.47 0.47 Sess ff pend 0 conn 0 lastsess 0
14:53:28.945 [Frame Type Decode Fail] Ldr; S:N(3KHz) Early= -14.985257 dB, Full -9.747747 dB, Offset= -8.926548 Hz:  MD Decode;5 Type1=H0, Type2=HEF, D1= 0.40, D2= 0.47
14:53:28.945 poor frame type decode
14:53:29.060 Prior-Offset= 0.853072
14:53:29.164 EnvelopeCorrelator CorMax:MaxProd= 70.924568  J= 359
14:53:29.164 [Acquire2ToneLeaderSymbolFraming] intIatMinError= 1
14:53:29.359 Frame Decode type a 7d 42 Dist 0.63 0.53 0.47 Sess ff pend 0 conn 0 lastsess 0
14:53:29.359 [Frame Type Decode Fail] Ldr; S:N(3KHz) Early= -6.232337 dB, Full -3.347311 dB, Offset= 3.050772 Hz:  MD Decode;5 Type1=HA, Type2=H7D, D1= 0.63, D2= 0.53
14:53:29.359 poor frame type decode
14:53:29.493 Prior-Offset= -1.025256
14:53:29.587 EnvelopeCorrelator CorMax:MaxProd= 63.241127  J= 354
14:53:29.587 [Acquire2ToneLeaderSymbolFraming] intIatMinError= 2
14:53:30.089 Frame Decode type 55 fa 55 Dist 0.52 0.43 0.26 Sess ff pend 0 conn 0 lastsess 0
14:53:30.089 [Frame Type Decode Fail] Ldr; S:N(3KHz) Early= -11.340226 dB, Full -2.664114 dB, Offset= 9.825636 Hz:  MD Decode;5 Type1=H55, Type2=HFA, D1= 0.52, D2= 0.43
14:53:30.089 poor frame type decode
14:53:30.553 Prior-Offset= 0.900736
14:53:30.594 Input peaks = -2386, 2976
14:53:30.657 EnvelopeCorrelator CorMax:MaxProd= 67.489517  J= 115
14:53:30.657 [Acquire2ToneLeaderSymbolFraming] intIatMinError= -1
14:53:31.556 frame sync timeout 6604
14:53:31.851 Prior-Offset= 1.723022
14:53:31.958 EnvelopeCorrelator CorMax:MaxProd= 66.280251  J= 171
14:53:31.958 [Acquire2ToneLeaderSymbolFraming] intIatMinError= 2
14:53:32.651 Frame Decode type 15 ea 55 Dist 0.44 0.34 0.33 Sess ff pend 0 conn 0 lastsess 0
14:53:32.651 [Frame Type Decode Fail] Ldr; S:N(3KHz) Early= -8.504186 dB, Full -14.784292 dB, Offset= -17.395813 Hz:  MD Decode;5 Type1=H15, Type2=HEA, D1= 0.44, D2= 0.34
14:53:32.651 poor frame type decode
14:53:32.907 Prior-Offset= 0.506943
14:53:33.004 EnvelopeCorrelator CorMax:MaxProd= 63.374477  J= 358
14:53:33.004 [Acquire2ToneLeaderSymbolFraming] intIatMinError= -1
14:53:33.905 Frame Decode type 3a 55 e8 Dist 0.53 0.37 0.45 Sess ff pend 0 conn 0 lastsess 0
14:53:33.905 [Frame Type Decode Fail] Ldr; S:N(3KHz) Early= -1.459866 dB, Full -3.816517 dB, Offset= -79.660797 Hz:  MD Decode;5 Type1=H3A, Type2=H55, D1= 0.53, D2= 0.37
14:53:33.905 poor frame type decode
14:53:34.039 Prior-Offset= -0.267159
14:53:34.146 EnvelopeCorrelator CorMax:MaxProd= 59.341343  J= 270
14:53:34.146 [Acquire2ToneLeaderSymbolFraming] intIatMinError= -1
14:53:34.937 Frame Decode type e2 65 e8 Dist 0.48 0.36 0.52 Sess ff pend 0 conn 0 lastsess 0
14:53:34.937 [Frame Type Decode Fail] Ldr; S:N(3KHz) Early= -3.287964 dB, Full 0.110241 dB, Offset= -73.471977 Hz:  MD Decode;5 Type1=HE2, Type2=H65, D1= 0.48, D2= 0.36
14:53:34.937 poor frame type decode
14:53:36.143 Prior-Offset= 0.420502
14:53:36.247 EnvelopeCorrelator CorMax:MaxProd= 71.080833  J= 320
14:53:36.247 [Acquire2ToneLeaderSymbolFraming] intIatMinError= -2
14:53:36.447 Frame Decode type 55 fb 4 Dist 0.50 0.46 0.46 Sess ff pend 0 conn 0 lastsess 0
14:53:36.447 [Frame Type Decode Fail] Ldr; S:N(3KHz) Early= -14.623632 dB, Full -7.117010 dB, Offset= -18.256283 Hz:  MD Decode;5 Type1=H55, Type2=HFB, D1= 0.50, D2= 0.46
14:53:36.447 poor frame type decode
14:53:36.668 Prior-Offset= -0.267960
14:53:36.763 EnvelopeCorrelator CorMax:MaxProd= 56.846130  J= 104
14:53:36.763 [Acquire2ToneLeaderSymbolFraming] intIatMinError= 0
14:53:37.758 frame sync timeout 6202
14:53:37.904 Prior-Offset= -0.050399
14:53:38.008 EnvelopeCorrelator CorMax:MaxProd= 52.015011  J= 88
14:53:38.008 [Acquire2ToneLeaderSymbolFraming] intIatMinError= -1
14:53:38.305 Frame Decode type 4b 7d 50 Dist 0.52 0.61 0.57 Sess ff pend 0 conn 0 lastsess 0
14:53:38.305 [Frame Type Decode Fail] Ldr; S:N(3KHz) Early= -11.299642 dB, Full -13.027143 dB, Offset= -11.442777 Hz:  MD Decode;5 Type1=H4B, Type2=H7D, D1= 0.52, D2= 0.61
14:53:38.305 poor frame type decode
14:53:38.439 Prior-Offset= -0.957778
14:53:38.543 EnvelopeCorrelator CorMax:MaxProd= 58.573685  J= 41
14:53:38.543 [Acquire2ToneLeaderSymbolFraming] intIatMinError= 1
14:53:39.046 Frame Decode type 44 fb 40 Dist 0.23 0.51 0.44 Sess ff pend 0 conn 0 lastsess 0
14:53:39.047 [Frame Type Decode OK  ] Ldr; S:N(3KHz) Early= -15.157704 dB, Full -15.227508 dB, Offset= 8.843841 Hz:  MD Decode;3 ID=HFF, Type=H44:8PSK.200.100.E, D1= 0.23, D2= 0.51
14:53:39.047 New frame type - MEMARQ flags reset
14:53:39.047 MEMARQ Flags 0 0 0 0 0 0 0 0
14:53:40.657 Input peaks = -2105, 2324
14:53:42.950 [CorrectRawDataWithRS] RS says ok but CRC still bad
14:53:42.950 Qual = 50
14:53:42.950 DecodeFrame MEMARQ Flags 0 0 0 0 0 0 0 0
14:53:42.950 [DecodeFrame] Frame: 8PSK.200.100.E Decode FAIL,   Constellation Quality= 50
14:53:42.950 Time since received = 10
14:53:43.379 Prior-Offset= -0.203094
14:53:43.435 EnvelopeCorrelator CorMax:MaxProd= 57.748295  J= 0
14:53:43.435 [Acquire2ToneLeaderSymbolFraming] intIatMinError= -1
14:53:44.465 frame sync timeout 6706
14:53:45.063 Prior-Offset= -2.244072
14:53:45.168 EnvelopeCorrelator CorMax:MaxProd= 54.151386  J= 68
14:53:45.168 [Acquire2ToneLeaderSymbolFraming] intIatMinError= 2
14:53:45.468 Frame Decode type 5 e6 19 Dist 0.55 0.40 0.40 Sess ff pend 0 conn 0 lastsess 0
14:53:45.468 [Frame Type Decode Fail] Ldr; S:N(3KHz) Early= -10.877811 dB, Full -11.492767 dB, Offset= -39.007256 Hz:  MD Decode;5 Type1=H5, Type2=HE6, D1= 0.55, D2= 0.40
14:53:45.468 poor frame type decode
14:53:46.547 Prior-Offset= 1.832405
14:53:46.641 EnvelopeCorrelator CorMax:MaxProd= 63.008896  J= 356
14:53:46.641 [Acquire2ToneLeaderSymbolFraming] intIatMinError= 0
14:53:47.441 Frame Decode type ee 12 ed Dist 0.58 0.53 0.53 Sess ff pend 0 conn 0 lastsess 0
14:53:47.441 [Frame Type Decode Fail] Ldr; S:N(3KHz) Early= -6.074930 dB, Full -7.642708 dB, Offset= -66.493805 Hz:  MD Decode;5 Type1=HEE, Type2=H12, D1= 0.58, D2= 0.53
14:53:47.441 poor frame type decode
14:53:47.789 Prior-Offset= -0.459122
14:53:47.893 EnvelopeCorrelator CorMax:MaxProd= 65.083435  J= 0
14:53:47.893 [Acquire2ToneLeaderSymbolFraming] intIatMinError= 1
14:53:48.098 Frame Decode type ea 31 fd Dist 0.51 0.51 0.51 Sess ff pend 0 conn 0 lastsess 0
14:53:48.098 [Frame Type Decode Fail] Ldr; S:N(3KHz) Early= -5.027031 dB, Full -1.473656 dB, Offset= -65.139343 Hz:  MD Decode;5 Type1=HEA, Type2=H31, D1= 0.51, D2= 0.51
14:53:48.098 poor frame type decode
14:53:48.605 Prior-Offset= -2.250504
14:53:48.710 EnvelopeCorrelator CorMax:MaxProd= 58.856609  J= 123
14:53:48.710 [Acquire2ToneLeaderSymbolFraming] intIatMinError= 0
14:53:48.903 Frame Decode type 7a 55 ea Dist 0.51 0.35 0.48 Sess ff pend 0 conn 0 lastsess 0
14:53:48.903 [Frame Type Decode Fail] Ldr; S:N(3KHz) Early= -13.427567 dB, Full -8.274992 dB, Offset= -72.166046 Hz:  MD Decode;5 Type1=H7A, Type2=H55, D1= 0.51, D2= 0.35
14:53:48.903 poor frame type decode
14:53:49.752 Prior-Offset= -2.535896
14:53:49.857 EnvelopeCorrelator CorMax:MaxProd= 57.783569  J= 39
14:53:49.857 [Acquire2ToneLeaderSymbolFraming] intIatMinError= -1
14:53:50.155 Frame Decode type 3a 55 ea Dist 0.38 0.24 0.40 Sess ff pend 0 conn 0 lastsess 0
14:53:50.155 [Frame Type Decode OK  ] Ldr; S:N(3KHz) Early= -14.666156 dB, Full -11.434694 dB, Offset= -60.359570 Hz:  MD Decode;4 ID=HFF, Type=H3A:ConAck500, D1= 0.38, D2= 0.24
14:53:50.155 New frame type - MEMARQ flags reset
14:53:50.155 MEMARQ Flags 0 0 0 0 0 0 0 0
14:53:50.701 Input peaks = -8689, 11406
14:53:54.106 [CorrectRawDataWithRS] RS says ok but CRC still bad
14:53:54.108 [CorrectRawDataWithRS] RS says ok but CRC still bad
14:53:54.108 Qual = 0
14:53:54.108 DecodeFrame MEMARQ Flags 0 0 0 0 0 0 0 0
14:53:54.108 [DecodeFrame] Frame: 16QAM.500.100.O Decode FAIL,   Constellation Quality= 0
14:53:54.108 [AddTagToDataAndSendToHost] bytes=108 Tag ERR
14:53:54.108 [ARDOPprotocol.ProcessRcvdFECDataFrame] Pass failed frame ID 16QAM.500.100.O to Host (108 bytes)
14:53:54.108 [ARDOPprotocol.ProcessRcvdFECDataFrame] Pass failed frame ID 16QAM.500.100.O to Host (0 bytes)
14:53:54.108 Time since received = 58
14:53:54.476 Prior-Offset= -0.515320
14:53:54.531 EnvelopeCorrelator CorMax:MaxProd= 50.936287  J= 339
14:53:54.531 [Acquire2ToneLeaderSymbolFraming] intIatMinError= -1
14:53:54.670 Frame Decode type 3a 7d 42 Dist 0.54 0.44 0.51 Sess ff pend 0 conn 0 lastsess 0
14:53:54.670 [Frame Type Decode Fail] Ldr; S:N(3KHz) Early= -11.451565 dB, Full -12.734360 dB, Offset= -75.672890 Hz:  MD Decode;5 Type1=H3A, Type2=H7D, D1= 0.54, D2= 0.44
14:53:54.670 poor frame type decode
14:53:54.810 Prior-Offset= 0.635609
14:53:54.909 EnvelopeCorrelator CorMax:MaxProd= 56.100506  J= 3
14:53:54.909 [Acquire2ToneLeaderSymbolFraming] intIatMinError= 0
14:53:55.803 Frame Decode type c0 c0 4d Dist 0.51 0.52 0.54 Sess ff pend 0 conn 0 lastsess 0
14:53:55.803 [Frame Type Decode Fail] Ldr; S:N(3KHz) Early= -12.747258 dB, Full -11.068791 dB, Offset= -41.935486 Hz:  MD Decode;5 Type1=HC0, Type2=HC0, D1= 0.51, D2= 0.52
14:53:55.803 poor frame type decode
14:53:58.309 Prior-Offset= -0.709732
14:53:58.403 EnvelopeCorrelator CorMax:MaxProd= 57.066925  J= 336
14:53:58.403 [Acquire2ToneLeaderSymbolFraming] intIatMinError= 0
14:53:59.008 Frame Decode type 1e 65 65 Dist 0.54 0.56 0.64 Sess ff pend 0 conn 0 lastsess 0
14:53:59.008 [Frame Type Decode Fail] Ldr; S:N(3KHz) Early= -11.800488 dB, Full -12.972361 dB, Offset= -74.421570 Hz:  MD Decode;5 Type1=H1E, Type2=H65, D1= 0.54, D2= 0.56
14:53:59.008 poor frame type decode
14:53:59.366 Prior-Offset= 2.000742
14:53:59.470 EnvelopeCorrelator CorMax:MaxProd= 57.120964  J= 123
14:53:59.470 [Acquire2ToneLeaderSymbolFraming] intIatMinError= 0
14:53:59.664 Frame Decode type 55 65 19 Dist 0.55 0.58 0.61 Sess ff pend 0 conn 0 lastsess 0
14:53:59.664 [Frame Type Decode Fail] Ldr; S:N(3KHz) Early= -13.984528 dB, Full -13.235147 dB, Offset= -32.801968 Hz:  MD Decode;5 Type1=H55, Type2=H65, D1= 0.55, D2= 0.58
14:53:59.664 poor frame type decode
14:54:00.095 Prior-Offset= 1.875116
14:54:00.199 EnvelopeCorrelator CorMax:MaxProd= 67.688545  J= 247
14:54:00.199 [Acquire2ToneLeaderSymbolFraming] intIatMinError= -1
14:54:00.395 Frame Decode type 55 a 55 Dist 0.25 0.50 0.24 Sess ff pend 0 conn 0 lastsess 0
14:54:00.395 [Frame Type Decode OK  ] Ldr; S:N(3KHz) Early= -11.008375 dB, Full -12.787478 dB, Offset= -8.922182 Hz:  MD Decode;3 ID=HFF, Type=H55:16QAM.500.100.O, D1= 0.25, D2= 0.50
14:54:00.395 MEMARQ Flags 0 0 0 0 0 0 0 0
14:54:00.763 Input peaks = -2221, 2610
14:54:04.399 [CorrectRawDataWithRS] RS says ok but CRC still bad
14:54:04.401 [CorrectRawDataWithRS] RS says ok but CRC still bad
14:54:04.402 DemodQAM retry RS on MEM ARQ Corrected frames
14:54:04.403 [CorrectRawDataWithRS] RS says ok but CRC still bad
14:54:04.405 [CorrectRawDataWithRS] RS Says Can't Correct
14:54:04.405 Qual = 31
14:54:04.405 DecodeFrame MEMARQ Flags 0 0 0 0 0 0 0 0
14:54:04.405 [DecodeFrame] Frame: 16QAM.500.100.O Decode FAIL,   Constellation Quality= 31
14:54:04.405 Time since received = 9
14:54:05.145 Prior-Offset= -1.106926
14:54:05.249 EnvelopeCorrelator CorMax:MaxProd= 67.706879  J= 273
14:54:05.249 [Acquire2ToneLeaderSymbolFraming] intIatMinError= 2
14:54:05.652 Frame Decode type 55 3a 55 Dist 0.43 0.55 0.45 Sess ff pend 0 conn 0 lastsess 0
14:54:05.652 [Frame Type Decode Fail] Ldr; S:N(3KHz) Early= -4.226053 dB, Full -3.612553 dB, Offset= -76.723724 Hz:  MD Decode;5 Type1=H55, Type2=H3A, D1= 0.43, D2= 0.55
14:54:05.652 poor frame type decode
14:54:05.862 Prior-Offset= -0.113028
14:54:05.955 EnvelopeCorrelator CorMax:MaxProd= 66.565285  J= 40
14:54:05.955 [Acquire2ToneLeaderSymbolFraming] intIatMinError= 2
14:54:06.962 frame sync timeout 22498
14:54:07.106 Prior-Offset= 0.556412
14:54:07.215 EnvelopeCorrelator CorMax:MaxProd= 56.961220  J= 177
14:54:07.215 [Acquire2ToneLeaderSymbolFraming] intIatMinError= 2
14:54:07.615 Frame Decode type eb a f5 Dist 0.51 0.46 0.46 Sess ff pend 0 conn 0 lastsess 0
14:54:07.615 [Frame Type Decode Fail] Ldr; S:N(3KHz) Early= -12.891937 dB, Full -11.723118 dB, Offset= -76.983871 Hz:  MD Decode;5 Type1=HEB, Type2=HA, D1= 0.51, D2= 0.46
14:54:07.615 poor frame type decode
14:54:07.996 Prior-Offset= -0.324289
14:54:08.102 EnvelopeCorrelator CorMax:MaxProd= 61.848358  J= 264
14:54:08.102 [Acquire2ToneLeaderSymbolFraming] intIatMinError= 1
14:54:08.493 Frame Decode type 55 eb 55 Dist 0.28 0.49 0.35 Sess ff pend 0 conn 0 lastsess 0
14:54:08.493 [Frame Type Decode OK  ] Ldr; S:N(3KHz) Early= -15.032558 dB, Full -6.884203 dB, Offset= -17.459585 Hz:  MD Decode;3 ID=HFF, Type=H55:16QAM.500.100.O, D1= 0.28, D2= 0.49
14:54:08.493 MEMARQ Flags 0 0 0 0 0 0 0 0
14:54:10.805 Input peaks = -2322, 2750
14:54:12.501 [CorrectRawDataWithRS] RS Says Can't Correct
14:54:12.503 [CorrectRawDataWithRS] RS Says Can't Correct
14:54:12.503 DemodQAM retry RS on MEM ARQ Corrected frames
14:54:12.505 [CorrectRawDataWithRS] RS says ok but CRC still bad
14:54:12.507 [CorrectRawDataWithRS] RS Says Can't Correct
14:54:12.507 Qual = 2
14:54:12.507 DecodeFrame MEMARQ Flags 0 0 0 0 0 0 0 0
14:54:12.507 [DecodeFrame] Frame: 16QAM.500.100.O Decode FAIL,   Constellation Quality= 2
14:54:12.507 Time since received = 8
14:54:12.912 Prior-Offset= -2.432709
14:54:12.965 EnvelopeCorrelator CorMax:MaxProd= 59.233883  J= 232
14:54:12.965 [Acquire2ToneLeaderSymbolFraming] intIatMinError= 1
14:54:13.204 Frame Decode type fa 55 ea Dist 0.45 0.27 0.48 Sess ff pend 0 conn 0 lastsess 0
14:54:13.205 [Frame Type Decode OK  ] Ldr; S:N(3KHz) Early= -11.040221 dB, Full -11.109869 dB, Offset= -74.616882 Hz:  MD Decode;4 ID=HFF, Type=HFA:DataACK, D1= 0.45, D2= 0.27
14:54:13.205 MEMARQ Flags 0 0 0 0 0 0 0 0
14:54:17.104 [CorrectRawDataWithRS] RS says ok but CRC still bad
14:54:17.106 [CorrectRawDataWithRS] RS Says Can't Correct
14:54:17.106 DemodQAM retry RS on MEM ARQ Corrected frames
14:54:17.108 [CorrectRawDataWithRS] RS says ok but CRC still bad
14:54:17.110 [CorrectRawDataWithRS] RS says ok but CRC still bad
14:54:17.110 Qual = 16
14:54:17.110 DecodeFrame MEMARQ Flags 0 0 0 0 0 0 0 0
14:54:17.110 [DecodeFrame] Frame: 16QAM.500.100.O Decode FAIL,   Constellation Quality= 16
14:54:17.110 Time since received = 8
14:54:17.449 Prior-Offset= -1.347054
14:54:17.502 EnvelopeCorrelator CorMax:MaxProd= 61.142509  J= 358
14:54:17.502 [Acquire2ToneLeaderSymbolFraming] intIatMinError= 1
14:54:18.267 Frame Decode type 55 7 70 Dist 0.46 0.58 0.56 Sess ff pend 0 conn 0 lastsess 0
14:54:18.267 [Frame Type Decode Fail] Ldr; S:N(3KHz) Early= -13.063817 dB, Full -8.275021 dB, Offset= -34.861259 Hz:  MD Decode;5 Type1=H55, Type2=H7, D1= 0.46, D2= 0.58
14:54:18.267 poor frame type decode
14:54:18.606 Prior-Offset= -1.637451
14:54:18.710 EnvelopeCorrelator CorMax:MaxProd= 66.023514  J= 3
14:54:18.710 [Acquire2ToneLeaderSymbolFraming] intIatMinError= 2
14:54:18.909 Frame Decode type f6 53 e8 Dist 0.58 0.49 0.56 Sess ff pend 0 conn 0 lastsess 0
14:54:18.909 [Frame Type Decode Fail] Ldr; S:N(3KHz) Early= -13.624029 dB, Full -11.657228 dB, Offset= -74.261909 Hz:  MD Decode;5 Type1=HF6, Type2=H53, D1= 0.58, D2= 0.49
14:54:18.909 poor frame type decode
14:54:19.060 Prior-Offset= 1.917873
14:54:19.159 EnvelopeCorrelator CorMax:MaxProd= 56.931938  J= 288
14:54:19.159 [Acquire2ToneLeaderSymbolFraming] intIatMinError= -2
14:54:19.558 Frame Decode type 60 ee 11 Dist 0.50 0.55 0.55 Sess ff pend 0 conn 0 lastsess 0
14:54:19.558 [Frame Type Decode Fail] Ldr; S:N(3KHz) Early= -13.923792 dB, Full -14.172897 dB, Offset= -44.072384 Hz:  MD Decode;5 Type1=H60, Type2=HEE, D1= 0.50, D2= 0.55
14:54:19.558 poor frame type decode
14:54:20.665 Prior-Offset= -0.314484
14:54:20.759 EnvelopeCorrelator CorMax:MaxProd= 59.631939  J= 49
14:54:20.759 [Acquire2ToneLeaderSymbolFraming] intIatMinError= 1
14:54:20.861 Input peaks = -2812, 3031
14:54:20.954 Frame Decode type 53 eb 14 Dist 0.57 0.48 0.48 Sess ff pend 0 conn 0 lastsess 0
14:54:20.954 [Frame Type Decode Fail] Ldr; S:N(3KHz) Early= -11.913759 dB, Full -13.974319 dB, Offset= -74.671486 Hz:  MD Decode;5 Type1=H53, Type2=HEB, D1= 0.57, D2= 0.48
14:54:20.954 poor frame type decode
14:54:21.152 Prior-Offset= 1.448700
14:54:21.247 EnvelopeCorrelator CorMax:MaxProd= 43.573433  J= 107
14:54:21.247 [Acquire2ToneLeaderSymbolFraming] intIatMinError= -1
14:54:21.853 Frame Decode type 39 eb 14 Dist 0.58 0.49 0.49 Sess ff pend 0 conn 0 lastsess 0
14:54:21.853 [Frame Type Decode Fail] Ldr; S:N(3KHz) Early= -15.686026 dB, Full -13.438059 dB, Offset= -68.114128 Hz:  MD Decode;5 Type1=H39, Type2=HEB, D1= 0.58, D2= 0.49
14:54:21.853 poor frame type decode
14:54:21.961 Prior-Offset= 0.617146
14:54:22.056 EnvelopeCorrelator CorMax:MaxProd= 52.006149  J= 291
14:54:22.056 [Acquire2ToneLeaderSymbolFraming] intIatMinError= 1
14:54:22.365 Frame Decode type 10 ee 55 Dist 0.42 0.63 0.47 Sess ff pend 0 conn 0 lastsess 0
14:54:22.365 [Frame Type Decode Fail] Ldr; S:N(3KHz) Early= -13.095634 dB, Full -6.435762 dB, Offset= -59.025509 Hz:  MD Decode;5 Type1=H10, Type2=HEE, D1= 0.42, D2= 0.63
14:54:22.365 poor frame type decode
14:54:22.468 Prior-Offset= 1.886375
14:54:22.573 EnvelopeCorrelator CorMax:MaxProd= 61.881084  J= 198
14:54:22.573 [Acquire2ToneLeaderSymbolFraming] intIatMinError= -1
14:54:22.768 Frame Decode type 55 ea 65 Dist 0.32 0.54 0.45 Sess ff pend 0 conn 0 lastsess 0
14:54:22.768 [Frame Type Decode Fail] Ldr; S:N(3KHz) Early= -15.126780 dB, Full -6.950159 dB, Offset= -58.688400 Hz:  MD Decode;5 Type1=H55, Type2=HEA, D1= 0.32, D2= 0.54
14:54:22.768 poor frame type decode
14:54:22.967 Prior-Offset= 1.020782
14:54:23.071 EnvelopeCorrelator CorMax:MaxProd= 61.165398  J= 265
14:54:23.071 [Acquire2ToneLeaderSymbolFraming] intIatMinError= 0
14:54:23.266 Frame Decode type 65 15 ea Dist 0.55 0.52 0.52 Sess ff pend 0 conn 0 lastsess 0
14:54:23.266 [Frame Type Decode Fail] Ldr; S:N(3KHz) Early= -14.137159 dB, Full -9.868968 dB, Offset= -64.351654 Hz:  MD Decode;5 Type1=H65, Type2=H15, D1= 0.55, D2= 0.52
14:54:23.266 poor frame type decode
14:54:23.453 Prior-Offset= 2.340889
14:54:23.548 EnvelopeCorrelator CorMax:MaxProd= 54.951996  J= 40
14:54:23.548 [Acquire2ToneLeaderSymbolFraming] intIatMinError= -2
14:54:23.845 Frame Decode type e1 e8 55 Dist 0.46 0.61 0.46 Sess ff pend 0 conn 0 lastsess 0
14:54:23.845 [Frame Type Decode Fail] Ldr; S:N(3KHz) Early= -12.622029 dB, Full -2.503048 dB, Offset= -65.325111 Hz:  MD Decode;5 Type1=HE1, Type2=HE8, D1= 0.46, D2= 0.61
14:54:23.845 poor frame type decode
14:54:23.970 Prior-Offset= 1.604149
14:54:24.074 EnvelopeCorrelator CorMax:MaxProd= 45.545429  J= 297
14:54:24.074 [Acquire2ToneLeaderSymbolFraming] intIatMinError= 2
14:54:24.269 Frame Decode type 54 55 eb Dist 0.62 0.27 0.50 Sess ff pend 0 conn 0 lastsess 0
14:54:24.269 [Frame Type Decode OK  ] Ldr; S:N(3KHz) Early= -14.837588 dB, Full -10.678461 dB, Offset= -69.613678 Hz:  MD Decode;4 ID=HFF, Type=H54:16QAM.500.100.E, D1= 0.62, D2= 0.27
14:54:24.269 MEMARQ Flags 0 0 0 0 0 0 0 0
14:54:28.268 [CorrectRawDataWithRS] RS Says Can't Correct
14:54:28.270 [CorrectRawDataWithRS] RS Says Can't Correct
14:54:28.270 DemodQAM retry RS on MEM ARQ Corrected frames
14:54:28.272 [CorrectRawDataWithRS] RS Says Can't Correct
14:54:28.274 [CorrectRawDataWithRS] RS says ok but CRC still bad
14:54:28.274 Qual = 0
14:54:28.274 DecodeFrame MEMARQ Flags 0 0 0 0 0 0 0 0
14:54:28.274 [DecodeFrame] Frame: 16QAM.500.100.O Decode FAIL,   Constellation Quality= 0
14:54:28.274 Time since received = 9
14:54:28.579 Prior-Offset= -0.093193
14:54:28.632 EnvelopeCorrelator CorMax:MaxProd= 58.172211  J= 192
14:54:28.632 [Acquire2ToneLeaderSymbolFraming] intIatMinError= 0
14:54:29.598 frame sync timeout 22635
14:54:30.362 Prior-Offset= -0.697393
14:54:30.467 EnvelopeCorrelator CorMax:MaxProd= 63.376987  J= 293
14:54:30.467 [Acquire2ToneLeaderSymbolFraming] intIatMinError= 1
14:54:30.947 Input peaks = -2784, 3074
14:54:30.960 Frame Decode type 4 fe 1 Dist 0.44 0.30 0.30 Sess ff pend 0 conn 0 lastsess 0
14:54:30.960 [Frame Type Decode Fail] Ldr; S:N(3KHz) Early= -12.692900 dB, Full -14.410812 dB, Offset= -3.060638 Hz:  MD Decode;5 Type1=H4, Type2=HFE, D1= 0.44, D2= 0.30
14:54:30.960 poor frame type decode
14:54:31.077 Prior-Offset= -1.134933
14:54:31.175 EnvelopeCorrelator CorMax:MaxProd= 60.545368  J= 13
14:54:31.175 [Acquire2ToneLeaderSymbolFraming] intIatMinError= 0
14:54:32.167 Frame Decode type 7d a 55 Dist 0.59 0.63 0.61 Sess ff pend 0 conn 0 lastsess 0
14:54:32.167 [Frame Type Decode Fail] Ldr; S:N(3KHz) Early= -6.530938 dB, Full -4.949070 dB, Offset= -91.625725 Hz:  MD Decode;5 Type1=H7D, Type2=HA, D1= 0.59, D2= 0.63
14:54:32.167 poor frame type decode
14:54:32.366 Prior-Offset= 0.319672
14:54:32.460 EnvelopeCorrelator CorMax:MaxProd= 55.835659  J= 139
14:54:32.461 [Acquire2ToneLeaderSymbolFraming] intIatMinError= 1
14:54:32.963 Frame Decode type e8 55 3a Dist 0.52 0.32 0.49 Sess ff pend 0 conn 0 lastsess 0
14:54:32.964 [Frame Type Decode Fail] Ldr; S:N(3KHz) Early= -6.783009 dB, Full -2.456921 dB, Offset= -93.213905 Hz:  MD Decode;5 Type1=HE8, Type2=H55, D1= 0.52, D2= 0.32
14:54:32.964 poor frame type decode
14:54:33.078 Prior-Offset= 1.533783
14:54:33.172 EnvelopeCorrelator CorMax:MaxProd= 57.389717  J= 267
14:54:33.172 [Acquire2ToneLeaderSymbolFraming] intIatMinError= -1
14:54:33.676 Frame Decode type ea 14 eb Dist 0.57 0.57 0.57 Sess ff pend 0 conn 0 lastsess 0
14:54:33.676 [Frame Type Decode Fail] Ldr; S:N(3KHz) Early= -4.852485 dB, Full -1.362247 dB, Offset= -90.177376 Hz:  MD Decode;5 Type1=HEA, Type2=H14, D1= 0.57, D2= 0.57
14:54:33.676 poor frame type decode
14:54:33.800 Prior-Offset= 1.326912
14:54:33.904 EnvelopeCorrelator CorMax:MaxProd= 52.782345  J= 121
14:54:33.904 [Acquire2ToneLeaderSymbolFraming] intIatMinError= 0
14:54:34.603 Frame Decode type e8 65 65 Dist 0.57 0.41 0.52 Sess ff pend 0 conn 0 lastsess 0
14:54:34.603 [Frame Type Decode Fail] Ldr; S:N(3KHz) Early= -6.759224 dB, Full -7.785555 dB, Offset= -82.653381 Hz:  MD Decode;5 Type1=HE8, Type2=H65, D1= 0.57, D2= 0.41
14:54:34.603 poor frame type decode
14:54:34.717 Prior-Offset= -2.586693
14:54:34.812 EnvelopeCorrelator CorMax:MaxProd= 56.415398  J= 2
14:54:34.812 [Acquire2ToneLeaderSymbolFraming] intIatMinError= -2
14:54:35.012 Frame Decode type 3a 65 ea Dist 0.52 0.38 0.52 Sess ff pend 0 conn 0 lastsess 0
14:54:35.013 [Frame Type Decode Fail] Ldr; S:N(3KHz) Early= -10.798064 dB, Full -14.179891 dB, Offset= -66.837959 Hz:  MD Decode;5 Type1=H3A, Type2=H65, D1= 0.52, D2= 0.38
14:54:35.013 poor frame type decode
14:54:35.158 Prior-Offset= -0.259232
14:54:35.263 EnvelopeCorrelator CorMax:MaxProd= 66.108810  J= 257
14:54:35.263 [Acquire2ToneLeaderSymbolFraming] intIatMinError= -2
14:54:35.458 Frame Decode type 3a 65 65 Dist 0.58 0.39 0.56 Sess ff pend 0 conn 0 lastsess 0
14:54:35.458 [Frame Type Decode Fail] Ldr; S:N(3KHz) Early= -2.105608 dB, Full -1.657505 dB, Offset= -76.331604 Hz:  MD Decode;5 Type1=H3A, Type2=H65, D1= 0.58, D2= 0.39
14:54:35.458 poor frame type decode
14:54:35.763 Prior-Offset= 2.663177
14:54:35.867 EnvelopeCorrelator CorMax:MaxProd= 50.425793  J= 284
14:54:35.867 [Acquire2ToneLeaderSymbolFraming] intIatMinError= -2
14:54:36.466 Frame Decode type f7 2 fd Dist 0.50 0.48 0.48 Sess ff pend 0 conn 0 lastsess 0
14:54:36.466 [Frame Type Decode Fail] Ldr; S:N(3KHz) Early= -11.620398 dB, Full -7.544500 dB, Offset= -96.465240 Hz:  MD Decode;5 Type1=HF7, Type2=H2, D1= 0.50, D2= 0.48
14:54:36.466 poor frame type decode
14:54:36.675 Prior-Offset= 0.258698
14:54:36.772 EnvelopeCorrelator CorMax:MaxProd= 56.901241  J= 97
14:54:36.772 [Acquire2ToneLeaderSymbolFraming] intIatMinError= -2
14:54:37.468 Frame Decode type f7 8 f7 Dist 0.54 0.48 0.48 Sess ff pend 0 conn 0 lastsess 0
14:54:37.468 [Frame Type Decode Fail] Ldr; S:N(3KHz) Early= 2.935890 dB, Full 2.672415 dB, Offset= -94.593246 Hz:  MD Decode;5 Type1=HF7, Type2=H8, D1= 0.54, D2= 0.48
14:54:37.468 poor frame type decode
14:54:37.966 Prior-Offset= 1.075790
14:54:38.060 EnvelopeCorrelator CorMax:MaxProd= 58.853630  J= 230
14:54:38.060 [Acquire2ToneLeaderSymbolFraming] intIatMinError= 0
14:54:38.665 Frame Decode type 55 fa 55 Dist 0.31 0.39 0.27 Sess ff pend 0 conn 0 lastsess 0
14:54:38.665 [Frame Type Decode Fail] Ldr; S:N(3KHz) Early= -11.955785 dB, Full -13.623987 dB, Offset= -16.911392 Hz:  MD Decode;5 Type1=H55, Type2=HFA, D1= 0.31, D2= 0.39
14:54:38.665 poor frame type decode
14:54:39.773 Prior-Offset= -0.079803
14:54:39.877 EnvelopeCorrelator CorMax:MaxProd= 68.042023  J= 15
14:54:39.877 [Acquire2ToneLeaderSymbolFraming] intIatMinError= -2
14:54:40.678 Frame Decode type 2e 65 e2 Dist 0.60 0.44 0.49 Sess ff pend 0 conn 0 lastsess 0
14:54:40.678 [Frame Type Decode Fail] Ldr; S:N(3KHz) Early= -14.390844 dB, Full -6.127014 dB, Offset= -78.117249 Hz:  MD Decode;5 Type1=H2E, Type2=H65, D1= 0.60, D2= 0.44
14:54:40.678 poor frame type decode
14:54:40.971 Input peaks = -2907, 3619
14:54:43.277 Prior-Offset= 0.796875
14:54:43.375 EnvelopeCorrelator CorMax:MaxProd= 55.657928  J= 1
14:54:43.375 [Acquire2ToneLeaderSymbolFraming] intIatMinError= 1
14:54:44.378 frame sync timeout 14780
14:54:44.503 Prior-Offset= -0.332596
14:54:44.607 EnvelopeCorrelator CorMax:MaxProd= 59.361984  J= 343
14:54:44.607 [Acquire2ToneLeaderSymbolFraming] intIatMinError= 0
14:54:44.905 Frame Decode type fd 8 f7 Dist 0.43 0.40 0.40 Sess ff pend 0 conn 0 lastsess 0
14:54:44.905 [Frame Type Decode Fail] Ldr; S:N(3KHz) Early= -12.354766 dB, Full -7.665350 dB, Offset= 98.151199 Hz:  MD Decode;5 Type1=HFD, Type2=H8, D1= 0.43, D2= 0.40
14:54:44.905 poor frame type decode
14:54:45.072 Prior-Offset= -0.095306
14:54:45.176 EnvelopeCorrelator CorMax:MaxProd= 58.132271  J= 283
14:54:45.176 [Acquire2ToneLeaderSymbolFraming] intIatMinError= -2
14:54:45.372 Frame Decode type f7 18 65 Dist 0.55 0.54 0.46 Sess ff pend 0 conn 0 lastsess 0
14:54:45.372 [Frame Type Decode Fail] Ldr; S:N(3KHz) Early= -14.700098 dB, Full -11.752933 dB, Offset= -99.033997 Hz:  MD Decode;5 Type1=HF7, Type2=H18, D1= 0.55, D2= 0.54
14:54:45.372 poor frame type decode
14:54:46.005 Prior-Offset= 0.255768
14:54:46.110 EnvelopeCorrelator CorMax:MaxProd= 57.173119  J= 343
14:54:46.110 [Acquire2ToneLeaderSymbolFraming] intIatMinError= 2
14:54:46.408 Frame Decode type ea fa 41 Dist 0.51 0.52 0.51 Sess ff pend 0 conn 0 lastsess 0
14:54:46.408 [Frame Type Decode Fail] Ldr; S:N(3KHz) Early= -14.198503 dB, Full -13.728666 dB, Offset= -37.542324 Hz:  MD Decode;5 Type1=HEA, Type2=HFA, D1= 0.51, D2= 0.52
14:54:46.408 poor frame type decode
14:54:46.553 Prior-Offset= -1.244476
14:54:46.658 EnvelopeCorrelator CorMax:MaxProd= 63.896736  J= 357
14:54:46.658 [Acquire2ToneLeaderSymbolFraming] intIatMinError= -1
14:54:47.450 Frame Decode type f6 63 1e Dist 0.51 0.46 0.63 Sess ff pend 0 conn 0 lastsess 0
14:54:47.450 [Frame Type Decode Fail] Ldr; S:N(3KHz) Early= -10.088888 dB, Full -6.527748 dB, Offset= -65.119972 Hz:  MD Decode;5 Type1=HF6, Type2=H63, D1= 0.51, D2= 0.46
14:54:47.450 poor frame type decode
14:54:47.800 Prior-Offset= -0.506317
14:54:47.909 EnvelopeCorrelator CorMax:MaxProd= 63.024883  J= 81
14:54:47.909 [Acquire2ToneLeaderSymbolFraming] intIatMinError= 2
14:54:48.309 Frame Decode type f9 65 e2 Dist 0.39 0.31 0.46 Sess ff pend 0 conn 0 lastsess 0
14:54:48.309 [Frame Type Decode Fail] Ldr; S:N(3KHz) Early= -5.306169 dB, Full -10.585546 dB, Offset= -62.915966 Hz:  MD Decode;5 Type1=HF9, Type2=H65, D1= 0.39, D2= 0.31
14:54:48.309 poor frame type decode
14:54:48.605 Prior-Offset= -0.304741
14:54:48.710 EnvelopeCorrelator CorMax:MaxProd= 58.500362  J= 101
14:54:48.710 [Acquire2ToneLeaderSymbolFraming] intIatMinError= 0
14:54:48.906 Frame Decode type fa 55 e2 Dist 0.55 0.30 0.49 Sess ff pend 0 conn 0 lastsess 0
14:54:48.907 [Frame Type Decode OK  ] Ldr; S:N(3KHz) Early= -11.071111 dB, Full -6.716381 dB, Offset= -73.408867 Hz:  MD Decode;4 ID=HFF, Type=HFA:DataACK, D1= 0.55, D2= 0.30
14:54:48.907 MEMARQ Flags 0 0 0 0 0 0 0 0
14:54:51.056 Input peaks = -3690, 3858
14:54:52.909 [CorrectRawDataWithRS] RS says ok but CRC still bad
14:54:52.911 [CorrectRawDataWithRS] RS says ok but CRC still bad
14:54:52.912 DemodQAM retry RS on MEM ARQ Corrected frames
14:54:52.913 [CorrectRawDataWithRS] RS Says Can't Correct
14:54:52.915 [CorrectRawDataWithRS] RS says ok but CRC still bad
14:54:52.915 Qual = 11
14:54:52.915 DecodeFrame MEMARQ Flags 0 0 0 0 0 0 0 0
14:54:52.915 [DecodeFrame] Frame: 16QAM.500.100.O Decode FAIL,   Constellation Quality= 11
14:54:52.915 Time since received = 8
14:54:53.475 Prior-Offset= -1.199009
14:54:53.582 EnvelopeCorrelator CorMax:MaxProd= 63.570541  J= 54
14:54:53.582 [Acquire2ToneLeaderSymbolFraming] intIatMinError= -2
14:54:53.982 Frame Decode type ff 65 3a Dist 0.43 0.48 0.52 Sess ff pend 0 conn 0 lastsess 0
14:54:53.982 [Frame Type Decode Fail] Ldr; S:N(3KHz) Early= -10.240363 dB, Full -9.519689 dB, Offset= -58.186062 Hz:  MD Decode;5 Type1=HFF, Type2=H65, D1= 0.43, D2= 0.48
14:54:53.982 poor frame type decode
14:54:58.358 Prior-Offset= -1.588364
14:54:58.453 EnvelopeCorrelator CorMax:MaxProd= 58.725132  J= 206
14:54:58.453 [Acquire2ToneLeaderSymbolFraming] intIatMinError= 1
14:54:59.153 Frame Decode type e8 65 ea Dist 0.55 0.38 0.46 Sess ff pend 0 conn 0 lastsess 0
14:54:59.153 [Frame Type Decode Fail] Ldr; S:N(3KHz) Early= -11.761871 dB, Full -8.443659 dB, Offset= -74.616859 Hz:  MD Decode;5 Type1=HE8, Type2=H65, D1= 0.55, D2= 0.38
14:54:59.153 poor frame type decode
14:54:59.309 Prior-Offset= 2.415604
14:54:59.407 EnvelopeCorrelator CorMax:MaxProd= 56.132366  J= 201
14:54:59.407 [Acquire2ToneLeaderSymbolFraming] intIatMinError= -2
14:55:00.409 frame sync timeout 16031
14:55:00.971 Prior-Offset= -0.686592
14:55:01.064 EnvelopeCorrelator CorMax:MaxProd= 58.530746  J= 105
14:55:01.064 [Acquire2ToneLeaderSymbolFraming] intIatMinError= -2
14:55:01.208 Input peaks = -3826, 4247
14:55:01.362 Frame Decode type ff 55 ea Dist 0.58 0.24 0.42 Sess ff pend 0 conn 0 lastsess 0
14:55:01.362 [Frame Type Decode OK  ] Ldr; S:N(3KHz) Early= -6.025545 dB, Full -1.487103 dB, Offset= -93.289825 Hz:  MD Decode;4 ID=HFF, Type=HFF:DataACK, D1= 0.58, D2= 0.24
14:55:01.362 MEMARQ Flags 0 0 0 0 0 0 0 0
14:55:05.370 [CorrectRawDataWithRS] RS says ok but CRC still bad
14:55:05.372 [CorrectRawDataWithRS] RS Says Can't Correct
14:55:05.372 DemodQAM retry RS on MEM ARQ Corrected frames
14:55:05.374 [CorrectRawDataWithRS] RS says ok but CRC still bad
14:55:05.376 [CorrectRawDataWithRS] RS says ok but CRC still bad
14:55:05.376 Qual = 42
14:55:05.376 DecodeFrame MEMARQ Flags 0 0 0 0 0 0 0 0
14:55:05.376 [DecodeFrame] Frame: 16QAM.500.100.O Decode FAIL,   Constellation Quality= 42
14:55:05.376 Time since received = 9
14:55:05.917 Prior-Offset= -0.148529
14:55:06.015 EnvelopeCorrelator CorMax:MaxProd= 59.160854  J= 273
14:55:06.016 [Acquire2ToneLeaderSymbolFraming] intIatMinError= 2
14:55:07.005 frame sync timeout 6597
14:55:07.119 Prior-Offset= -0.135498
14:55:07.214 EnvelopeCorrelator CorMax:MaxProd= 58.755222  J= 109
14:55:07.214 [Acquire2ToneLeaderSymbolFraming] intIatMinError= 1
14:55:07.616 Frame Decode type e8 55 ea Dist 0.51 0.31 0.48 Sess ff pend 0 conn 0 lastsess 0
14:55:07.616 [Frame Type Decode Fail] Ldr; S:N(3KHz) Early= -6.113524 dB, Full 3.733231 dB, Offset= -74.784943 Hz:  MD Decode;5 Type1=HE8, Type2=H55, D1= 0.51, D2= 0.31
14:55:07.616 poor frame type decode
14:55:07.975 Prior-Offset= 0.060257
14:55:08.080 EnvelopeCorrelator CorMax:MaxProd= 61.641247  J= 44
14:55:08.080 [Acquire2ToneLeaderSymbolFraming] intIatMinError= -2
14:55:08.976 frame sync timeout 1971
14:55:09.855 Prior-Offset= 0.199959
14:55:09.961 EnvelopeCorrelator CorMax:MaxProd= 57.953548  J= 228
14:55:09.961 [Acquire2ToneLeaderSymbolFraming] intIatMinError= 0
14:55:10.955 frame sync timeout 1979
14:55:11.259 Input peaks = -2958, 3625
14:55:12.864 Prior-Offset= -2.608292
14:55:12.969 EnvelopeCorrelator CorMax:MaxProd= 50.389194  J= 242
14:55:12.969 [Acquire2ToneLeaderSymbolFraming] intIatMinError= 2
14:55:13.370 Frame Decode type 63 41 ff Dist 0.58 0.55 0.55 Sess ff pend 0 conn 0 lastsess 0
14:55:13.370 [Frame Type Decode Fail] Ldr; S:N(3KHz) Early= -11.537057 dB, Full -9.047443 dB, Offset= -69.935860 Hz:  MD Decode;5 Type1=H63, Type2=H41, D1= 0.58, D2= 0.55
14:55:13.370 poor frame type decode
14:55:13.804 Prior-Offset= 0.996048
14:55:13.909 EnvelopeCorrelator CorMax:MaxProd= 57.566319  J= 174
14:55:13.909 [Acquire2ToneLeaderSymbolFraming] intIatMinError= 0
14:55:14.710 Frame Decode type e8 55 e2 Dist 0.49 0.41 0.45 Sess ff pend 0 conn 0 lastsess 0
14:55:14.711 [Frame Type Decode Fail] Ldr; S:N(3KHz) Early= -9.325648 dB, Full -0.816547 dB, Offset= -80.936668 Hz:  MD Decode;5 Type1=HE8, Type2=H55, D1= 0.49, D2= 0.41
14:55:14.711 poor frame type decode
14:55:15.177 Prior-Offset= -1.517620
14:55:15.283 EnvelopeCorrelator CorMax:MaxProd= 59.683800  J= 277
14:55:15.284 [Acquire2ToneLeaderSymbolFraming] intIatMinError= 1
14:55:15.483 Frame Decode type 55 55 55 Dist 0.26 0.58 0.55 Sess ff pend 0 conn 0 lastsess 0
14:55:15.483 [Frame Type Decode OK  ] Ldr; S:N(3KHz) Early= -6.957071 dB, Full -10.391670 dB, Offset= -41.220219 Hz:  MD Decode;2 ID=HFF, Type=H55:16QAM.500.100.O, D1= 0.26, D2= 0.58
14:55:15.483 MEMARQ Flags 0 0 0 0 0 0 0 0
14:55:19.478 [CorrectRawDataWithRS] RS says ok but CRC still bad
14:55:19.480 [CorrectRawDataWithRS] RS Says Can't Correct
14:55:19.481 DemodQAM retry RS on MEM ARQ Corrected frames
14:55:19.483 [CorrectRawDataWithRS] RS Says Can't Correct
14:55:19.484 [CorrectRawDataWithRS] RS says ok but CRC still bad
14:55:19.484 Qual = 15
14:55:19.484 DecodeFrame MEMARQ Flags 0 0 0 0 0 0 0 0
14:55:19.484 [DecodeFrame] Frame: 16QAM.500.100.O Decode FAIL,   Constellation Quality= 15
14:55:19.484 Time since received = 8
14:55:20.555 Prior-Offset= 1.010235
14:55:20.659 EnvelopeCorrelator CorMax:MaxProd= 67.552284  J= 260
14:55:20.659 [Acquire2ToneLeaderSymbolFraming] intIatMinError= -1
14:55:20.854 Frame Decode type 2e 55 e2 Dist 0.48 0.36 0.47 Sess ff pend 0 conn 0 lastsess 0
14:55:20.854 [Frame Type Decode Fail] Ldr; S:N(3KHz) Early= -9.757999 dB, Full -8.525034 dB, Offset= -40.370033 Hz:  MD Decode;5 Type1=H2E, Type2=H55, D1= 0.48, D2= 0.36
14:55:20.854 poor frame type decode
14:55:21.070 Prior-Offset= 1.292995
14:55:21.174 EnvelopeCorrelator CorMax:MaxProd= 63.957222  J= 153
14:55:21.174 [Acquire2ToneLeaderSymbolFraming] intIatMinError= 0
14:55:21.317 Input peaks = -2445, 2834
14:55:21.965 Frame Decode type e2 55 2e Dist 0.49 0.37 0.43 Sess ff pend 0 conn 0 lastsess 0
14:55:21.965 [Frame Type Decode Fail] Ldr; S:N(3KHz) Early= -10.861789 dB, Full -11.887436 dB, Offset= -44.663029 Hz:  MD Decode;5 Type1=HE2, Type2=H55, D1= 0.49, D2= 0.37
14:55:21.965 poor frame type decode
14:55:23.055 Prior-Offset= 2.321739
14:55:23.165 EnvelopeCorrelator CorMax:MaxProd= 63.903687  J= 130
14:55:23.166 [Acquire2ToneLeaderSymbolFraming] intIatMinError= 2
14:55:23.856 Frame Decode type e2 65 3a Dist 0.49 0.37 0.49 Sess ff pend 0 conn 0 lastsess 0
14:55:23.856 [Frame Type Decode Fail] Ldr; S:N(3KHz) Early= -10.852318 dB, Full -10.719666 dB, Offset= -49.441574 Hz:  MD Decode;5 Type1=HE2, Type2=H65, D1= 0.49, D2= 0.37
14:55:23.856 poor frame type decode
14:55:24.880 Prior-Offset= -0.655437
14:55:24.984 EnvelopeCorrelator CorMax:MaxProd= 61.058689  J= 309
14:55:24.984 [Acquire2ToneLeaderSymbolFraming] intIatMinError= -2
14:55:25.282 Frame Decode type e2 55 e1 Dist 0.60 0.39 0.52 Sess ff pend 0 conn 0 lastsess 0
14:55:25.282 [Frame Type Decode Fail] Ldr; S:N(3KHz) Early= -14.974661 dB, Full -14.285782 dB, Offset= -45.786137 Hz:  MD Decode;5 Type1=HE2, Type2=H55, D1= 0.60, D2= 0.39
14:55:25.282 poor frame type decode
14:55:29.226 Prior-Offset= -0.884354
14:55:29.322 EnvelopeCorrelator CorMax:MaxProd= 70.508949  J= 351
14:55:29.322 [Acquire2ToneLeaderSymbolFraming] intIatMinError= -1
14:55:30.224 Frame Decode type 2e 55 ea Dist 0.45 0.27 0.43 Sess ff pend 0 conn 0 lastsess 0
14:55:30.224 [Frame Type Decode OK  ] Ldr; S:N(3KHz) Early= -10.866104 dB, Full -14.101612 dB, Offset= -45.280521 Hz:  MD Decode;4 ID=HFF, Type=H2E:ConRejBW, D1= 0.45, D2= 0.27
14:55:30.225 MEMARQ Flags 0 0 0 0 0 0 0 0
14:55:31.367 Input peaks = -3648, 4083
14:55:34.220 [CorrectRawDataWithRS] RS says ok but CRC still bad
14:55:34.222 [CorrectRawDataWithRS] RS says ok but CRC still bad
14:55:34.222 DemodQAM retry RS on MEM ARQ Corrected frames
14:55:34.224 [CorrectRawDataWithRS] RS Says Can't Correct
14:55:34.226 [CorrectRawDataWithRS] RS says ok but CRC still bad
14:55:34.226 Qual = 12
14:55:34.226 DecodeFrame MEMARQ Flags 0 0 0 0 0 0 0 0
14:55:34.226 [DecodeFrame] Frame: 16QAM.500.100.O Decode FAIL,   Constellation Quality= 12
14:55:34.226 Time since received = 8
14:55:34.817 Prior-Offset= -0.811497
14:55:34.922 EnvelopeCorrelator CorMax:MaxProd= 63.803371  J= 203
14:55:34.922 [Acquire2ToneLeaderSymbolFraming] intIatMinError= -2
14:55:35.124 Frame Decode type e8 e9 55 Dist 0.58 0.59 0.43 Sess ff pend 0 conn 0 lastsess 0
14:55:35.124 [Frame Type Decode Fail] Ldr; S:N(3KHz) Early= -5.304242 dB, Full -7.955900 dB, Offset= -44.913612 Hz:  MD Decode;5 Type1=HE8, Type2=HE9, D1= 0.58, D2= 0.59
14:55:35.124 poor frame type decode
14:55:35.279 Prior-Offset= -2.364723
14:55:35.385 EnvelopeCorrelator CorMax:MaxProd= 62.157806  J= 199
14:55:35.385 [Acquire2ToneLeaderSymbolFraming] intIatMinError= 0
14:55:35.582 Frame Decode type 55 55 65 Dist 0.16 0.55 0.59 Sess ff pend 0 conn 0 lastsess 0
14:55:35.582 [Frame Type Decode OK  ] Ldr; S:N(3KHz) Early= -4.734701 dB, Full -4.215221 dB, Offset= -33.548889 Hz:  MD Decode;2 ID=HFF, Type=H55:16QAM.500.100.O, D1= 0.16, D2= 0.55
14:55:35.582 MEMARQ Flags 0 0 0 0 0 0 0 0
14:55:39.485 [CorrectPhaseForTuningOffset] AvgOffsetBeginning=-40 AvgOffsetEnd=10 AccOffsetCnt=207/390
14:55:39.487 [CorrectRawDataWithRS] RS says ok but CRC still bad
14:55:39.489 [CorrectRawDataWithRS] RS Says Can't Correct
14:55:39.490 DemodQAM retry RS on MEM ARQ Corrected frames
14:55:39.492 [CorrectRawDataWithRS] RS says ok but CRC still bad
14:55:39.494 [CorrectRawDataWithRS] RS says ok but CRC still bad
14:55:39.494 Qual = 24
14:55:39.494 DecodeFrame MEMARQ Flags 0 0 0 0 0 0 0 0
14:55:39.494 [DecodeFrame] Frame: 16QAM.500.100.O Decode FAIL,   Constellation Quality= 24
14:55:39.494 Time since received = 9
14:55:41.413 Input peaks = -2694, 3151
14:55:43.367 Prior-Offset= 1.021420
14:55:43.462 EnvelopeCorrelator CorMax:MaxProd= 64.589752  J= 163
14:55:43.462 [Acquire2ToneLeaderSymbolFraming] intIatMinError= 2
14:55:44.159 Frame Decode type 55 ee 55 Dist 0.17 0.40 0.20 Sess ff pend 0 conn 0 lastsess 0
14:55:44.159 [Frame Type Decode OK  ] Ldr; S:N(3KHz) Early= -10.961189 dB, Full -3.717705 dB, Offset= -40.570309 Hz:  MD Decode;3 ID=HFF, Type=H55:16QAM.500.100.O, D1= 0.17, D2= 0.40
14:55:44.159 MEMARQ Flags 0 0 0 0 0 0 0 0
14:55:48.161 [CorrectPhaseForTuningOffset] AvgOffset=-13 AccOffsetCnt=201/390
14:55:48.163 [CorrectRawDataWithRS] RS says ok but CRC still bad
14:55:48.165 [CorrectRawDataWithRS] RS says ok but CRC still bad
14:55:48.165 DemodQAM retry RS on MEM ARQ Corrected frames
14:55:48.167 [CorrectRawDataWithRS] RS says ok but CRC still bad
14:55:48.169 [CorrectRawDataWithRS] RS says ok but CRC still bad
14:55:48.169 Qual = 0
14:55:48.169 DecodeFrame MEMARQ Flags 0 0 0 0 0 0 0 0
14:55:48.169 [DecodeFrame] Frame: 16QAM.500.100.O Decode FAIL,   Constellation Quality= 0
14:55:48.169 Time since received = 8
14:55:50.981 Prior-Offset= -0.041862
14:55:51.090 EnvelopeCorrelator CorMax:MaxProd= 69.341454  J= 251
14:55:51.090 [Acquire2ToneLeaderSymbolFraming] intIatMinError= 0
14:55:51.475 Input peaks = -3073, 3681
14:55:51.489 Frame Decode type e8 55 e8 Dist 0.52 0.34 0.44 Sess ff pend 0 conn 0 lastsess 0
14:55:51.489 [Frame Type Decode Fail] Ldr; S:N(3KHz) Early= -13.003689 dB, Full -13.925680 dB, Offset= -46.381035 Hz:  MD Decode;5 Type1=HE8, Type2=H55, D1= 0.52, D2= 0.34
14:55:51.489 poor frame type decode
14:55:58.378 Prior-Offset= 1.414444
14:55:58.473 EnvelopeCorrelator CorMax:MaxProd= 57.130066  J= 70
14:55:58.473 [Acquire2ToneLeaderSymbolFraming] intIatMinError= -1
14:55:58.774 Frame Decode type ea 72 4b Dist 0.64 0.58 0.64 Sess ff pend 0 conn 0 lastsess 0
14:55:58.774 [Frame Type Decode Fail] Ldr; S:N(3KHz) Early= -15.326608 dB, Full -15.665471 dB, Offset= -73.945641 Hz:  MD Decode;5 Type1=HEA, Type2=H72, D1= 0.64, D2= 0.58
14:55:58.774 poor frame type decode
14:55:59.084 Prior-Offset= -1.138285
14:55:59.189 EnvelopeCorrelator CorMax:MaxProd= 70.642601  J= 85
14:55:59.189 [Acquire2ToneLeaderSymbolFraming] intIatMinError= 0
14:56:00.186 frame sync timeout 49230
14:56:00.312 Prior-Offset= -0.210674
14:56:00.417 EnvelopeCorrelator CorMax:MaxProd= 64.131195  J= 332
14:56:00.418 [Acquire2ToneLeaderSymbolFraming] intIatMinError= 0
14:56:00.819 Frame Decode type 65 65 65 Dist 0.59 0.44 0.59 Sess ff pend 0 conn 0 lastsess 0
14:56:00.819 [Frame Type Decode Fail] Ldr; S:N(3KHz) Early= -9.809437 dB, Full 1.771740 dB, Offset= -43.053513 Hz:  MD Decode;5 Type1=H65, Type2=H65, D1= 0.59, D2= 0.44
14:56:00.819 poor frame type decode
14:56:00.923 Prior-Offset= -0.584366
14:56:01.028 EnvelopeCorrelator CorMax:MaxProd= 61.415947  J= 218
14:56:01.028 [Acquire2ToneLeaderSymbolFraming] intIatMinError= 1
14:56:01.326 Frame Decode type f6 41 7d Dist 0.63 0.51 0.53 Sess ff pend 0 conn 0 lastsess 0
14:56:01.326 [Frame Type Decode Fail] Ldr; S:N(3KHz) Early= -2.621323 dB, Full -4.791733 dB, Offset= -42.235558 Hz:  MD Decode;5 Type1=HF6, Type2=H41, D1= 0.63, D2= 0.51
14:56:01.326 poor frame type decode
14:56:01.471 Prior-Offset= -1.911606
14:56:01.491 Input peaks = -5319, 5751
14:56:01.565 EnvelopeCorrelator CorMax:MaxProd= 70.305023  J= 356
14:56:01.565 [Acquire2ToneLeaderSymbolFraming] intIatMinError= 2
14:56:01.770 Frame Decode type 55 f6 65 Dist 0.46 0.63 0.51 Sess ff pend 0 conn 0 lastsess 0
14:56:01.770 [Frame Type Decode Fail] Ldr; S:N(3KHz) Early= -10.539711 dB, Full -3.438128 dB, Offset= -35.487331 Hz:  MD Decode;5 Type1=H55, Type2=HF6, D1= 0.46, D2= 0.63
14:56:01.770 poor frame type decode
14:56:01.885 Prior-Offset= 0.201149
14:56:01.990 EnvelopeCorrelator CorMax:MaxProd= 70.023224  J= 25
14:56:01.990 [Acquire2ToneLeaderSymbolFraming] intIatMinError= -1
14:56:02.185 Frame Decode type 55 65 55 Dist 0.47 0.54 0.52 Sess ff pend 0 conn 0 lastsess 0
14:56:02.185 [Frame Type Decode Fail] Ldr; S:N(3KHz) Early= -9.132196 dB, Full -12.885853 dB, Offset= -19.086893 Hz:  MD Decode;5 Type1=H55, Type2=H65, D1= 0.47, D2= 0.54
14:56:02.185 poor frame type decode
14:56:02.330 Prior-Offset= 0.548889
14:56:02.424 EnvelopeCorrelator CorMax:MaxProd= 64.558929  J= 233
14:56:02.424 [Acquire2ToneLeaderSymbolFraming] intIatMinError= 2
14:56:02.630 Frame Decode type 55 fb 44 Dist 0.58 0.62 0.59 Sess ff pend 0 conn 0 lastsess 0
14:56:02.631 [Frame Type Decode Fail] Ldr; S:N(3KHz) Early= -12.562650 dB, Full -13.507477 dB, Offset= -46.035606 Hz:  MD Decode;5 Type1=H55, Type2=HFB, D1= 0.58, D2= 0.62
14:56:02.631 poor frame type decode
14:56:02.765 Prior-Offset= -0.776884
14:56:02.870 EnvelopeCorrelator CorMax:MaxProd= 63.011845  J= 148
14:56:02.870 [Acquire2ToneLeaderSymbolFraming] intIatMinError= -1
14:56:03.669 Frame Decode type 6 55 4a Dist 0.51 0.56 0.60 Sess ff pend 0 conn 0 lastsess 0
14:56:03.669 [Frame Type Decode Fail] Ldr; S:N(3KHz) Early= -10.046228 dB, Full 3.205441 dB, Offset= -31.199150 Hz:  MD Decode;5 Type1=H6, Type2=H55, D1= 0.51, D2= 0.56
14:56:03.669 poor frame type decode
14:56:04.017 Prior-Offset= 0.248108
14:56:04.123 EnvelopeCorrelator CorMax:MaxProd= 66.873192  J= 166
14:56:04.123 [Acquire2ToneLeaderSymbolFraming] intIatMinError= 2
14:56:05.021 frame sync timeout 4835
14:56:05.528 Prior-Offset= -0.474883
14:56:05.633 EnvelopeCorrelator CorMax:MaxProd= 59.374340  J= 187
14:56:05.633 [Acquire2ToneLeaderSymbolFraming] intIatMinError= 2
14:56:05.828 Frame Decode type 51 ea 55 Dist 0.31 0.51 0.18 Sess ff pend 0 conn 0 lastsess 0
14:56:05.828 [Frame Type Decode Fail] Ldr; S:N(3KHz) Early= -12.078999 dB, Full -6.237083 dB, Offset= -9.911242 Hz:  MD Decode;5 Type1=H51, Type2=HEA, D1= 0.31, D2= 0.51
14:56:05.828 poor frame type decode
14:56:06.027 Prior-Offset= 0.772186
14:56:06.131 EnvelopeCorrelator CorMax:MaxProd= 57.357056  J= 175
14:56:06.132 [Acquire2ToneLeaderSymbolFraming] intIatMinError= -2
14:56:06.932 Frame Decode type f7 8 f7 Dist 0.53 0.54 0.54 Sess ff pend 0 conn 0 lastsess 0
14:56:06.932 [Frame Type Decode Fail] Ldr; S:N(3KHz) Early= -4.652294 dB, Full -1.107735 dB, Offset= -89.550896 Hz:  MD Decode;5 Type1=HF7, Type2=H8, D1= 0.53, D2= 0.54
14:56:06.932 poor frame type decode
14:56:07.228 Prior-Offset= 0.242092
14:56:07.333 EnvelopeCorrelator CorMax:MaxProd= 72.850800  J= 3
14:56:07.333 [Acquire2ToneLeaderSymbolFraming] intIatMinError= 1
14:56:07.631 Frame Decode type 62 7b 40 Dist 0.58 0.54 0.50 Sess ff pend 0 conn 0 lastsess 0
14:56:07.631 [Frame Type Decode Fail] Ldr; S:N(3KHz) Early= -11.116566 dB, Full 2.004574 dB, Offset= -34.152569 Hz:  MD Decode;5 Type1=H62, Type2=H7B, D1= 0.58, D2= 0.54
14:56:07.631 poor frame type decode
14:56:07.788 Prior-Offset= 0.821823
14:56:07.892 EnvelopeCorrelator CorMax:MaxProd= 62.371883  J= 107
14:56:07.892 [Acquire2ToneLeaderSymbolFraming] intIatMinError= 1
14:56:08.088 Frame Decode type 55 5 fa Dist 0.52 0.55 0.55 Sess ff pend 0 conn 0 lastsess 0
14:56:08.088 [Frame Type Decode Fail] Ldr; S:N(3KHz) Early= -14.988164 dB, Full -14.552557 dB, Offset= -91.751396 Hz:  MD Decode;5 Type1=H55, Type2=H5, D1= 0.52, D2= 0.55
14:56:08.088 poor frame type decode
14:56:08.288 Prior-Offset= 1.356422
14:56:08.392 EnvelopeCorrelator CorMax:MaxProd= 55.150269  J= 20
14:56:08.392 [Acquire2ToneLeaderSymbolFraming] intIatMinError= 0
14:56:08.590 Frame Decode type ff 9 f6 Dist 0.50 0.52 0.52 Sess ff pend 0 conn 0 lastsess 0
14:56:08.590 [Frame Type Decode Fail] Ldr; S:N(3KHz) Early= -14.790869 dB, Full -6.782993 dB, Offset= -93.051750 Hz:  MD Decode;5 Type1=HFF, Type2=H9, D1= 0.50, D2= 0.52
14:56:08.591 poor frame type decode
14:56:08.763 Prior-Offset= -0.070290
14:56:08.871 EnvelopeCorrelator CorMax:MaxProd= 62.392593  J= 85
14:56:08.871 [Acquire2ToneLeaderSymbolFraming] intIatMinError= -2
14:56:09.067 Frame Decode type 17 72 5 Dist 0.65 0.60 0.60 Sess ff pend 0 conn 0 lastsess 0
14:56:09.067 [Frame Type Decode Fail] Ldr; S:N(3KHz) Early= -12.797317 dB, Full -10.391026 dB, Offset= -36.035454 Hz:  MD Decode;5 Type1=H17, Type2=H72, D1= 0.65, D2= 0.60
14:56:09.067 poor frame type decode
14:56:09.319 Prior-Offset= -0.233835
14:56:09.423 EnvelopeCorrelator CorMax:MaxProd= 68.332596  J= 168
14:56:09.424 [Acquire2ToneLeaderSymbolFraming] intIatMinError= 0
14:56:09.722 Frame Decode type 5 ea 55 Dist 0.44 0.57 0.46 Sess ff pend 0 conn 0 lastsess 0
14:56:09.722 [Frame Type Decode Fail] Ldr; S:N(3KHz) Early= -12.669346 dB, Full -8.228924 dB, Offset= -27.935364 Hz:  MD Decode;5 Type1=H5, Type2=HEA, D1= 0.44, D2= 0.57
14:56:09.722 poor frame type decode
14:56:09.889 Prior-Offset= 1.717598
14:56:09.994 EnvelopeCorrelator CorMax:MaxProd= 55.293140  J= 138
14:56:09.994 [Acquire2ToneLeaderSymbolFraming] intIatMinError= -1
14:56:10.684 Frame Decode type 2e 65 e8 Dist 0.56 0.36 0.46 Sess ff pend 0 conn 0 lastsess 0
14:56:10.684 [Frame Type Decode Fail] Ldr; S:N(3KHz) Early= -11.170294 dB, Full -15.617360 dB, Offset= -74.199921 Hz:  MD Decode;5 Type1=H2E, Type2=H65, D1= 0.56, D2= 0.36
14:56:10.685 poor frame type decode
14:56:11.586 Input peaks = -3590, 4662
14:56:13.814 Prior-Offset= 1.887535
14:56:13.919 EnvelopeCorrelator CorMax:MaxProd= 61.976803  J= 3
14:56:13.919 [Acquire2ToneLeaderSymbolFraming] intIatMinError= -2
14:56:14.222 Frame Decode type e0 ed 12 Dist 0.67 0.45 0.45 Sess ff pend 0 conn 0 lastsess 0
14:56:14.222 [Frame Type Decode Fail] Ldr; S:N(3KHz) Early= -15.072383 dB, Full -14.271475 dB, Offset= -91.381256 Hz:  MD Decode;5 Type1=HE0, Type2=HED, D1= 0.67, D2= 0.45
14:56:14.222 poor frame type decode
14:56:15.032 Prior-Offset= -1.180866
14:56:15.130 EnvelopeCorrelator CorMax:MaxProd= 52.632824  J= 2
14:56:15.130 [Acquire2ToneLeaderSymbolFraming] intIatMinError= 2
14:56:15.633 Frame Decode type 55 65 e8 Dist 0.41 0.51 0.53 Sess ff pend 0 conn 0 lastsess 0
14:56:15.634 [Frame Type Decode Fail] Ldr; S:N(3KHz) Early= -11.020615 dB, Full -15.756735 dB, Offset= -38.879864 Hz:  MD Decode;5 Type1=H55, Type2=H65, D1= 0.41, D2= 0.51
14:56:15.634 poor frame type decode
14:56:16.089 Prior-Offset= 2.328037
14:56:16.194 EnvelopeCorrelator CorMax:MaxProd= 70.576904  J= 3
14:56:16.194 [Acquire2ToneLeaderSymbolFraming] intIatMinError= -2
14:56:16.894 Frame Decode type 53 ee 55 Dist 0.58 0.47 0.35 Sess ff pend 0 conn 0 lastsess 0
14:56:16.894 [Frame Type Decode Fail] Ldr; S:N(3KHz) Early= -12.699107 dB, Full -3.951035 dB, Offset= -41.285034 Hz:  MD Decode;5 Type1=H53, Type2=HEE, D1= 0.58, D2= 0.47
14:56:16.894 poor frame type decode
14:56:17.669 Prior-Offset= -1.206703
14:56:17.773 EnvelopeCorrelator CorMax:MaxProd= 65.143784  J= 161
14:56:17.773 [Acquire2ToneLeaderSymbolFraming] intIatMinError= 0
14:56:17.968 Frame Decode type 48 ef 10 Dist 0.55 0.47 0.47 Sess ff pend 0 conn 0 lastsess 0
14:56:17.968 [Frame Type Decode Fail] Ldr; S:N(3KHz) Early= -12.079720 dB, Full -10.756582 dB, Offset= -92.000961 Hz:  MD Decode;5 Type1=H48, Type2=HEF, D1= 0.55, D2= 0.47
14:56:17.968 poor frame type decode
14:56:18.678 Prior-Offset= 0.877045
14:56:18.782 EnvelopeCorrelator CorMax:MaxProd= 61.106998  J= 16
14:56:18.782 [Acquire2ToneLeaderSymbolFraming] intIatMinError= 1
14:56:18.977 Frame Decode type 1a fe 1 Dist 0.53 0.37 0.37 Sess ff pend 0 conn 0 lastsess 0
14:56:18.977 [Frame Type Decode Fail] Ldr; S:N(3KHz) Early= -15.245079 dB, Full -10.105169 dB, Offset= -77.399841 Hz:  MD Decode;5 Type1=H1A, Type2=HFE, D1= 0.53, D2= 0.37
14:56:18.977 poor frame type decode
14:56:21.669 Input peaks = -8634, 7357
14:56:22.927 Prior-Offset= -2.440247
14:56:23.031 EnvelopeCorrelator CorMax:MaxProd= 61.978703  J= 215
14:56:23.031 [Acquire2ToneLeaderSymbolFraming] intIatMinError= 1
14:56:23.432 Frame Decode type e0 55 e2 Dist 0.58 0.41 0.52 Sess ff pend 0 conn 0 lastsess 0
14:56:23.432 [Frame Type Decode Fail] Ldr; S:N(3KHz) Early= -14.787497 dB, Full -8.691587 dB, Offset= -56.237877 Hz:  MD Decode;5 Type1=HE0, Type2=H55, D1= 0.58, D2= 0.41
14:56:23.432 poor frame type decode
14:56:24.820 Prior-Offset= 1.107800
14:56:24.924 EnvelopeCorrelator CorMax:MaxProd= 65.453522  J= 15
14:56:24.924 [Acquire2ToneLeaderSymbolFraming] intIatMinError= -2
14:56:25.822 Frame Decode type fd f 33 Dist 0.46 0.60 0.58 Sess ff pend 0 conn 0 lastsess 0
14:56:25.822 [Frame Type Decode Fail] Ldr; S:N(3KHz) Early= -15.466677 dB, Full -12.830317 dB, Offset= -43.228668 Hz:  MD Decode;5 Type1=HFD, Type2=HF, D1= 0.46, D2= 0.60
14:56:25.822 poor frame type decode
14:56:28.171 Prior-Offset= -0.884853
14:56:28.275 EnvelopeCorrelator CorMax:MaxProd= 65.457809  J= 20
14:56:28.275 [Acquire2ToneLeaderSymbolFraming] intIatMinError= 0
14:56:28.470 Frame Decode type 55 ea 55 Dist 0.27 0.38 0.24 Sess ff pend 0 conn 0 lastsess 0
14:56:28.470 [Frame Type Decode OK  ] Ldr; S:N(3KHz) Early= -13.064951 dB, Full -13.658062 dB, Offset= -12.211538 Hz:  MD Decode;3 ID=HFF, Type=H55:16QAM.500.100.O, D1= 0.27, D2= 0.38
14:56:28.470 MEMARQ Flags 0 0 0 0 0 0 0 0
14:56:31.691 Input peaks = -12755, 10278
14:56:32.477 [CorrectRawDataWithRS] RS says ok but CRC still bad
14:56:32.481 [CorrectRawDataWithRS] RS says ok but CRC still bad
14:56:32.481 DemodQAM retry RS on MEM ARQ Corrected frames
14:56:32.485 [CorrectRawDataWithRS] RS Says Can't Correct
14:56:32.488 [CorrectRawDataWithRS] RS says ok but CRC still bad
14:56:32.489 Qual = 0
14:56:32.489 DecodeFrame MEMARQ Flags 0 0 0 0 0 0 0 0
14:56:32.489 [DecodeFrame] Frame: 16QAM.500.100.O Decode FAIL,   Constellation Quality= 0
14:56:32.489 Time since received = 16
14:56:32.905 Prior-Offset= 1.183462
14:56:32.961 EnvelopeCorrelator CorMax:MaxProd= 59.453014  J= 229
14:56:32.961 [Acquire2ToneLeaderSymbolFraming] intIatMinError= 0
14:56:33.274 Frame Decode type 51 ea 54 Dist 0.44 0.46 0.34 Sess ff pend 0 conn 0 lastsess 0
14:56:33.274 [Frame Type Decode Fail] Ldr; S:N(3KHz) Early= -11.955562 dB, Full -4.136419 dB, Offset= -29.230513 Hz:  MD Decode;5 Type1=H51, Type2=HEA, D1= 0.44, D2= 0.46
14:56:33.274 poor frame type decode
14:56:33.421 Prior-Offset= 0.789574
14:56:33.526 EnvelopeCorrelator CorMax:MaxProd= 47.707546  J= 229
14:56:33.526 [Acquire2ToneLeaderSymbolFraming] intIatMinError= 0
14:56:34.123 Frame Decode type 55 a 55 Dist 0.50 0.49 0.26 Sess ff pend 0 conn 0 lastsess 0
14:56:34.123 [Frame Type Decode Fail] Ldr; S:N(3KHz) Early= -13.310175 dB, Full -7.548407 dB, Offset= -80.461365 Hz:  MD Decode;5 Type1=H55, Type2=HA, D1= 0.50, D2= 0.49
14:56:34.123 poor frame type decode
14:56:34.237 Prior-Offset= -0.128967
14:56:34.331 EnvelopeCorrelator CorMax:MaxProd= 62.218346  J= 256
14:56:34.331 [Acquire2ToneLeaderSymbolFraming] intIatMinError= 1
14:56:34.629 Frame Decode type 55 ee 55 Dist 0.37 0.54 0.41 Sess ff pend 0 conn 0 lastsess 0
14:56:34.629 [Frame Type Decode Fail] Ldr; S:N(3KHz) Early= -6.908698 dB, Full -8.313742 dB, Offset= -78.560913 Hz:  MD Decode;5 Type1=H55, Type2=HEE, D1= 0.37, D2= 0.54
14:56:34.629 poor frame type decode
14:56:35.198 Prior-Offset= -1.392963
14:56:35.292 EnvelopeCorrelator CorMax:MaxProd= 48.458736  J= 101
14:56:35.292 [Acquire2ToneLeaderSymbolFraming] intIatMinError= -2
14:56:36.297 frame sync timeout 31276
14:56:36.473 Prior-Offset= 0.783760
14:56:36.577 EnvelopeCorrelator CorMax:MaxProd= 64.073341  J= 349
14:56:36.577 [Acquire2ToneLeaderSymbolFraming] intIatMinError= 2
14:56:37.571 frame sync timeout 1274
14:56:37.684 Prior-Offset= 1.615013
14:56:37.779 EnvelopeCorrelator CorMax:MaxProd= 63.491615  J= 57
14:56:37.779 [Acquire2ToneLeaderSymbolFraming] intIatMinError= 1
14:56:38.290 Frame Decode type 55 ee 50 Dist 0.25 0.52 0.33 Sess ff pend 0 conn 0 lastsess 0
14:56:38.290 [Frame Type Decode OK  ] Ldr; S:N(3KHz) Early= -1.868790 dB, Full -4.936504 dB, Offset= -19.963329 Hz:  MD Decode;3 ID=HFF, Type=H55:16QAM.500.100.O, D1= 0.25, D2= 0.52
14:56:38.290 MEMARQ Flags 0 0 0 0 0 0 0 0
14:56:41.733 Input peaks = -8272, 7633
14:56:42.186 [CorrectRawDataWithRS] RS Says Can't Correct
14:56:42.188 [CorrectRawDataWithRS] RS says ok but CRC still bad
14:56:42.188 DemodQAM retry RS on MEM ARQ Corrected frames
14:56:42.190 [CorrectRawDataWithRS] RS says ok but CRC still bad
14:56:42.192 [CorrectRawDataWithRS] RS says ok but CRC still bad
14:56:42.192 Qual = 1
14:56:42.192 DecodeFrame MEMARQ Flags 0 0 0 0 0 0 0 0
14:56:42.192 [DecodeFrame] Frame: 16QAM.500.100.O Decode FAIL,   Constellation Quality= 1
14:56:42.192 Time since received = 8
14:56:45.471 Prior-Offset= -2.540710
14:56:45.575 EnvelopeCorrelator CorMax:MaxProd= 55.670864  J= 265
14:56:45.575 [Acquire2ToneLeaderSymbolFraming] intIatMinError= 2
14:56:46.077 Frame Decode type e9 1c e3 Dist 0.60 0.56 0.56 Sess ff pend 0 conn 0 lastsess 0
14:56:46.077 [Frame Type Decode Fail] Ldr; S:N(3KHz) Early= -12.194320 dB, Full -11.115091 dB, Offset= -68.045700 Hz:  MD Decode;5 Type1=HE9, Type2=H1C, D1= 0.60, D2= 0.56
14:56:46.077 poor frame type decode
14:56:46.381 Prior-Offset= -0.500793
14:56:46.485 EnvelopeCorrelator CorMax:MaxProd= 62.533546  J= 1
14:56:46.485 [Acquire2ToneLeaderSymbolFraming] intIatMinError= 0
14:56:47.484 Frame Decode type f5 ed 53 Dist 0.58 0.61 0.59 Sess ff pend 0 conn 0 lastsess 0
14:56:47.484 [Frame Type Decode Fail] Ldr; S:N(3KHz) Early= -15.318192 dB, Full -14.643058 dB, Offset= -68.381226 Hz:  MD Decode;5 Type1=HF5, Type2=HED, D1= 0.58, D2= 0.61
14:56:47.484 poor frame type decode
14:56:47.800 Prior-Offset= -0.152950
14:56:47.894 EnvelopeCorrelator CorMax:MaxProd= 58.223839  J= 359
14:56:47.894 [Acquire2ToneLeaderSymbolFraming] intIatMinError= 0
14:56:48.294 Frame Decode type f0 17 e8 Dist 0.50 0.53 0.53 Sess ff pend 0 conn 0 lastsess 0
14:56:48.294 [Frame Type Decode Fail] Ldr; S:N(3KHz) Early= -12.713618 dB, Full -10.181891 dB, Offset= -62.781479 Hz:  MD Decode;5 Type1=HF0, Type2=H17, D1= 0.50, D2= 0.53
14:56:48.294 poor frame type decode
14:56:51.822 Input peaks = -11488, 11523
14:56:52.979 Prior-Offset= -2.188519
14:56:53.073 EnvelopeCorrelator CorMax:MaxProd= 53.846573  J= 346
14:56:53.073 [Acquire2ToneLeaderSymbolFraming] intIatMinError= 2
14:56:53.771 Frame Decode type 55 55 55 Dist 0.43 0.61 0.48 Sess ff pend 0 conn 0 lastsess 0
14:56:53.771 [Frame Type Decode Fail] Ldr; S:N(3KHz) Early= -14.592474 dB, Full -10.727411 dB, Offset= -55.968056 Hz:  MD Decode;5 Type1=H55, Type2=H55, D1= 0.43, D2= 0.61
14:56:53.771 poor frame type decode
14:56:58.327 Prior-Offset= -0.145401
14:56:58.431 EnvelopeCorrelator CorMax:MaxProd= 60.524193  J= 317
14:56:58.431 [Acquire2ToneLeaderSymbolFraming] intIatMinError= 0
14:56:58.924 Frame Decode type 65 65 55 Dist 0.36 0.51 0.42 Sess ff pend 0 conn 0 lastsess 0
14:56:58.924 [Frame Type Decode Fail] Ldr; S:N(3KHz) Early= 1.631678 dB, Full -2.168156 dB, Offset= -73.458542 Hz:  MD Decode;5 Type1=H65, Type2=H65, D1= 0.36, D2= 0.51
14:56:58.924 poor frame type decode
14:56:59.239 Prior-Offset= 2.475945
14:56:59.333 EnvelopeCorrelator CorMax:MaxProd= 61.392525  J= 6
14:56:59.333 [Acquire2ToneLeaderSymbolFraming] intIatMinError= 2
14:57:00.332 frame sync timeout 22761
14:57:00.978 Prior-Offset= -0.085518
14:57:01.077 EnvelopeCorrelator CorMax:MaxProd= 60.087982  J= 108
14:57:01.077 [Acquire2ToneLeaderSymbolFraming] intIatMinError= 1
14:57:01.881 Input peaks = -8528, 10036
14:57:02.077 frame sync timeout 1746
14:57:02.331 Prior-Offset= 0.963371
14:57:02.425 EnvelopeCorrelator CorMax:MaxProd= 62.949406  J= 19
14:57:02.425 [Acquire2ToneLeaderSymbolFraming] intIatMinError= -1
14:57:03.029 Frame Decode type 55 65 55 Dist 0.39 0.50 0.50 Sess ff pend 0 conn 0 lastsess 0
14:57:03.030 [Frame Type Decode Fail] Ldr; S:N(3KHz) Early= -3.331186 dB, Full -0.679882 dB, Offset= -91.508972 Hz:  MD Decode;5 Type1=H55, Type2=H65, D1= 0.39, D2= 0.50
14:57:03.030 poor frame type decode
14:57:03.228 Prior-Offset= -2.843788
14:57:03.323 EnvelopeCorrelator CorMax:MaxProd= 60.144596  J= 192
14:57:03.323 [Acquire2ToneLeaderSymbolFraming] intIatMinError= 1
14:57:03.632 Frame Decode type 54 fa 5 Dist 0.41 0.47 0.47 Sess ff pend 0 conn 0 lastsess 0
14:57:03.632 [Frame Type Decode Fail] Ldr; S:N(3KHz) Early= -5.998816 dB, Full 0.965113 dB, Offset= -77.930214 Hz:  MD Decode;5 Type1=H54, Type2=HFA, D1= 0.41, D2= 0.47
14:57:03.632 poor frame type decode
14:57:03.735 Prior-Offset= -0.586021
14:57:03.840 EnvelopeCorrelator CorMax:MaxProd= 52.480560  J= 356
14:57:03.840 [Acquire2ToneLeaderSymbolFraming] intIatMinError= 0
14:57:04.137 Frame Decode type 55 fa 55 Dist 0.28 0.43 0.35 Sess ff pend 0 conn 0 lastsess 0
14:57:04.137 [Frame Type Decode OK  ] Ldr; S:N(3KHz) Early= -15.284275 dB, Full -1.785904 dB, Offset= -79.911064 Hz:  MD Decode;3 ID=HFF, Type=H55:16QAM.500.100.O, D1= 0.28, D2= 0.43
14:57:04.137 MEMARQ Flags 0 0 0 0 0 0 0 0
14:57:08.138 [CorrectRawDataWithRS] RS says ok but CRC still bad
14:57:08.140 [CorrectRawDataWithRS] RS Says Can't Correct
14:57:08.141 DemodQAM retry RS on MEM ARQ Corrected frames
14:57:08.143 [CorrectRawDataWithRS] RS Says Can't Correct
14:57:08.145 [CorrectRawDataWithRS] RS says ok but CRC still bad
14:57:08.145 Qual = 12
14:57:08.145 DecodeFrame MEMARQ Flags 0 0 0 0 0 0 0 0
14:57:08.145 [DecodeFrame] Frame: 16QAM.500.100.O Decode FAIL,   Constellation Quality= 12
14:57:08.145 Time since received = 8
14:57:08.451 Prior-Offset= -2.157562
14:57:08.504 EnvelopeCorrelator CorMax:MaxProd= 62.817154  J= 271
14:57:08.504 [Acquire2ToneLeaderSymbolFraming] intIatMinError= 0
14:57:08.608 Frame Decode type ff 65 fa Dist 0.55 0.50 0.51 Sess ff pend 0 conn 0 lastsess 0
14:57:08.608 [Frame Type Decode Fail] Ldr; S:N(3KHz) Early= -8.557178 dB, Full -9.285275 dB, Offset= -84.534325 Hz:  MD Decode;5 Type1=HFF, Type2=H65, D1= 0.55, D2= 0.50
14:57:08.608 poor frame type decode
14:57:08.723 Prior-Offset= 0.203011
14:57:08.827 EnvelopeCorrelator CorMax:MaxProd= 54.524426  J= 170
14:57:08.827 [Acquire2ToneLeaderSymbolFraming] intIatMinError= -1
14:57:09.124 Frame Decode type 55 fa 55 Dist 0.41 0.56 0.40 Sess ff pend 0 conn 0 lastsess 0
14:57:09.124 [Frame Type Decode Fail] Ldr; S:N(3KHz) Early= -9.853574 dB, Full -5.163595 dB, Offset= -91.213913 Hz:  MD Decode;5 Type1=H55, Type2=HFA, D1= 0.41, D2= 0.56
14:57:09.124 poor frame type decode
14:57:09.492 Prior-Offset= -0.419617
14:57:09.586 EnvelopeCorrelator CorMax:MaxProd= 53.762657  J= 12
14:57:09.586 [Acquire2ToneLeaderSymbolFraming] intIatMinError= 0
14:57:09.791 Frame Decode type 40 fa 55 Dist 0.41 0.39 0.27 Sess ff pend 0 conn 0 lastsess 0
14:57:09.792 [Frame Type Decode Fail] Ldr; S:N(3KHz) Early= -15.285181 dB, Full -12.659200 dB, Offset= -80.774048 Hz:  MD Decode;5 Type1=H40, Type2=HFA, D1= 0.41, D2= 0.39
14:57:09.792 poor frame type decode
14:57:09.895 Prior-Offset= 2.478745
14:57:10.000 EnvelopeCorrelator CorMax:MaxProd= 55.865520  J= 174
14:57:10.000 [Acquire2ToneLeaderSymbolFraming] intIatMinError= -1
14:57:10.195 Frame Decode type 62 65 3a Dist 0.62 0.33 0.51 Sess ff pend 0 conn 0 lastsess 0
14:57:10.195 [Frame Type Decode Fail] Ldr; S:N(3KHz) Early= -4.791544 dB, Full 2.113762 dB, Offset= -77.054665 Hz:  MD Decode;5 Type1=H62, Type2=H65, D1= 0.62, D2= 0.33
14:57:10.195 poor frame type decode
14:57:11.974 Input peaks = -10989, 10951
14:57:14.327 Prior-Offset= -2.937271
14:57:14.432 EnvelopeCorrelator CorMax:MaxProd= 69.789673  J= 0
14:57:14.432 [Acquire2ToneLeaderSymbolFraming] intIatMinError= -1
14:57:14.729 Frame Decode type e8 55 ea Dist 0.43 0.43 0.49 Sess ff pend 0 conn 0 lastsess 0
14:57:14.729 [Frame Type Decode Fail] Ldr; S:N(3KHz) Early= -15.676881 dB, Full -15.110936 dB, Offset= -76.451080 Hz:  MD Decode;5 Type1=HE8, Type2=H55, D1= 0.43, D2= 0.43
14:57:14.729 poor frame type decode
14:57:19.305 Prior-Offset= -1.281952
14:57:19.399 EnvelopeCorrelator CorMax:MaxProd= 55.810295  J= 168
14:57:19.399 [Acquire2ToneLeaderSymbolFraming] intIatMinError= -1
14:57:19.802 Frame Decode type 62 54 4a Dist 0.47 0.59 0.56 Sess ff pend 0 conn 0 lastsess 0
14:57:19.802 [Frame Type Decode Fail] Ldr; S:N(3KHz) Early= -15.324026 dB, Full -13.265702 dB, Offset= -48.133961 Hz:  MD Decode;5 Type1=H62, Type2=H54, D1= 0.47, D2= 0.59
14:57:19.803 poor frame type decode
14:57:22.028 Input peaks = -9338, 11048
14:57:28.286 Prior-Offset= 2.106766
14:57:28.390 EnvelopeCorrelator CorMax:MaxProd= 58.906536  J= 120
14:57:28.390 [Acquire2ToneLeaderSymbolFraming] intIatMinError= 1
14:57:29.290 Frame Decode type e8 65 3a Dist 0.51 0.37 0.56 Sess ff pend 0 conn 0 lastsess 0
14:57:29.291 [Frame Type Decode Fail] Ldr; S:N(3KHz) Early= -12.783986 dB, Full -10.180633 dB, Offset= -73.444054 Hz:  MD Decode;5 Type1=HE8, Type2=H65, D1= 0.51, D2= 0.37
14:57:29.291 poor frame type decode
14:57:29.490 Prior-Offset= 0.363007
14:57:29.600 EnvelopeCorrelator CorMax:MaxProd= 48.755157  J= 242
14:57:29.600 [Acquire2ToneLeaderSymbolFraming] intIatMinError= 1
14:57:30.492 frame sync timeout 28414
14:57:30.990 Prior-Offset= -0.163170
14:57:31.095 EnvelopeCorrelator CorMax:MaxProd= 58.914223  J= 168
14:57:31.095 [Acquire2ToneLeaderSymbolFraming] intIatMinError= -2
14:57:31.393 Frame Decode type fd 65 e8 Dist 0.53 0.34 0.37 Sess ff pend 0 conn 0 lastsess 0
14:57:31.393 [Frame Type Decode Fail] Ldr; S:N(3KHz) Early= -9.023528 dB, Full 6.146130 dB, Offset= -93.562325 Hz:  MD Decode;5 Type1=HFD, Type2=H65, D1= 0.53, D2= 0.34
14:57:31.393 poor frame type decode
14:57:31.527 Prior-Offset= -2.628029
14:57:31.632 EnvelopeCorrelator CorMax:MaxProd= 62.919884  J= 275
14:57:31.632 [Acquire2ToneLeaderSymbolFraming] intIatMinError= 2
14:57:32.082 Input peaks = -6009, 6461
14:57:32.629 frame sync timeout 2137
14:57:32.904 Prior-Offset= 0.198914
14:57:32.998 EnvelopeCorrelator CorMax:MaxProd= 63.048225  J= 132
14:57:32.999 [Acquire2ToneLeaderSymbolFraming] intIatMinError= 0
14:57:33.597 Frame Decode type ea 55 ea Dist 0.58 0.48 0.61 Sess ff pend 0 conn 0 lastsess 0
14:57:33.597 [Frame Type Decode Fail] Ldr; S:N(3KHz) Early= -4.105856 dB, Full -1.068367 dB, Offset= -80.747444 Hz:  MD Decode;5 Type1=HEA, Type2=H55, D1= 0.58, D2= 0.48
14:57:33.597 poor frame type decode
14:57:33.732 Prior-Offset= -1.887665
14:57:33.837 EnvelopeCorrelator CorMax:MaxProd= 51.298397  J= 0
14:57:33.837 [Acquire2ToneLeaderSymbolFraming] intIatMinError= 2
14:57:34.032 Frame Decode type 54 ff 0 Dist 0.46 0.56 0.56 Sess ff pend 0 conn 0 lastsess 0
14:57:34.032 [Frame Type Decode Fail] Ldr; S:N(3KHz) Early= -8.138119 dB, Full -6.011591 dB, Offset= -79.642891 Hz:  MD Decode;5 Type1=H54, Type2=HFF, D1= 0.46, D2= 0.56
14:57:34.032 poor frame type decode
14:57:34.530 Prior-Offset= -2.986504
14:57:34.634 EnvelopeCorrelator CorMax:MaxProd= 57.752308  J= 48
14:57:34.634 [Acquire2ToneLeaderSymbolFraming] intIatMinError= -1
14:57:35.330 Frame Decode type 55 49 16 Dist 0.47 0.50 0.54 Sess ff pend 0 conn 0 lastsess 0
14:57:35.330 [Frame Type Decode Fail] Ldr; S:N(3KHz) Early= -9.873090 dB, Full -10.108374 dB, Offset= -90.598824 Hz:  MD Decode;5 Type1=H55, Type2=H49, D1= 0.47, D2= 0.50
14:57:35.330 poor frame type decode
14:57:35.443 Prior-Offset= -1.000519
14:57:35.547 EnvelopeCorrelator CorMax:MaxProd= 60.942478  J= 3
14:57:35.547 [Acquire2ToneLeaderSymbolFraming] intIatMinError= 0
14:57:35.746 Frame Decode type 65 65 65 Dist 0.57 0.43 0.56 Sess ff pend 0 conn 0 lastsess 0
14:57:35.746 [Frame Type Decode Fail] Ldr; S:N(3KHz) Early= -7.865047 dB, Full -13.096851 dB, Offset= -70.500214 Hz:  MD Decode;5 Type1=H65, Type2=H65, D1= 0.57, D2= 0.43
14:57:35.746 poor frame type decode
14:57:36.012 Prior-Offset= 0.942360
14:57:36.107 EnvelopeCorrelator CorMax:MaxProd= 56.554829  J= 359
14:57:36.107 [Acquire2ToneLeaderSymbolFraming] intIatMinError= 0
14:57:36.305 Frame Decode type ea 64 e9 Dist 0.53 0.52 0.66 Sess ff pend 0 conn 0 lastsess 0
14:57:36.305 [Frame Type Decode Fail] Ldr; S:N(3KHz) Early= -4.121300 dB, Full 8.236576 dB, Offset= -87.236298 Hz:  MD Decode;5 Type1=HEA, Type2=H64, D1= 0.53, D2= 0.52
14:57:36.305 poor frame type decode
14:57:36.443 Prior-Offset= -0.762268
14:57:36.547 EnvelopeCorrelator CorMax:MaxProd= 63.163151  J= 2
14:57:36.547 [Acquire2ToneLeaderSymbolFraming] intIatMinError= 0
14:57:37.442 Frame Decode type e2 65 3a Dist 0.58 0.33 0.49 Sess ff pend 0 conn 0 lastsess 0
14:57:37.442 [Frame Type Decode Fail] Ldr; S:N(3KHz) Early= 0.971849 dB, Full 12.475018 dB, Offset= -66.660049 Hz:  MD Decode;5 Type1=HE2, Type2=H65, D1= 0.58, D2= 0.33
14:57:37.442 poor frame type decode
14:57:37.577 Prior-Offset= -1.266632
14:57:37.681 EnvelopeCorrelator CorMax:MaxProd= 51.742077  J= 351
14:57:37.681 [Acquire2ToneLeaderSymbolFraming] intIatMinError= 0
14:57:38.582 Frame Decode type e2 55 ea Dist 0.59 0.30 0.42 Sess ff pend 0 conn 0 lastsess 0
14:57:38.582 [Frame Type Decode Fail] Ldr; S:N(3KHz) Early= -14.892585 dB, Full -13.617226 dB, Offset= -69.709198 Hz:  MD Decode;5 Type1=HE2, Type2=H55, D1= 0.59, D2= 0.30
14:57:38.582 poor frame type decode
14:57:38.739 Prior-Offset= 0.089264
14:57:38.843 EnvelopeCorrelator CorMax:MaxProd= 56.434265  J= 30
14:57:38.843 [Acquire2ToneLeaderSymbolFraming] intIatMinError= 0
14:57:39.242 Frame Decode type e2 55 ea Dist 0.54 0.39 0.52 Sess ff pend 0 conn 0 lastsess 0
14:57:39.242 [Frame Type Decode Fail] Ldr; S:N(3KHz) Early= -13.291398 dB, Full -4.124409 dB, Offset= -88.475525 Hz:  MD Decode;5 Type1=HE2, Type2=H55, D1= 0.54, D2= 0.39
14:57:39.242 poor frame type decode
14:57:39.789 Prior-Offset= -0.750740
14:57:39.893 EnvelopeCorrelator CorMax:MaxProd= 60.091690  J= 184
14:57:39.893 [Acquire2ToneLeaderSymbolFraming] intIatMinError= -1
14:57:40.695 Frame Decode type ea 55 ea Dist 0.54 0.34 0.45 Sess ff pend 0 conn 0 lastsess 0
14:57:40.696 [Frame Type Decode Fail] Ldr; S:N(3KHz) Early= 2.974138 dB, Full 4.996090 dB, Offset= -74.201492 Hz:  MD Decode;5 Type1=HEA, Type2=H55, D1= 0.54, D2= 0.34
14:57:40.696 poor frame type decode
14:57:42.110 Input peaks = -4102, 4202
14:57:43.333 Prior-Offset= 1.972900
14:57:43.437 EnvelopeCorrelator CorMax:MaxProd= 44.289162  J= 1
14:57:43.437 [Acquire2ToneLeaderSymbolFraming] intIatMinError= 1
14:57:44.433 frame sync timeout 11804
14:57:45.003 Prior-Offset= 2.428646
14:57:45.107 EnvelopeCorrelator CorMax:MaxProd= 57.399616  J= 208
14:57:45.107 [Acquire2ToneLeaderSymbolFraming] intIatMinError= -2
14:57:45.404 Frame Decode type 2e a f5 Dist 0.59 0.48 0.48 Sess ff pend 0 conn 0 lastsess 0
14:57:45.404 [Frame Type Decode Fail] Ldr; S:N(3KHz) Early= -13.652077 dB, Full -11.667700 dB, Offset= -34.923325 Hz:  MD Decode;5 Type1=H2E, Type2=HA, D1= 0.59, D2= 0.48
14:57:45.404 poor frame type decode
14:57:46.037 Prior-Offset= -0.067444
14:57:46.131 EnvelopeCorrelator CorMax:MaxProd= 61.551510  J= 115
14:57:46.131 [Acquire2ToneLeaderSymbolFraming] intIatMinError= 0
14:57:46.735 Frame Decode type 44 eb 50 Dist 0.51 0.51 0.49 Sess ff pend 0 conn 0 lastsess 0
14:57:46.735 [Frame Type Decode Fail] Ldr; S:N(3KHz) Early= -12.896273 dB, Full -13.378827 dB, Offset= -37.788315 Hz:  MD Decode;5 Type1=H44, Type2=HEB, D1= 0.51, D2= 0.51
14:57:46.735 poor frame type decode
14:57:47.309 Prior-Offset= 2.205753
14:57:47.408 EnvelopeCorrelator CorMax:MaxProd= 65.991722  J= 317
14:57:47.408 [Acquire2ToneLeaderSymbolFraming] intIatMinError= 1
14:57:47.607 Frame Decode type 4a 1b e4 Dist 0.50 0.47 0.47 Sess ff pend 0 conn 0 lastsess 0
14:57:47.607 [Frame Type Decode Fail] Ldr; S:N(3KHz) Early= -11.821989 dB, Full -10.284223 dB, Offset= -29.892008 Hz:  MD Decode;5 Type1=H4A, Type2=H1B, D1= 0.50, D2= 0.47
14:57:47.608 poor frame type decode
14:57:48.747 Prior-Offset= 0.757507
14:57:48.841 EnvelopeCorrelator CorMax:MaxProd= 66.037308  J= 53
14:57:48.841 [Acquire2ToneLeaderSymbolFraming] intIatMinError= 0
14:57:49.046 Frame Decode type 55 65 42 Dist 0.40 0.39 0.53 Sess ff pend 0 conn 0 lastsess 0
14:57:49.046 [Frame Type Decode Fail] Ldr; S:N(3KHz) Early= -12.829817 dB, Full -11.729774 dB, Offset= -45.344063 Hz:  MD Decode;5 Type1=H55, Type2=H65, D1= 0.40, D2= 0.39
14:57:49.046 poor frame type decode
14:57:49.530 Prior-Offset= 0.399193
14:57:49.634 EnvelopeCorrelator CorMax:MaxProd= 64.486359  J= 241
14:57:49.634 [Acquire2ToneLeaderSymbolFraming] intIatMinError= -1
14:57:50.136 Frame Decode type ea 65 2e Dist 0.56 0.33 0.56 Sess ff pend 0 conn 0 lastsess 0
14:57:50.136 [Frame Type Decode Fail] Ldr; S:N(3KHz) Early= -10.728123 dB, Full -8.541876 dB, Offset= -41.924526 Hz:  MD Decode;5 Type1=HEA, Type2=H65, D1= 0.56, D2= 0.33
14:57:50.136 poor frame type decode
14:57:50.387 Prior-Offset= -2.012619
14:57:50.481 EnvelopeCorrelator CorMax:MaxProd= 70.829071  J= 83
14:57:50.481 [Acquire2ToneLeaderSymbolFraming] intIatMinError= -1
14:57:51.484 frame sync timeout 7051
14:57:51.609 Prior-Offset= 0.712719
14:57:51.703 EnvelopeCorrelator CorMax:MaxProd= 57.239033  J= 120
14:57:51.703 [Acquire2ToneLeaderSymbolFraming] intIatMinError= 0
14:57:51.908 Frame Decode type 65 65 3a Dist 0.54 0.31 0.46 Sess ff pend 0 conn 0 lastsess 0
14:57:51.908 [Frame Type Decode Fail] Ldr; S:N(3KHz) Early= -5.596853 dB, Full -10.188833 dB, Offset= -42.687393 Hz:  MD Decode;5 Type1=H65, Type2=H65, D1= 0.54, D2= 0.31
14:57:51.908 poor frame type decode
14:57:52.100 Prior-Offset= -0.313335
14:57:52.192 Input peaks = -3427, 3811
14:57:52.195 EnvelopeCorrelator CorMax:MaxProd= 64.672516  J= 274
14:57:52.195 [Acquire2ToneLeaderSymbolFraming] intIatMinError= 1
14:57:52.394 Frame Decode type 55 55 2e Dist 0.37 0.38 0.45 Sess ff pend 0 conn 0 lastsess 0
14:57:52.394 [Frame Type Decode Fail] Ldr; S:N(3KHz) Early= -11.451399 dB, Full -9.046730 dB, Offset= -50.037720 Hz:  MD Decode;5 Type1=H55, Type2=H55, D1= 0.37, D2= 0.38
14:57:52.394 poor frame type decode
14:57:52.510 Prior-Offset= -0.689308
14:57:52.605 EnvelopeCorrelator CorMax:MaxProd= 58.956619  J= 40
14:57:52.605 [Acquire2ToneLeaderSymbolFraming] intIatMinError= 2
14:57:53.010 Frame Decode type ea 65 e2 Dist 0.58 0.24 0.41 Sess ff pend 0 conn 0 lastsess 0
14:57:53.010 [Frame Type Decode OK  ] Ldr; S:N(3KHz) Early= -14.871666 dB, Full -12.679490 dB, Offset= -50.755383 Hz:  MD Decode;4 ID=HFF, Type=HEA:DataACK, D1= 0.58, D2= 0.24
14:57:53.010 New frame type - MEMARQ flags reset
14:57:53.010 MEMARQ Flags 0 0 0 0 0 0 0 0
14:57:57.006 [CorrectRawDataWithRS] RS says ok but CRC still bad
14:57:57.008 [CorrectRawDataWithRS] RS says ok but CRC still bad
14:57:57.010 [CorrectRawDataWithRS] RS says ok but CRC still bad
14:57:57.012 [CorrectRawDataWithRS] RS says ok but CRC still bad
14:57:57.012 Qual = 0
14:57:57.012 DecodeFrame MEMARQ Flags 0 0 0 0 0 0 0 0
14:57:57.012 [DecodeFrame] Frame: 16QAM.1000.100.O Decode FAIL,   Constellation Quality= 0
14:57:57.012 [AddTagToDataAndSendToHost] bytes=256 Tag ERR
14:57:57.012 [ARDOPprotocol.ProcessRcvdFECDataFrame] Pass failed frame ID 16QAM.1000.100.O to Host (256 bytes)
14:57:57.012 [ARDOPprotocol.ProcessRcvdFECDataFrame] Pass failed frame ID 16QAM.1000.100.O to Host (0 bytes)
14:57:57.012 Time since received = 8
14:57:58.312 Prior-Offset= 1.518730
14:57:58.406 EnvelopeCorrelator CorMax:MaxProd= 60.994083  J= 317
14:57:58.406 [Acquire2ToneLeaderSymbolFraming] intIatMinError= 0
14:57:59.011 Frame Decode type 55 ee 55 Dist 0.30 0.56 0.31 Sess ff pend 0 conn 0 lastsess 0
14:57:59.011 [Frame Type Decode OK  ] Ldr; S:N(3KHz) Early= -4.420334 dB, Full 12.375988 dB, Offset= -74.693192 Hz:  MD Decode;3 ID=HFF, Type=H55:16QAM.500.100.O, D1= 0.30, D2= 0.56
14:57:59.011 New frame type - MEMARQ flags reset
14:57:59.011 MEMARQ Flags 0 0 0 0 0 0 0 0
14:58:02.285 Input peaks = -3588, 4249
14:58:02.913 [CorrectRawDataWithRS] RS says ok but CRC still bad
14:58:02.918 [CorrectRawDataWithRS] RS Says Can't Correct
14:58:02.918 Qual = 31
14:58:02.918 DecodeFrame MEMARQ Flags 0 0 0 0 0 0 0 0
14:58:02.918 [DecodeFrame] Frame: 16QAM.500.100.O Decode FAIL,   Constellation Quality= 31
14:58:02.918 [AddTagToDataAndSendToHost] bytes=512 Tag ERR
14:58:02.918 [ARDOPprotocol.ProcessRcvdFECDataFrame] Pass failed frame ID 16QAM.500.100.O to Host (512 bytes)
14:58:02.918 [ARDOPprotocol.ProcessRcvdFECDataFrame] Pass failed frame ID 16QAM.500.100.O to Host (0 bytes)
14:58:02.918 Time since received = 6
14:58:03.245 Prior-Offset= 2.757317
14:58:03.303 EnvelopeCorrelator CorMax:MaxProd= 55.142136  J= 161
14:58:03.303 [Acquire2ToneLeaderSymbolFraming] intIatMinError= 0
14:58:04.053 Frame Decode type 55 ea 55 Dist 0.25 0.59 0.35 Sess ff pend 0 conn 0 lastsess 0
14:58:04.053 [Frame Type Decode OK  ] Ldr; S:N(3KHz) Early= -6.378988 dB, Full 0.867273 dB, Offset= -92.095711 Hz:  MD Decode;3 ID=HFF, Type=H55:16QAM.500.100.O, D1= 0.25, D2= 0.59
14:58:04.053 MEMARQ Flags 0 0 0 0 0 0 0 0
14:58:08.049 [CorrectRawDataWithRS] RS says ok but CRC still bad
14:58:08.051 [CorrectRawDataWithRS] RS says ok but CRC still bad
14:58:08.052 DemodQAM retry RS on MEM ARQ Corrected frames
14:58:08.053 [CorrectRawDataWithRS] RS says ok but CRC still bad
14:58:08.055 [CorrectRawDataWithRS] RS Says Can't Correct
14:58:08.055 Qual = 29
14:58:08.055 DecodeFrame MEMARQ Flags 0 0 0 0 0 0 0 0
14:58:08.055 [DecodeFrame] Frame: 16QAM.500.100.O Decode FAIL,   Constellation Quality= 29
14:58:08.055 Time since received = 8
14:58:08.372 Prior-Offset= 2.578781
14:58:08.425 EnvelopeCorrelator CorMax:MaxProd= 66.921471  J= 238
14:58:08.425 [Acquire2ToneLeaderSymbolFraming] intIatMinError= 0
14:58:08.529 Frame Decode type 54 eb 14 Dist 0.42 0.62 0.62 Sess ff pend 0 conn 0 lastsess 0
14:58:08.529 [Frame Type Decode Fail] Ldr; S:N(3KHz) Early= -10.891258 dB, Full -0.052671 dB, Offset= -81.134521 Hz:  MD Decode;5 Type1=H54, Type2=HEB, D1= 0.42, D2= 0.62
14:58:08.529 poor frame type decode
14:58:08.612 Prior-Offset= 1.606224
14:58:08.706 EnvelopeCorrelator CorMax:MaxProd= 49.595707  J= 84
14:58:08.706 [Acquire2ToneLeaderSymbolFraming] intIatMinError= 0
14:58:09.703 Frame Decode type 55 7d 42 Dist 0.51 0.57 0.54 Sess ff pend 0 conn 0 lastsess 0
14:58:09.703 [Frame Type Decode Fail] Ldr; S:N(3KHz) Early= -6.644630 dB, Full -12.704599 dB, Offset= -77.277756 Hz:  MD Decode;5 Type1=H55, Type2=H7D, D1= 0.51, D2= 0.57
14:58:09.703 poor frame type decode
14:58:09.841 Prior-Offset= 0.244827
14:58:09.939 EnvelopeCorrelator CorMax:MaxProd= 61.336926  J= 1
14:58:09.939 [Acquire2ToneLeaderSymbolFraming] intIatMinError= 0
14:58:10.842 frame sync timeout 19358
14:58:12.341 Input peaks = -1790, 2202
14:58:12.833 Prior-Offset= -1.829369
14:58:12.938 EnvelopeCorrelator CorMax:MaxProd= 57.352814  J= 175
14:58:12.938 [Acquire2ToneLeaderSymbolFraming] intIatMinError= -1
14:58:13.738 Frame Decode type e2 55 2e Dist 0.41 0.30 0.46 Sess ff pend 0 conn 0 lastsess 0
14:58:13.738 [Frame Type Decode Fail] Ldr; S:N(3KHz) Early= -12.891769 dB, Full -7.298323 dB, Offset= -73.573334 Hz:  MD Decode;5 Type1=HE2, Type2=H55, D1= 0.41, D2= 0.30
14:58:13.738 poor frame type decode
14:58:14.837 Prior-Offset= 0.288364
14:58:14.941 EnvelopeCorrelator CorMax:MaxProd= 45.896709  J= 356
14:58:14.941 [Acquire2ToneLeaderSymbolFraming] intIatMinError= -1
14:58:15.245 Frame Decode type ef 53 2e Dist 0.59 0.44 0.40 Sess ff pend 0 conn 0 lastsess 0
14:58:15.245 [Frame Type Decode Fail] Ldr; S:N(3KHz) Early= -14.513676 dB, Full -8.414318 dB, Offset= -58.668552 Hz:  MD Decode;5 Type1=HEF, Type2=H53, D1= 0.59, D2= 0.44
14:58:15.245 poor frame type decode
14:58:15.992 Prior-Offset= 0.447998
14:58:16.090 EnvelopeCorrelator CorMax:MaxProd= 67.199081  J= 0
14:58:16.090 [Acquire2ToneLeaderSymbolFraming] intIatMinError= 0
14:58:17.094 frame sync timeout 6252
14:58:18.010 Prior-Offset= 2.097713
14:58:18.114 EnvelopeCorrelator CorMax:MaxProd= 62.141647  J= 337
14:58:18.114 [Acquire2ToneLeaderSymbolFraming] intIatMinError= -2
14:58:18.309 Frame Decode type e8 1a 65 Dist 0.59 0.51 0.31 Sess ff pend 0 conn 0 lastsess 0
14:58:18.309 [Frame Type Decode Fail] Ldr; S:N(3KHz) Early= -13.077638 dB, Full -15.377393 dB, Offset= -31.991394 Hz:  MD Decode;5 Type1=HE8, Type2=H1A, D1= 0.59, D2= 0.51
14:58:18.309 poor frame type decode
14:58:18.793 Prior-Offset= -0.151615
14:58:18.887 EnvelopeCorrelator CorMax:MaxProd= 70.133316  J= 135
14:58:18.887 [Acquire2ToneLeaderSymbolFraming] intIatMinError= 0
14:58:19.491 Frame Decode type ea 65 3a Dist 0.52 0.33 0.46 Sess ff pend 0 conn 0 lastsess 0
14:58:19.491 [Frame Type Decode Fail] Ldr; S:N(3KHz) Early= -10.698009 dB, Full -11.648362 dB, Offset= -45.471222 Hz:  MD Decode;5 Type1=HEA, Type2=H65, D1= 0.52, D2= 0.33
14:58:19.491 poor frame type decode
14:58:20.008 Prior-Offset= 0.303642
14:58:20.112 EnvelopeCorrelator CorMax:MaxProd= 63.714439  J= 154
14:58:20.112 [Acquire2ToneLeaderSymbolFraming] intIatMinError= 0
14:58:20.512 Frame Decode type 2e 55 2e Dist 0.48 0.24 0.43 Sess ff pend 0 conn 0 lastsess 0
14:58:20.512 [Frame Type Decode OK  ] Ldr; S:N(3KHz) Early= -10.410219 dB, Full -11.154229 dB, Offset= -54.476280 Hz:  MD Decode;4 ID=HFF, Type=H2E:ConRejBW, D1= 0.48, D2= 0.24
14:58:20.512 MEMARQ Flags 0 0 0 0 0 0 0 0
14:58:22.406 Input peaks = -2934, 3475
14:58:24.513 [CorrectRawDataWithRS] RS Says Can't Correct
14:58:24.515 [CorrectRawDataWithRS] RS says ok but CRC still bad
14:58:24.515 DemodQAM retry RS on MEM ARQ Corrected frames
14:58:24.517 [CorrectRawDataWithRS] RS says ok but CRC still bad
14:58:24.519 [CorrectRawDataWithRS] RS Says Can't Correct
14:58:24.519 Qual = 5
14:58:24.519 DecodeFrame MEMARQ Flags 0 0 0 0 0 0 0 0
14:58:24.519 [DecodeFrame] Frame: 16QAM.500.100.O Decode FAIL,   Constellation Quality= 5
14:58:24.519 Time since received = 8
14:58:24.902 Prior-Offset= -1.039982
14:58:24.956 EnvelopeCorrelator CorMax:MaxProd= 57.733650  J= 0
14:58:24.956 [Acquire2ToneLeaderSymbolFraming] intIatMinError= 0
14:58:25.788 Frame Decode type 17 33 4c Dist 0.55 0.49 0.50 Sess ff pend 0 conn 0 lastsess 0
14:58:25.788 [Frame Type Decode Fail] Ldr; S:N(3KHz) Early= -14.368585 dB, Full -14.110426 dB, Offset= -42.696804 Hz:  MD Decode;5 Type1=H17, Type2=H33, D1= 0.55, D2= 0.49
14:58:25.788 poor frame type decode
14:58:28.312 Prior-Offset= 0.266373
14:58:28.411 EnvelopeCorrelator CorMax:MaxProd= 60.643677  J= 239
14:58:28.411 [Acquire2ToneLeaderSymbolFraming] intIatMinError= 0
14:58:28.913 Frame Decode type 55 fa 55 Dist 0.26 0.48 0.17 Sess ff pend 0 conn 0 lastsess 0
14:58:28.913 [Frame Type Decode OK  ] Ldr; S:N(3KHz) Early= 9.307476 dB, Full 18.094776 dB, Offset= -72.971840 Hz:  MD Decode;3 ID=HFF, Type=H55:16QAM.500.100.O, D1= 0.26, D2= 0.48
14:58:28.913 MEMARQ Flags 0 0 0 0 0 0 0 0
14:58:32.453 Input peaks = -8270, 8838
14:58:32.917 [CorrectRawDataWithRS] RS Says Can't Correct
14:58:32.919 [CorrectRawDataWithRS] RS Says Can't Correct
14:58:32.919 DemodQAM retry RS on MEM ARQ Corrected frames
14:58:32.921 [CorrectRawDataWithRS] RS Says Can't Correct
14:58:32.923 [CorrectRawDataWithRS] RS says ok but CRC still bad
14:58:32.923 Qual = 10
14:58:32.923 DecodeFrame MEMARQ Flags 0 0 0 0 0 0 0 0
14:58:32.923 [DecodeFrame] Frame: 16QAM.500.100.O Decode FAIL,   Constellation Quality= 10
14:58:32.923 Time since received = 8
14:58:33.229 Prior-Offset= 2.482872
14:58:33.283 EnvelopeCorrelator CorMax:MaxProd= 54.559021  J= 272
14:58:33.283 [Acquire2ToneLeaderSymbolFraming] intIatMinError= -1
14:58:33.439 Frame Decode type 65 65 55 Dist 0.57 0.62 0.46 Sess ff pend 0 conn 0 lastsess 0
14:58:33.439 [Frame Type Decode Fail] Ldr; S:N(3KHz) Early= -7.032654 dB, Full 0.820955 dB, Offset= -90.235245 Hz:  MD Decode;5 Type1=H65, Type2=H65, D1= 0.57, D2= 0.62
14:58:33.439 poor frame type decode
14:58:33.722 Prior-Offset= -2.684685
14:58:33.821 EnvelopeCorrelator CorMax:MaxProd= 56.363319  J= 18
14:58:33.821 [Acquire2ToneLeaderSymbolFraming] intIatMinError= -1
14:58:34.007 Frame Decode type 62 ff 0 Dist 0.56 0.61 0.61 Sess ff pend 0 conn 0 lastsess 0
14:58:34.007 [Frame Type Decode Fail] Ldr; S:N(3KHz) Early= -2.029385 dB, Full 2.703352 dB, Offset= -79.685081 Hz:  MD Decode;5 Type1=H62, Type2=HFF, D1= 0.56, D2= 0.61
14:58:34.007 poor frame type decode
14:58:34.145 Prior-Offset= 0.849113
14:58:34.240 EnvelopeCorrelator CorMax:MaxProd= 58.538158  J= 66
14:58:34.240 [Acquire2ToneLeaderSymbolFraming] intIatMinError= 0
14:58:35.045 Frame Decode type 54 55 62 Dist 0.57 0.56 0.57 Sess ff pend 0 conn 0 lastsess 0
14:58:35.045 [Frame Type Decode Fail] Ldr; S:N(3KHz) Early= 5.113987 dB, Full 9.123810 dB, Offset= -75.613510 Hz:  MD Decode;5 Type1=H54, Type2=H55, D1= 0.57, D2= 0.56
14:58:35.045 poor frame type decode
14:58:35.201 Prior-Offset= -0.383137
14:58:35.306 EnvelopeCorrelator CorMax:MaxProd= 48.818089  J= 69
14:58:35.306 [Acquire2ToneLeaderSymbolFraming] intIatMinError= 0
14:58:35.501 Frame Decode type 65 65 55 Dist 0.53 0.52 0.58 Sess ff pend 0 conn 0 lastsess 0
14:58:35.501 [Frame Type Decode Fail] Ldr; S:N(3KHz) Early= -13.383841 dB, Full -8.327137 dB, Offset= -60.660671 Hz:  MD Decode;5 Type1=H65, Type2=H65, D1= 0.53, D2= 0.52
14:58:35.501 poor frame type decode
14:58:35.657 Prior-Offset= 0.887749
14:58:35.751 EnvelopeCorrelator CorMax:MaxProd= 57.220642  J= 79
14:58:35.751 [Acquire2ToneLeaderSymbolFraming] intIatMinError= -2
14:58:36.757 Frame Decode type 65 55 62 Dist 0.58 0.54 0.57 Sess ff pend 0 conn 0 lastsess 0
14:58:36.757 [Frame Type Decode Fail] Ldr; S:N(3KHz) Early= -3.779638 dB, Full 8.753624 dB, Offset= -75.770241 Hz:  MD Decode;5 Type1=H65, Type2=H55, D1= 0.58, D2= 0.54
14:58:36.757 poor frame type decode
14:58:37.092 Prior-Offset= 0.010933
14:58:37.197 EnvelopeCorrelator CorMax:MaxProd= 57.142105  J= 217
14:58:37.197 [Acquire2ToneLeaderSymbolFraming] intIatMinError= 0
14:58:37.901 Frame Decode type 55 ea 55 Dist 0.47 0.53 0.38 Sess ff pend 0 conn 0 lastsess 0
14:58:37.901 [Frame Type Decode Fail] Ldr; S:N(3KHz) Early= -3.167639 dB, Full 9.969585 dB, Offset= -75.821327 Hz:  MD Decode;5 Type1=H55, Type2=HEA, D1= 0.47, D2= 0.53
14:58:37.901 poor frame type decode
14:58:38.189 Prior-Offset= -1.796677
14:58:38.293 EnvelopeCorrelator CorMax:MaxProd= 63.613148  J= 112
14:58:38.293 [Acquire2ToneLeaderSymbolFraming] intIatMinError= 1
14:58:38.488 Frame Decode type 40 fa 5 Dist 0.51 0.32 0.32 Sess ff pend 0 conn 0 lastsess 0
14:58:38.488 [Frame Type Decode Fail] Ldr; S:N(3KHz) Early= -2.174576 dB, Full 8.723953 dB, Offset= -78.581161 Hz:  MD Decode;5 Type1=H40, Type2=HFA, D1= 0.51, D2= 0.32
14:58:38.488 poor frame type decode
14:58:38.602 Prior-Offset= 0.859764
14:58:38.706 EnvelopeCorrelator CorMax:MaxProd= 56.252853  J= 35
14:58:38.706 [Acquire2ToneLeaderSymbolFraming] intIatMinError= -1
14:58:39.702 Frame Decode type 55 ef 40 Dist 0.26 0.62 0.47 Sess ff pend 0 conn 0 lastsess 0
14:58:39.703 [Frame Type Decode OK  ] Ldr; S:N(3KHz) Early= -3.865982 dB, Full -11.528349 dB, Offset= -76.595589 Hz:  MD Decode;3 ID=HFF, Type=H55:16QAM.500.100.O, D1= 0.26, D2= 0.62
14:58:39.703 MEMARQ Flags 0 0 0 0 0 0 0 0
14:58:42.504 Input peaks = -7850, 9600
14:58:43.605 [CorrectRawDataWithRS] RS Says Can't Correct
14:58:43.607 [CorrectRawDataWithRS] RS says ok but CRC still bad
14:58:43.607 DemodQAM retry RS on MEM ARQ Corrected frames
14:58:43.609 [CorrectRawDataWithRS] RS says ok but CRC still bad
14:58:43.611 [CorrectRawDataWithRS] RS says ok but CRC still bad
14:58:43.611 Qual = 0
14:58:43.611 DecodeFrame MEMARQ Flags 0 0 0 0 0 0 0 0
14:58:43.611 [DecodeFrame] Frame: 16QAM.500.100.O Decode FAIL,   Constellation Quality= 0
14:58:43.611 Time since received = 8
14:58:44.392 Prior-Offset= 0.273994
14:58:44.496 EnvelopeCorrelator CorMax:MaxProd= 58.041122  J= 69
14:58:44.496 [Acquire2ToneLeaderSymbolFraming] intIatMinError= 0
14:58:44.793 Frame Decode type 55 ea 55 Dist 0.30 0.53 0.32 Sess ff pend 0 conn 0 lastsess 0
14:58:44.793 [Frame Type Decode OK  ] Ldr; S:N(3KHz) Early= -8.987355 dB, Full -8.882883 dB, Offset= -27.183395 Hz:  MD Decode;3 ID=HFF, Type=H55:16QAM.500.100.O, D1= 0.30, D2= 0.53
14:58:44.793 MEMARQ Flags 0 0 0 0 0 0 0 0
14:58:48.700 [CorrectRawDataWithRS] RS Says Can't Correct
14:58:48.702 [CorrectRawDataWithRS] RS Says Can't Correct
14:58:48.702 DemodQAM retry RS on MEM ARQ Corrected frames
14:58:48.704 [CorrectRawDataWithRS] RS says ok but CRC still bad
14:58:48.706 [CorrectRawDataWithRS] RS says ok but CRC still bad
14:58:48.706 Qual = 24
14:58:48.706 DecodeFrame MEMARQ Flags 0 0 0 0 0 0 0 0
14:58:48.706 [DecodeFrame] Frame: 16QAM.500.100.O Decode FAIL,   Constellation Quality= 24
14:58:48.706 Time since received = 9
14:58:49.450 Prior-Offset= -2.486134
14:58:49.555 EnvelopeCorrelator CorMax:MaxProd= 53.533638  J= 258
14:58:49.555 [Acquire2ToneLeaderSymbolFraming] intIatMinError= 0
14:58:49.751 Frame Decode type 65 55 e4 Dist 0.43 0.46 0.57 Sess ff pend 0 conn 0 lastsess 0
14:58:49.751 [Frame Type Decode Fail] Ldr; S:N(3KHz) Early= -11.390635 dB, Full -11.400789 dB, Offset= -56.855835 Hz:  MD Decode;5 Type1=H65, Type2=H55, D1= 0.43, D2= 0.46
14:58:49.751 poor frame type decode
14:58:50.601 Prior-Offset= -2.171329
14:58:50.709 EnvelopeCorrelator CorMax:MaxProd= 54.932964  J= 2
14:58:50.709 [Acquire2ToneLeaderSymbolFraming] intIatMinError= -2
14:58:51.308 Frame Decode type e4 eb 55 Dist 0.52 0.54 0.49 Sess ff pend 0 conn 0 lastsess 0
14:58:51.308 [Frame Type Decode Fail] Ldr; S:N(3KHz) Early= -14.700499 dB, Full -11.582725 dB, Offset= -56.857307 Hz:  MD Decode;5 Type1=HE4, Type2=HEB, D1= 0.52, D2= 0.54
14:58:51.308 poor frame type decode
14:58:52.553 Input peaks = -8445, 7349
14:58:52.640 Prior-Offset= -1.099463
14:58:52.744 EnvelopeCorrelator CorMax:MaxProd= 60.908497  J= 82
14:58:52.744 [Acquire2ToneLeaderSymbolFraming] intIatMinError= 0
14:58:53.041 Frame Decode type 54 e6 50 Dist 0.47 0.61 0.57 Sess ff pend 0 conn 0 lastsess 0
14:58:53.041 [Frame Type Decode Fail] Ldr; S:N(3KHz) Early= -14.285112 dB, Full -12.896588 dB, Offset= -18.563684 Hz:  MD Decode;5 Type1=H54, Type2=HE6, D1= 0.47, D2= 0.61
14:58:53.041 poor frame type decode
14:58:53.609 Prior-Offset= 2.198410
14:58:53.703 EnvelopeCorrelator CorMax:MaxProd= 58.695881  J= 196
14:58:53.703 [Acquire2ToneLeaderSymbolFraming] intIatMinError= 1
14:58:54.102 Frame Decode type e8 65 42 Dist 0.53 0.42 0.48 Sess ff pend 0 conn 0 lastsess 0
14:58:54.102 [Frame Type Decode Fail] Ldr; S:N(3KHz) Early= -11.042889 dB, Full -13.463392 dB, Offset= -58.092415 Hz:  MD Decode;5 Type1=HE8, Type2=H65, D1= 0.53, D2= 0.42
14:58:54.102 poor frame type decode
14:58:54.354 Prior-Offset= -1.923264
14:58:54.458 EnvelopeCorrelator CorMax:MaxProd= 58.056847  J= 231
14:58:54.458 [Acquire2ToneLeaderSymbolFraming] intIatMinError= 0
14:58:55.259 Frame Decode type 4a 55 ea Dist 0.48 0.33 0.56 Sess ff pend 0 conn 0 lastsess 0
14:58:55.259 [Frame Type Decode Fail] Ldr; S:N(3KHz) Early= -10.334555 dB, Full -7.745161 dB, Offset= -73.582367 Hz:  MD Decode;5 Type1=H4A, Type2=H55, D1= 0.48, D2= 0.33
14:58:55.259 poor frame type decode
14:58:58.344 Prior-Offset= -0.099487
14:58:58.449 EnvelopeCorrelator CorMax:MaxProd= 58.540215  J= 153
14:58:58.449 [Acquire2ToneLeaderSymbolFraming] intIatMinError= 1
14:58:59.350 frame sync timeout 42256
14:58:59.454 Prior-Offset= 0.528679
14:58:59.558 EnvelopeCorrelator CorMax:MaxProd= 48.146793  J= 326
14:58:59.558 [Acquire2ToneLeaderSymbolFraming] intIatMinError= -1
14:58:59.754 Frame Decode type 65 65 65 Dist 0.57 0.40 0.55 Sess ff pend 0 conn 0 lastsess 0
14:58:59.754 [Frame Type Decode Fail] Ldr; S:N(3KHz) Early= -15.076456 dB, Full -8.983993 dB, Offset= -98.478348 Hz:  MD Decode;5 Type1=H65, Type2=H65, D1= 0.57, D2= 0.40
14:58:59.754 poor frame type decode
14:59:00.921 Prior-Offset= -1.717224
14:59:01.015 EnvelopeCorrelator CorMax:MaxProd= 56.522560  J= 199
14:59:01.015 [Acquire2ToneLeaderSymbolFraming] intIatMinError= 1
14:59:01.415 Frame Decode type f5 55 65 Dist 0.55 0.55 0.46 Sess ff pend 0 conn 0 lastsess 0
14:59:01.415 [Frame Type Decode Fail] Ldr; S:N(3KHz) Early= -14.367349 dB, Full -7.102989 dB, Offset= -94.756348 Hz:  MD Decode;5 Type1=HF5, Type2=H55, D1= 0.55, D2= 0.55
14:59:01.415 poor frame type decode
14:59:01.549 Prior-Offset= 1.353012
14:59:01.643 EnvelopeCorrelator CorMax:MaxProd= 64.545059  J= 66
14:59:01.643 [Acquire2ToneLeaderSymbolFraming] intIatMinError= -2
14:59:02.544 Frame Decode type e8 eb 24 Dist 0.60 0.60 0.58 Sess ff pend 0 conn 0 lastsess 0
14:59:02.544 [Frame Type Decode Fail] Ldr; S:N(3KHz) Early= -3.652893 dB, Full 1.107512 dB, Offset= -68.900932 Hz:  MD Decode;5 Type1=HE8, Type2=HEB, D1= 0.60, D2= 0.60
14:59:02.544 poor frame type decode
14:59:02.604 Input peaks = -12598, 10360
14:59:02.908 Prior-Offset= -0.857269
14:59:03.008 EnvelopeCorrelator CorMax:MaxProd= 64.104111  J= 294
14:59:03.008 [Acquire2ToneLeaderSymbolFraming] intIatMinError= 0
14:59:04.006 Frame Decode type a fa 5 Dist 0.56 0.47 0.47 Sess ff pend 0 conn 0 lastsess 0
14:59:04.006 [Frame Type Decode Fail] Ldr; S:N(3KHz) Early= 6.962986 dB, Full 12.467762 dB, Offset= -80.214516 Hz:  MD Decode;5 Type1=HA, Type2=HFA, D1= 0.56, D2= 0.47
14:59:04.006 poor frame type decode
14:59:04.121 Prior-Offset= 0.938431
14:59:04.215 EnvelopeCorrelator CorMax:MaxProd= 59.212807  J= 8
14:59:04.215 [Acquire2ToneLeaderSymbolFraming] intIatMinError= -1
14:59:04.512 Frame Decode type 18 65 6 Dist 0.54 0.55 0.60 Sess ff pend 0 conn 0 lastsess 0
14:59:04.512 [Frame Type Decode Fail] Ldr; S:N(3KHz) Early= -4.183975 dB, Full 0.311712 dB, Offset= -74.722954 Hz:  MD Decode;5 Type1=H18, Type2=H65, D1= 0.54, D2= 0.55
14:59:04.512 poor frame type decode
14:59:04.721 Prior-Offset= -1.746807
14:59:04.815 EnvelopeCorrelator CorMax:MaxProd= 50.146305  J= 342
14:59:04.815 [Acquire2ToneLeaderSymbolFraming] intIatMinError= -1
14:59:05.819 frame sync timeout 6469
14:59:06.018 Prior-Offset= -0.175354
14:59:06.122 EnvelopeCorrelator CorMax:MaxProd= 56.772957  J= 182
14:59:06.122 [Acquire2ToneLeaderSymbolFraming] intIatMinError= -1
14:59:06.316 Frame Decode type 65 ea 54 Dist 0.51 0.62 0.62 Sess ff pend 0 conn 0 lastsess 0
14:59:06.316 [Frame Type Decode Fail] Ldr; S:N(3KHz) Early= -1.880236 dB, Full 12.959705 dB, Offset= -87.321419 Hz:  MD Decode;5 Type1=H65, Type2=HEA, D1= 0.51, D2= 0.62
14:59:06.316 poor frame type decode
14:59:06.450 Prior-Offset= -0.136604
14:59:06.544 EnvelopeCorrelator CorMax:MaxProd= 60.784645  J= 310
14:59:06.544 [Acquire2ToneLeaderSymbolFraming] intIatMinError= 0
14:59:06.943 Frame Decode type 0 ef 40 Dist 0.30 0.32 0.32 Sess ff pend 0 conn 0 lastsess 0
14:59:06.943 [Frame Type Decode Fail] Ldr; S:N(3KHz) Early= 5.666370 dB, Full 14.412926 dB, Offset= -65.971733 Hz:  MD Decode;5 Type1=H0, Type2=HEF, D1= 0.30, D2= 0.32
14:59:06.943 poor frame type decode
14:59:07.098 Prior-Offset= 0.130013
14:59:07.202 EnvelopeCorrelator CorMax:MaxProd= 58.405087  J= 125
14:59:07.202 [Acquire2ToneLeaderSymbolFraming] intIatMinError= -1
14:59:07.797 Frame Decode type 55 ee 55 Dist 0.31 0.56 0.31 Sess ff pend 0 conn 0 lastsess 0
14:59:07.797 [Frame Type Decode Fail] Ldr; S:N(3KHz) Early= -10.513067 dB, Full 4.460953 dB, Offset= -76.938118 Hz:  MD Decode;5 Type1=H55, Type2=HEE, D1= 0.31, D2= 0.56
14:59:07.797 poor frame type decode
14:59:08.196 Prior-Offset= -0.278511
14:59:08.300 EnvelopeCorrelator CorMax:MaxProd= 65.174484  J= 282
14:59:08.301 [Acquire2ToneLeaderSymbolFraming] intIatMinError= 2
14:59:08.499 Frame Decode type 54 ff 0 Dist 0.37 0.52 0.52 Sess ff pend 0 conn 0 lastsess 0
14:59:08.499 [Frame Type Decode Fail] Ldr; S:N(3KHz) Early= 2.232498 dB, Full 6.448948 dB, Offset= -78.426826 Hz:  MD Decode;5 Type1=H54, Type2=HFF, D1= 0.37, D2= 0.52
14:59:08.499 poor frame type decode
14:59:08.607 Prior-Offset= 0.879990
14:59:08.712 EnvelopeCorrelator CorMax:MaxProd= 51.734932  J= 0
14:59:08.712 [Acquire2ToneLeaderSymbolFraming] intIatMinError= 0
14:59:09.403 Frame Decode type 55 ef 40 Dist 0.37 0.54 0.54 Sess ff pend 0 conn 0 lastsess 0
14:59:09.403 [Frame Type Decode Fail] Ldr; S:N(3KHz) Early= -2.851843 dB, Full -10.239923 dB, Offset= -76.740143 Hz:  MD Decode;5 Type1=H55, Type2=HEF, D1= 0.37, D2= 0.54
14:59:09.403 poor frame type decode
14:59:09.806 Prior-Offset= -0.177383
14:59:09.911 EnvelopeCorrelator CorMax:MaxProd= 60.784203  J= 235
14:59:09.911 [Acquire2ToneLeaderSymbolFraming] intIatMinError= 0
14:59:10.507 Frame Decode type e2 55 2e Dist 0.57 0.37 0.48 Sess ff pend 0 conn 0 lastsess 0
14:59:10.507 [Frame Type Decode Fail] Ldr; S:N(3KHz) Early= -0.717453 dB, Full 0.704168 dB, Offset= -72.996422 Hz:  MD Decode;5 Type1=HE2, Type2=H55, D1= 0.57, D2= 0.37
14:59:10.507 poor frame type decode
14:59:12.621 Input peaks = -2712, 3076
14:59:14.101 Prior-Offset= -1.450298
14:59:14.200 EnvelopeCorrelator CorMax:MaxProd= 57.804420  J= 355
14:59:14.200 [Acquire2ToneLeaderSymbolFraming] intIatMinError= 1
14:59:14.706 Frame Decode type 55 eb 55 Dist 0.39 0.42 0.28 Sess ff pend 0 conn 0 lastsess 0
14:59:14.706 [Frame Type Decode Fail] Ldr; S:N(3KHz) Early= -11.081930 dB, Full -11.937504 dB, Offset= -25.673506 Hz:  MD Decode;5 Type1=H55, Type2=HEB, D1= 0.39, D2= 0.42
14:59:14.706 poor frame type decode
14:59:16.359 Prior-Offset= -0.339333
14:59:16.463 EnvelopeCorrelator CorMax:MaxProd= 54.458149  J= 118
14:59:16.464 [Acquire2ToneLeaderSymbolFraming] intIatMinError= 0
14:59:16.659 Frame Decode type ea 55 ea Dist 0.57 0.39 0.49 Sess ff pend 0 conn 0 lastsess 0
14:59:16.659 [Frame Type Decode Fail] Ldr; S:N(3KHz) Early= -14.361475 dB, Full -14.050696 dB, Offset= -71.284164 Hz:  MD Decode;5 Type1=HEA, Type2=H55, D1= 0.57, D2= 0.39
14:59:16.659 poor frame type decode
14:59:18.952 Prior-Offset= 0.210003
14:59:19.046 EnvelopeCorrelator CorMax:MaxProd= 60.259449  J= 138
14:59:19.046 [Acquire2ToneLeaderSymbolFraming] intIatMinError= 0
14:59:19.251 Frame Decode type ea 18 65 Dist 0.51 0.51 0.45 Sess ff pend 0 conn 0 lastsess 0
14:59:19.251 [Frame Type Decode Fail] Ldr; S:N(3KHz) Early= -10.260006 dB, Full -14.526647 dB, Offset= -63.643837 Hz:  MD Decode;5 Type1=HEA, Type2=H18, D1= 0.51, D2= 0.51
14:59:19.251 poor frame type decode
14:59:19.717 Prior-Offset= -2.070114
14:59:19.821 EnvelopeCorrelator CorMax:MaxProd= 63.218006  J= 327
14:59:19.821 [Acquire2ToneLeaderSymbolFraming] intIatMinError= -1
14:59:20.227 Frame Decode type 1a 75 6 Dist 0.47 0.53 0.56 Sess ff pend 0 conn 0 lastsess 0
14:59:20.227 [Frame Type Decode Fail] Ldr; S:N(3KHz) Early= -11.610681 dB, Full -4.533794 dB, Offset= -57.938244 Hz:  MD Decode;5 Type1=H1A, Type2=H75, D1= 0.47, D2= 0.53
14:59:20.227 poor frame type decode
14:59:21.417 Prior-Offset= -0.349663
14:59:21.522 EnvelopeCorrelator CorMax:MaxProd= 59.504375  J= 300
14:59:21.522 [Acquire2ToneLeaderSymbolFraming] intIatMinError= 2
14:59:21.819 Frame Decode type 2e 65 3a Dist 0.46 0.41 0.41 Sess ff pend 0 conn 0 lastsess 0
14:59:21.820 [Frame Type Decode Fail] Ldr; S:N(3KHz) Early= -7.642065 dB, Full -15.323858 dB, Offset= -55.145481 Hz:  MD Decode;5 Type1=H2E, Type2=H65, D1= 0.46, D2= 0.41
14:59:21.820 poor frame type decode
14:59:22.697 Input peaks = -8253, 9064
14:59:22.921 Prior-Offset= -2.526608
14:59:23.026 EnvelopeCorrelator CorMax:MaxProd= 64.847473  J= 239
14:59:23.026 [Acquire2ToneLeaderSymbolFraming] intIatMinError= 2
14:59:24.020 frame sync timeout 18201
14:59:28.309 Prior-Offset= 1.221481
14:59:28.413 EnvelopeCorrelator CorMax:MaxProd= 60.722832  J= 145
14:59:28.413 [Acquire2ToneLeaderSymbolFraming] intIatMinError= 1
14:59:29.315 frame sync timeout 5294
14:59:30.097 Prior-Offset= -0.298111
14:59:30.201 EnvelopeCorrelator CorMax:MaxProd= 49.482449  J= 350
14:59:30.201 [Acquire2ToneLeaderSymbolFraming] intIatMinError= 1
14:59:30.705 Frame Decode type 55 55 55 Dist 0.44 0.58 0.44 Sess ff pend 0 conn 0 lastsess 0
14:59:30.705 [Frame Type Decode Fail] Ldr; S:N(3KHz) Early= -13.020399 dB, Full -5.887503 dB, Offset= -101.902107 Hz:  MD Decode;5 Type1=H55, Type2=H55, D1= 0.44, D2= 0.58
14:59:30.705 poor frame type decode
14:59:30.862 Prior-Offset= -0.912598
14:59:30.966 EnvelopeCorrelator CorMax:MaxProd= 48.760406  J= 212
14:59:30.966 [Acquire2ToneLeaderSymbolFraming] intIatMinError= 0
14:59:31.161 Frame Decode type 65 55 55 Dist 0.53 0.52 0.50 Sess ff pend 0 conn 0 lastsess 0
14:59:31.161 [Frame Type Decode Fail] Ldr; S:N(3KHz) Early= -12.432434 dB, Full -3.499048 dB, Offset= -99.232109 Hz:  MD Decode;5 Type1=H65, Type2=H55, D1= 0.53, D2= 0.52
14:59:31.161 poor frame type decode
14:59:31.360 Prior-Offset= 0.376427
14:59:31.464 EnvelopeCorrelator CorMax:MaxProd= 57.114769  J= 159
14:59:31.464 [Acquire2ToneLeaderSymbolFraming] intIatMinError= -1
14:59:31.663 Frame Decode type eb a 55 Dist 0.58 0.52 0.40 Sess ff pend 0 conn 0 lastsess 0
14:59:31.663 [Frame Type Decode Fail] Ldr; S:N(3KHz) Early= -0.983969 dB, Full 7.703487 dB, Offset= -94.128242 Hz:  MD Decode;5 Type1=HEB, Type2=HA, D1= 0.58, D2= 0.52
14:59:31.663 poor frame type decode
14:59:32.746 Input peaks = -3551, 4125
14:59:32.912 Prior-Offset= -1.064980
14:59:33.017 EnvelopeCorrelator CorMax:MaxProd= 63.052029  J= 307
14:59:33.017 [Acquire2ToneLeaderSymbolFraming] intIatMinError= 0
14:59:33.213 Frame Decode type 55 55 65 Dist 0.47 0.46 0.57 Sess ff pend 0 conn 0 lastsess 0
14:59:33.213 [Frame Type Decode Fail] Ldr; S:N(3KHz) Early= 3.669538 dB, Full 0.292065 dB, Offset= -79.823647 Hz:  MD Decode;5 Type1=H55, Type2=H55, D1= 0.47, D2= 0.46
14:59:33.213 poor frame type decode
14:59:33.326 Prior-Offset= 0.655502
14:59:33.421 EnvelopeCorrelator CorMax:MaxProd= 52.904305  J= 166
14:59:33.421 [Acquire2ToneLeaderSymbolFraming] intIatMinError= 1
14:59:34.117 Frame Decode type a 55 65 Dist 0.55 0.51 0.48 Sess ff pend 0 conn 0 lastsess 0
14:59:34.118 [Frame Type Decode Fail] Ldr; S:N(3KHz) Early= -4.424908 dB, Full -0.264807 dB, Offset= -76.294083 Hz:  MD Decode;5 Type1=HA, Type2=H55, D1= 0.55, D2= 0.51
14:59:34.118 poor frame type decode
14:59:34.252 Prior-Offset= -1.640709
14:59:34.356 EnvelopeCorrelator CorMax:MaxProd= 64.723213  J= 239
14:59:34.356 [Acquire2ToneLeaderSymbolFraming] intIatMinError= 2
14:59:34.550 Frame Decode type 55 eb 55 Dist 0.50 0.53 0.28 Sess ff pend 0 conn 0 lastsess 0
14:59:34.550 [Frame Type Decode Fail] Ldr; S:N(3KHz) Early= 3.989937 dB, Full 5.062969 dB, Offset= -80.580193 Hz:  MD Decode;5 Type1=H55, Type2=HEB, D1= 0.50, D2= 0.53
14:59:34.550 poor frame type decode
14:59:35.404 Prior-Offset= -1.629791
14:59:35.498 EnvelopeCorrelator CorMax:MaxProd= 52.467430  J= 51
14:59:35.498 [Acquire2ToneLeaderSymbolFraming] intIatMinError= -1
14:59:35.703 Frame Decode type 55 65 55 Dist 0.33 0.60 0.36 Sess ff pend 0 conn 0 lastsess 0
14:59:35.703 [Frame Type Decode Fail] Ldr; S:N(3KHz) Early= -5.204673 dB, Full -3.108131 dB, Offset= -73.138451 Hz:  MD Decode;5 Type1=H55, Type2=H65, D1= 0.33, D2= 0.60
14:59:35.703 poor frame type decode
14:59:36.008 Prior-Offset= 0.521568
14:59:36.112 EnvelopeCorrelator CorMax:MaxProd= 58.625492  J= 15
14:59:36.112 [Acquire2ToneLeaderSymbolFraming] intIatMinError= 0
14:59:36.409 Frame Decode type 64 f9 6 Dist 0.62 0.55 0.55 Sess ff pend 0 conn 0 lastsess 0
14:59:36.409 [Frame Type Decode Fail] Ldr; S:N(3KHz) Early= -2.672503 dB, Full -0.221888 dB, Offset= -88.230850 Hz:  MD Decode;5 Type1=H64, Type2=HF9, D1= 0.62, D2= 0.55
14:59:36.409 poor frame type decode
14:59:36.522 Prior-Offset= 0.890877
14:59:36.626 EnvelopeCorrelator CorMax:MaxProd= 57.078354  J= 46
14:59:36.626 [Acquire2ToneLeaderSymbolFraming] intIatMinError= -2
14:59:37.421 Frame Decode type 0 fa 55 Dist 0.36 0.59 0.52 Sess ff pend 0 conn 0 lastsess 0
14:59:37.421 [Frame Type Decode Fail] Ldr; S:N(3KHz) Early= 0.313242 dB, Full -14.091640 dB, Offset= -69.386261 Hz:  MD Decode;5 Type1=H0, Type2=HFA, D1= 0.36, D2= 0.59
14:59:37.421 poor frame type decode
14:59:37.550 Prior-Offset= -0.066429
14:59:37.660 EnvelopeCorrelator CorMax:MaxProd= 53.730991  J= 3
14:59:37.660 [Acquire2ToneLeaderSymbolFraming] intIatMinError= -1
14:59:37.956 Frame Decode type 55 65 48 Dist 0.54 0.45 0.51 Sess ff pend 0 conn 0 lastsess 0
14:59:37.956 [Frame Type Decode Fail] Ldr; S:N(3KHz) Early= -9.366551 dB, Full -7.763161 dB, Offset= -78.871712 Hz:  MD Decode;5 Type1=H55, Type2=H65, D1= 0.54, D2= 0.45
14:59:37.956 poor frame type decode
14:59:38.199 Prior-Offset= -0.228127
14:59:38.304 EnvelopeCorrelator CorMax:MaxProd= 65.872276  J= 82
14:59:38.304 [Acquire2ToneLeaderSymbolFraming] intIatMinError= 1
14:59:38.901 Frame Decode type e8 65 e8 Dist 0.52 0.44 0.59 Sess ff pend 0 conn 0 lastsess 0
14:59:38.901 [Frame Type Decode Fail] Ldr; S:N(3KHz) Early= -2.161926 dB, Full 2.049007 dB, Offset= -81.108452 Hz:  MD Decode;5 Type1=HE8, Type2=H65, D1= 0.52, D2= 0.44
14:59:38.901 poor frame type decode
14:59:39.205 Prior-Offset= 1.167870
14:59:39.300 EnvelopeCorrelator CorMax:MaxProd= 62.842449  J= 1
14:59:39.300 [Acquire2ToneLeaderSymbolFraming] intIatMinError= -2
14:59:39.498 Frame Decode type 55 fa 55 Dist 0.49 0.53 0.32 Sess ff pend 0 conn 0 lastsess 0
14:59:39.498 [Frame Type Decode Fail] Ldr; S:N(3KHz) Early= -9.889244 dB, Full -1.462341 dB, Offset= -84.274300 Hz:  MD Decode;5 Type1=H55, Type2=HFA, D1= 0.49, D2= 0.53
14:59:39.498 poor frame type decode
14:59:39.804 Prior-Offset= 0.353859
14:59:39.908 EnvelopeCorrelator CorMax:MaxProd= 60.657974  J= 235
14:59:39.908 [Acquire2ToneLeaderSymbolFraming] intIatMinError= 1
14:59:40.804 frame sync timeout 11490
14:59:42.767 Input peaks = -1107, 1704
14:59:46.556 Prior-Offset= -0.378166
14:59:46.651 EnvelopeCorrelator CorMax:MaxProd= 61.710033  J= 3
14:59:46.651 [Acquire2ToneLeaderSymbolFraming] intIatMinError= 2
14:59:46.950 Frame Decode type 39 4d 3a Dist 0.62 0.58 0.63 Sess ff pend 0 conn 0 lastsess 0
14:59:46.951 [Frame Type Decode Fail] Ldr; S:N(3KHz) Early= -15.431899 dB, Full -8.741745 dB, Offset= -65.081657 Hz:  MD Decode;5 Type1=H39, Type2=H4D, D1= 0.62, D2= 0.58
14:59:46.951 poor frame type decode
14:59:48.149 Prior-Offset= 1.150032
14:59:48.255 EnvelopeCorrelator CorMax:MaxProd= 61.089909  J= 179
14:59:48.255 [Acquire2ToneLeaderSymbolFraming] intIatMinError= 2
14:59:48.853 Frame Decode type eb 55 fa Dist 0.52 0.46 0.60 Sess ff pend 0 conn 0 lastsess 0
14:59:48.853 [Frame Type Decode Fail] Ldr; S:N(3KHz) Early= -11.347349 dB, Full -14.221725 dB, Offset= -34.728226 Hz:  MD Decode;5 Type1=HEB, Type2=H55, D1= 0.52, D2= 0.46
14:59:48.853 poor frame type decode
14:59:49.726 Prior-Offset= 2.121792
14:59:49.822 EnvelopeCorrelator CorMax:MaxProd= 42.586121  J= 2
14:59:49.822 [Acquire2ToneLeaderSymbolFraming] intIatMinError= 2
14:59:50.330 Frame Decode type 63 b f4 Dist 0.55 0.48 0.48 Sess ff pend 0 conn 0 lastsess 0
14:59:50.330 [Frame Type Decode Fail] Ldr; S:N(3KHz) Early= -11.694004 dB, Full -12.462977 dB, Offset= -59.461239 Hz:  MD Decode;5 Type1=H63, Type2=HB, D1= 0.55, D2= 0.48
14:59:50.331 poor frame type decode
14:59:51.049 Prior-Offset= -0.681984
14:59:51.159 EnvelopeCorrelator CorMax:MaxProd= 47.140785  J= 2
14:59:51.159 [Acquire2ToneLeaderSymbolFraming] intIatMinError= -1
14:59:51.451 Frame Decode type 2 47 60 Dist 0.59 0.59 0.56 Sess ff pend 0 conn 0 lastsess 0
14:59:51.451 [Frame Type Decode Fail] Ldr; S:N(3KHz) Early= -13.070230 dB, Full -14.335604 dB, Offset= -90.123680 Hz:  MD Decode;5 Type1=H2, Type2=H47, D1= 0.59, D2= 0.59
14:59:51.451 poor frame type decode
14:59:52.830 Input peaks = -5380, 5820
14:59:52.959 Prior-Offset= 0.517456
14:59:53.053 EnvelopeCorrelator CorMax:MaxProd= 76.047318  J= 1
14:59:53.053 [Acquire2ToneLeaderSymbolFraming] intIatMinError= 0
14:59:53.556 Frame Decode type e8 1d 62 Dist 0.52 0.53 0.48 Sess ff pend 0 conn 0 lastsess 0
14:59:53.556 [Frame Type Decode Fail] Ldr; S:N(3KHz) Early= -14.917143 dB, Full -6.414799 dB, Offset= -58.791267 Hz:  MD Decode;5 Type1=HE8, Type2=H1D, D1= 0.52, D2= 0.53
14:59:53.556 poor frame type decode
14:59:53.712 Prior-Offset= 0.202156
14:59:53.817 EnvelopeCorrelator CorMax:MaxProd= 63.633949  J= 73
14:59:53.817 [Acquire2ToneLeaderSymbolFraming] intIatMinError= -1
14:59:54.116 Frame Decode type e2 65 3a Dist 0.56 0.38 0.53 Sess ff pend 0 conn 0 lastsess 0
14:59:54.116 [Frame Type Decode Fail] Ldr; S:N(3KHz) Early= -11.623319 dB, Full -10.922796 dB, Offset= -59.927185 Hz:  MD Decode;5 Type1=HE2, Type2=H65, D1= 0.56, D2= 0.38
14:59:54.116 poor frame type decode
14:59:54.712 Prior-Offset= 0.941132
14:59:54.818 EnvelopeCorrelator CorMax:MaxProd= 58.307667  J= 104
14:59:54.818 [Acquire2ToneLeaderSymbolFraming] intIatMinError= 2
14:59:55.013 Frame Decode type 14 e7 18 Dist 0.51 0.56 0.56 Sess ff pend 0 conn 0 lastsess 0
14:59:55.013 [Frame Type Decode Fail] Ldr; S:N(3KHz) Early= -11.070262 dB, Full -9.917011 dB, Offset= -68.006256 Hz:  MD Decode;5 Type1=H14, Type2=HE7, D1= 0.51, D2= 0.56
14:59:55.013 poor frame type decode
14:59:58.362 Prior-Offset= 0.988594
14:59:58.468 EnvelopeCorrelator CorMax:MaxProd= 55.809700  J= 306
14:59:58.468 [Acquire2ToneLeaderSymbolFraming] intIatMinError= 0
14:59:58.769 Frame Decode type 50 ee 41 Dist 0.53 0.46 0.45 Sess ff pend 0 conn 0 lastsess 0
14:59:58.769 [Frame Type Decode Fail] Ldr; S:N(3KHz) Early= 0.021555 dB, Full -4.555996 dB, Offset= -73.416321 Hz:  MD Decode;5 Type1=H50, Type2=HEE, D1= 0.53, D2= 0.46
14:59:58.769 poor frame type decode
14:59:59.010 Prior-Offset= -1.235649
14:59:59.104 EnvelopeCorrelator CorMax:MaxProd= 55.658455  J= 14
14:59:59.104 [Acquire2ToneLeaderSymbolFraming] intIatMinError= -2
15:00:00.105 frame sync timeout 19300
15:00:00.409 Prior-Offset= 0.600212
15:00:00.503 EnvelopeCorrelator CorMax:MaxProd= 49.606243  J= 249
15:00:00.503 [Acquire2ToneLeaderSymbolFraming] intIatMinError= 1
15:00:00.710 Frame Decode type 55 ea 55 Dist 0.26 0.43 0.28 Sess ff pend 0 conn 0 lastsess 0
15:00:00.710 [Frame Type Decode OK  ] Ldr; S:N(3KHz) Early= -15.379424 dB, Full -7.365232 dB, Offset= -100.815933 Hz:  MD Decode;3 ID=HFF, Type=H55:16QAM.500.100.O, D1= 0.26, D2= 0.43
15:00:00.710 MEMARQ Flags 0 0 0 0 0 0 0 0
15:00:02.906 Input peaks = -14968, 11055
15:00:04.610 [CorrectRawDataWithRS] RS says ok but CRC still bad
15:00:04.612 [CorrectRawDataWithRS] RS says ok but CRC still bad
15:00:04.612 DemodQAM retry RS on MEM ARQ Corrected frames
15:00:04.614 [CorrectRawDataWithRS] RS says ok but CRC still bad
15:00:04.616 [CorrectRawDataWithRS] RS says ok but CRC still bad
15:00:04.616 Qual = 35
15:00:04.616 DecodeFrame MEMARQ Flags 0 0 0 0 0 0 0 0
15:00:04.616 [DecodeFrame] Frame: 16QAM.500.100.O Decode FAIL,   Constellation Quality= 35
15:00:04.616 Time since received = 8
15:00:05.413 Prior-Offset= 0.376434
15:00:05.518 EnvelopeCorrelator CorMax:MaxProd= 54.882526  J= 91
15:00:05.518 [Acquire2ToneLeaderSymbolFraming] intIatMinError= 0
15:00:06.022 Frame Decode type 2e 4a 55 Dist 0.52 0.57 0.54 Sess ff pend 0 conn 0 lastsess 0
15:00:06.022 [Frame Type Decode Fail] Ldr; S:N(3KHz) Early= -11.086733 dB, Full -9.925807 dB, Offset= -69.141724 Hz:  MD Decode;5 Type1=H2E, Type2=H4A, D1= 0.52, D2= 0.57
15:00:06.022 poor frame type decode
15:00:06.127 Prior-Offset= 0.538940
15:00:06.231 EnvelopeCorrelator CorMax:MaxProd= 51.718132  J= 334
15:00:06.231 [Acquire2ToneLeaderSymbolFraming] intIatMinError= 2
15:00:06.827 Frame Decode type 65 64 e7 Dist 0.51 0.55 0.60 Sess ff pend 0 conn 0 lastsess 0
15:00:06.827 [Frame Type Decode Fail] Ldr; S:N(3KHz) Early= -8.451572 dB, Full -2.974339 dB, Offset= -86.825836 Hz:  MD Decode;5 Type1=H65, Type2=H64, D1= 0.51, D2= 0.55
15:00:06.827 poor frame type decode
15:00:07.112 Prior-Offset= -0.917664
15:00:07.207 EnvelopeCorrelator CorMax:MaxProd= 58.272030  J= 48
15:00:07.207 [Acquire2ToneLeaderSymbolFraming] intIatMinError= 0
15:00:07.803 Frame Decode type ea 65 3a Dist 0.44 0.39 0.56 Sess ff pend 0 conn 0 lastsess 0
15:00:07.803 [Frame Type Decode Fail] Ldr; S:N(3KHz) Early= -9.606781 dB, Full -3.860779 dB, Offset= -74.533524 Hz:  MD Decode;5 Type1=HEA, Type2=H65, D1= 0.44, D2= 0.39
15:00:07.803 poor frame type decode
15:00:08.204 Prior-Offset= 0.912712
15:00:08.311 EnvelopeCorrelator CorMax:MaxProd= 68.133713  J= 288
15:00:08.311 [Acquire2ToneLeaderSymbolFraming] intIatMinError= 1
15:00:09.206 frame sync timeout 9101
15:00:09.808 Prior-Offset= 0.280991
15:00:09.914 EnvelopeCorrelator CorMax:MaxProd= 58.042267  J= 79
15:00:09.914 [Acquire2ToneLeaderSymbolFraming] intIatMinError= 0
15:00:10.910 frame sync timeout 1704
15:00:12.935 Input peaks = -5707, 7134
15:00:13.016 Prior-Offset= 1.217445
15:00:13.126 EnvelopeCorrelator CorMax:MaxProd= 70.585579  J= 316
15:00:13.126 [Acquire2ToneLeaderSymbolFraming] intIatMinError= -2
15:00:14.016 frame sync timeout 3107
15:00:15.104 Prior-Offset= -2.673344
15:00:15.212 EnvelopeCorrelator CorMax:MaxProd= 53.017849  J= 105
15:00:15.212 [Acquire2ToneLeaderSymbolFraming] intIatMinError= 1
15:00:15.507 Frame Decode type 55 29 55 Dist 0.37 0.53 0.52 Sess ff pend 0 conn 0 lastsess 0
15:00:15.509 [Frame Type Decode Fail] Ldr; S:N(3KHz) Early= -8.767314 dB, Full -12.038959 dB, Offset= -39.565781 Hz:  MD Decode;5 Type1=H55, Type2=H29, D1= 0.37, D2= 0.53
15:00:15.509 poor frame type decode
15:00:16.023 Prior-Offset= -1.144039
15:00:16.117 EnvelopeCorrelator CorMax:MaxProd= 58.837959  J= 66
15:00:16.117 [Acquire2ToneLeaderSymbolFraming] intIatMinError= -2
15:00:16.518 Frame Decode type 55 ea 15 Dist 0.48 0.52 0.52 Sess ff pend 0 conn 0 lastsess 0
15:00:16.518 [Frame Type Decode Fail] Ldr; S:N(3KHz) Early= -10.080081 dB, Full -6.415710 dB, Offset= -36.982464 Hz:  MD Decode;5 Type1=H55, Type2=HEA, D1= 0.48, D2= 0.52
15:00:16.518 poor frame type decode
15:00:16.862 Prior-Offset= -0.188240
15:00:16.959 EnvelopeCorrelator CorMax:MaxProd= 57.016716  J= 207
15:00:16.959 [Acquire2ToneLeaderSymbolFraming] intIatMinError= 1
15:00:17.159 Frame Decode type a 65 3a Dist 0.56 0.29 0.45 Sess ff pend 0 conn 0 lastsess 0
15:00:17.159 [Frame Type Decode OK  ] Ldr; S:N(3KHz) Early= -10.663566 dB, Full -6.112030 dB, Offset= -78.719017 Hz:  MD Decode;4 ID=HFF, Type=HA:DataNAK, D1= 0.56, D2= 0.29
15:00:17.159 New frame type - MEMARQ flags reset
15:00:17.159 MEMARQ Flags 0 0 0 0 0 0 0 0
15:00:21.063 [CorrectRawDataWithRS] RS says ok but CRC still bad
15:00:21.065 [CorrectRawDataWithRS] RS says ok but CRC still bad
15:00:21.067 [CorrectRawDataWithRS] RS says ok but CRC still bad
15:00:21.069 [CorrectRawDataWithRS] RS says ok but CRC still bad
15:00:21.069 Qual = 16
15:00:21.069 DecodeFrame MEMARQ Flags 0 0 0 0 0 0 0 0
15:00:21.069 [DecodeFrame] Frame: 16QAM.1000.100.O Decode FAIL,   Constellation Quality= 16
15:00:21.069 [AddTagToDataAndSendToHost] bytes=256 Tag ERR
15:00:21.069 [ARDOPprotocol.ProcessRcvdFECDataFrame] Pass failed frame ID 16QAM.1000.100.O to Host (256 bytes)
15:00:21.069 [ARDOPprotocol.ProcessRcvdFECDataFrame] Pass failed frame ID 16QAM.1000.100.O to Host (0 bytes)
15:00:21.069 Time since received = 8
15:00:21.376 Prior-Offset= -1.447868
15:00:21.430 EnvelopeCorrelator CorMax:MaxProd= 50.268841  J= 186
15:00:21.430 [Acquire2ToneLeaderSymbolFraming] intIatMinError= -2
15:00:21.668 Frame Decode type 41 1d 65 Dist 0.58 0.57 0.53 Sess ff pend 0 conn 0 lastsess 0
15:00:21.668 [Frame Type Decode Fail] Ldr; S:N(3KHz) Early= -13.436426 dB, Full -7.595249 dB, Offset= -68.276810 Hz:  MD Decode;5 Type1=H41, Type2=H1D, D1= 0.58, D2= 0.57
15:00:21.668 poor frame type decode
15:00:22.335 Prior-Offset= -2.562561
15:00:22.429 EnvelopeCorrelator CorMax:MaxProd= 49.271980  J= 94
15:00:22.429 [Acquire2ToneLeaderSymbolFraming] intIatMinError= -2
15:00:22.932 Frame Decode type 65 55 e8 Dist 0.55 0.40 0.56 Sess ff pend 0 conn 0 lastsess 0
15:00:22.932 [Frame Type Decode Fail] Ldr; S:N(3KHz) Early= -12.916808 dB, Full -8.017710 dB, Offset= -67.883339 Hz:  MD Decode;5 Type1=H65, Type2=H55, D1= 0.55, D2= 0.40
15:00:22.932 poor frame type decode
15:00:23.014 Input peaks = -4924, 5262
15:00:23.259 Prior-Offset= 0.429268
15:00:23.363 EnvelopeCorrelator CorMax:MaxProd= 58.256378  J= 265
15:00:23.363 [Acquire2ToneLeaderSymbolFraming] intIatMinError= -2
15:00:23.960 Frame Decode type 65 55 24 Dist 0.43 0.52 0.54 Sess ff pend 0 conn 0 lastsess 0
15:00:23.960 [Frame Type Decode Fail] Ldr; S:N(3KHz) Early= -14.507110 dB, Full -9.729827 dB, Offset= -55.854202 Hz:  MD Decode;5 Type1=H65, Type2=H55, D1= 0.43, D2= 0.52
15:00:23.960 poor frame type decode
15:00:24.373 Prior-Offset= -0.129730
15:00:24.467 EnvelopeCorrelator CorMax:MaxProd= 47.837845  J= 315
15:00:24.467 [Acquire2ToneLeaderSymbolFraming] intIatMinError= 2
15:00:24.666 Frame Decode type 18 65 18 Dist 0.38 0.35 0.47 Sess ff pend 0 conn 0 lastsess 0
15:00:24.666 [Frame Type Decode Fail] Ldr; S:N(3KHz) Early= -7.447889 dB, Full -8.063936 dB, Offset= -74.576897 Hz:  MD Decode;5 Type1=H18, Type2=H65, D1= 0.38, D2= 0.35
15:00:24.666 poor frame type decode
15:00:28.362 Prior-Offset= 1.271027
15:00:28.467 EnvelopeCorrelator CorMax:MaxProd= 60.234520  J= 107
15:00:28.467 [Acquire2ToneLeaderSymbolFraming] intIatMinError= -1
15:00:29.366 frame sync timeout 15349
15:00:30.959 Prior-Offset= -2.243034
15:00:31.067 EnvelopeCorrelator CorMax:MaxProd= 60.546673  J= 229
15:00:31.067 [Acquire2ToneLeaderSymbolFraming] intIatMinError= -2
15:00:31.461 Frame Decode type 55 fa 55 Dist 0.27 0.51 0.19 Sess ff pend 0 conn 0 lastsess 0
15:00:31.461 [Frame Type Decode OK  ] Ldr; S:N(3KHz) Early= -15.081316 dB, Full -0.010513 dB, Offset= -92.611092 Hz:  MD Decode;3 ID=HFF, Type=H55:16QAM.500.100.O, D1= 0.27, D2= 0.51
15:00:31.461 New frame type - MEMARQ flags reset
15:00:31.461 MEMARQ Flags 0 0 0 0 0 0 0 0
15:00:33.068 Input peaks = -5618, 5962
15:00:35.360 [CorrectRawDataWithRS] RS Says Can't Correct
15:00:35.362 [CorrectRawDataWithRS] RS Says Can't Correct
15:00:35.362 Qual = 12
15:00:35.362 DecodeFrame MEMARQ Flags 0 0 0 0 0 0 0 0
15:00:35.362 [DecodeFrame] Frame: 16QAM.500.100.O Decode FAIL,   Constellation Quality= 12
15:00:35.362 [AddTagToDataAndSendToHost] bytes=512 Tag ERR
15:00:35.362 [ARDOPprotocol.ProcessRcvdFECDataFrame] Pass failed frame ID 16QAM.500.100.O to Host (512 bytes)
15:00:35.362 [ARDOPprotocol.ProcessRcvdFECDataFrame] Pass failed frame ID 16QAM.500.100.O to Host (0 bytes)
15:00:35.362 Time since received = 4
15:00:35.795 Prior-Offset= 0.600464
15:00:35.848 EnvelopeCorrelator CorMax:MaxProd= 56.667904  J= 108
15:00:35.848 [Acquire2ToneLeaderSymbolFraming] intIatMinError= -2
15:00:36.811 frame sync timeout 7445
15:00:37.068 Prior-Offset= 0.048233
15:00:37.173 EnvelopeCorrelator CorMax:MaxProd= 56.600975  J= 321
15:00:37.173 [Acquire2ToneLeaderSymbolFraming] intIatMinError= -1
15:00:37.673 Frame Decode type 55 eb 55 Dist 0.21 0.50 0.16 Sess ff pend 0 conn 0 lastsess 0
15:00:37.673 [Frame Type Decode OK  ] Ldr; S:N(3KHz) Early= -2.840664 dB, Full 12.230473 dB, Offset= -76.807503 Hz:  MD Decode;3 ID=HFF, Type=H55:16QAM.500.100.O, D1= 0.21, D2= 0.50
15:00:37.673 MEMARQ Flags 0 0 0 0 0 0 0 0
15:00:41.675 [CorrectRawDataWithRS] RS Says Can't Correct
15:00:41.677 [CorrectRawDataWithRS] RS Says Can't Correct
15:00:41.678 DemodQAM retry RS on MEM ARQ Corrected frames
15:00:41.679 [CorrectRawDataWithRS] RS says ok but CRC still bad
15:00:41.681 [CorrectRawDataWithRS] RS says ok but CRC still bad
15:00:41.681 Qual = 11
15:00:41.681 DecodeFrame MEMARQ Flags 0 0 0 0 0 0 0 0
15:00:41.681 [DecodeFrame] Frame: 16QAM.500.100.O Decode FAIL,   Constellation Quality= 11
15:00:41.681 Time since received = 8
15:00:42.864 Prior-Offset= -2.908272
15:00:42.959 EnvelopeCorrelator CorMax:MaxProd= 60.179714  J= 62
15:00:42.959 [Acquire2ToneLeaderSymbolFraming] intIatMinError= 0
15:00:43.123 Input peaks = -1218, 1662
15:00:43.165 Frame Decode type e8 65 3a Dist 0.62 0.36 0.52 Sess ff pend 0 conn 0 lastsess 0
15:00:43.165 [Frame Type Decode Fail] Ldr; S:N(3KHz) Early= -9.911491 dB, Full -13.570232 dB, Offset= -71.600372 Hz:  MD Decode;5 Type1=HE8, Type2=H65, D1= 0.62, D2= 0.36
15:00:43.165 poor frame type decode
15:00:45.437 Prior-Offset= 0.758995
15:00:45.534 EnvelopeCorrelator CorMax:MaxProd= 59.018787  J= 299
15:00:45.534 [Acquire2ToneLeaderSymbolFraming] intIatMinError= 1
15:00:45.732 Frame Decode type 41 48 35 Dist 0.57 0.58 0.55 Sess ff pend 0 conn 0 lastsess 0
15:00:45.732 [Frame Type Decode Fail] Ldr; S:N(3KHz) Early= -12.417139 dB, Full -10.802332 dB, Offset= -74.281525 Hz:  MD Decode;5 Type1=H41, Type2=H48, D1= 0.57, D2= 0.58
15:00:45.732 poor frame type decode
15:00:46.840 Prior-Offset= -1.969170
15:00:46.935 EnvelopeCorrelator CorMax:MaxProd= 55.589504  J= 267
15:00:46.935 [Acquire2ToneLeaderSymbolFraming] intIatMinError= -2
15:00:47.130 Frame Decode type 60 1f 62 Dist 0.59 0.52 0.39 Sess ff pend 0 conn 0 lastsess 0
15:00:47.130 [Frame Type Decode Fail] Ldr; S:N(3KHz) Early= -14.527741 dB, Full -11.377051 dB, Offset= -81.928207 Hz:  MD Decode;5 Type1=H60, Type2=H1F, D1= 0.59, D2= 0.52
15:00:47.130 poor frame type decode
15:00:53.174 Input peaks = -2452, 3215
15:00:58.363 Prior-Offset= 1.129173
15:00:58.468 EnvelopeCorrelator CorMax:MaxProd= 63.512184  J= 2
15:00:58.468 [Acquire2ToneLeaderSymbolFraming] intIatMinError= -2
15:00:59.269 Frame Decode type 5 ea 55 Dist 0.50 0.41 0.09 Sess ff pend 0 conn 0 lastsess 0
15:00:59.269 [Frame Type Decode Fail] Ldr; S:N(3KHz) Early= -1.196318 dB, Full -2.542496 dB, Offset= -73.781548 Hz:  MD Decode;5 Type1=H5, Type2=HEA, D1= 0.50, D2= 0.41
15:00:59.269 poor frame type decode
15:01:01.013 Prior-Offset= -0.115486
15:01:01.117 EnvelopeCorrelator CorMax:MaxProd= 60.776814  J= 40
15:01:01.117 [Acquire2ToneLeaderSymbolFraming] intIatMinError= -1
15:01:01.714 Frame Decode type 65 a 55 Dist 0.51 0.41 0.14 Sess ff pend 0 conn 0 lastsess 0
15:01:01.714 [Frame Type Decode Fail] Ldr; S:N(3KHz) Early= -0.546829 dB, Full 3.910107 dB, Offset= -91.596039 Hz:  MD Decode;5 Type1=H65, Type2=HA, D1= 0.51, D2= 0.41
15:01:01.714 poor frame type decode
15:01:02.623 Prior-Offset= -0.712914
15:01:02.718 EnvelopeCorrelator CorMax:MaxProd= 58.406601  J= 78
15:01:02.718 [Acquire2ToneLeaderSymbolFraming] intIatMinError= 0
15:01:03.233 Input peaks = -2980, 3091
15:01:03.716 frame sync timeout 26905
15:01:04.128 Prior-Offset= 1.781013
15:01:04.233 EnvelopeCorrelator CorMax:MaxProd= 60.995148  J= 76
15:01:04.233 [Acquire2ToneLeaderSymbolFraming] intIatMinError= -1
15:01:04.726 Frame Decode type 55 eb 55 Dist 0.31 0.49 0.17 Sess ff pend 0 conn 0 lastsess 0
15:01:04.726 [Frame Type Decode Fail] Ldr; S:N(3KHz) Early= -1.643993 dB, Full 2.506580 dB, Offset= -73.118683 Hz:  MD Decode;5 Type1=H55, Type2=HEB, D1= 0.31, D2= 0.49
15:01:04.726 poor frame type decode
15:01:05.170 Prior-Offset= -0.973755
15:01:05.264 EnvelopeCorrelator CorMax:MaxProd= 63.997227  J= 76
15:01:05.265 [Acquire2ToneLeaderSymbolFraming] intIatMinError= 0
15:01:05.669 Frame Decode type 55 eb 55 Dist 0.24 0.49 0.17 Sess ff pend 0 conn 0 lastsess 0
15:01:05.669 [Frame Type Decode OK  ] Ldr; S:N(3KHz) Early= -2.423494 dB, Full 6.014755 dB, Offset= -72.073555 Hz:  MD Decode;3 ID=HFF, Type=H55:16QAM.500.100.O, D1= 0.24, D2= 0.49
15:01:05.669 MEMARQ Flags 0 0 0 0 0 0 0 0
15:01:09.669 [CorrectRawDataWithRS] RS says ok but CRC still bad
15:01:09.671 [CorrectRawDataWithRS] RS says ok but CRC still bad
15:01:09.671 DemodQAM retry RS on MEM ARQ Corrected frames
15:01:09.673 [CorrectRawDataWithRS] RS says ok but CRC still bad
15:01:09.676 [CorrectRawDataWithRS] RS says ok but CRC still bad
15:01:09.676 Qual = 11
15:01:09.676 DecodeFrame MEMARQ Flags 0 0 0 0 0 0 0 0
15:01:09.676 [DecodeFrame] Frame: 16QAM.500.100.O Decode FAIL,   Constellation Quality= 11
15:01:09.676 Time since received = 9
15:01:09.992 Prior-Offset= -0.127243
15:01:10.046 EnvelopeCorrelator CorMax:MaxProd= 61.449169  J= 303
15:01:10.046 [Acquire2ToneLeaderSymbolFraming] intIatMinError= 0
15:01:11.017 frame sync timeout 7301
15:01:13.321 Input peaks = -2421, 2750
15:01:13.377 Prior-Offset= 2.057850
15:01:13.481 EnvelopeCorrelator CorMax:MaxProd= 57.067802  J= 0
15:01:13.481 [Acquire2ToneLeaderSymbolFraming] intIatMinError= 2
15:01:13.985 Frame Decode type 45 a 55 Dist 0.42 0.54 0.46 Sess ff pend 0 conn 0 lastsess 0
15:01:13.985 [Frame Type Decode Fail] Ldr; S:N(3KHz) Early= -14.027702 dB, Full -14.186817 dB, Offset= -43.643539 Hz:  MD Decode;5 Type1=H45, Type2=HA, D1= 0.42, D2= 0.54
15:01:13.985 poor frame type decode
15:01:14.574 Prior-Offset= 2.182228
15:01:14.678 EnvelopeCorrelator CorMax:MaxProd= 61.395916  J= 358
15:01:14.678 [Acquire2ToneLeaderSymbolFraming] intIatMinError= -1
15:01:15.184 Frame Decode type 4 ef 10 Dist 0.47 0.56 0.56 Sess ff pend 0 conn 0 lastsess 0
15:01:15.184 [Frame Type Decode Fail] Ldr; S:N(3KHz) Early= -15.744038 dB, Full -15.331828 dB, Offset= 47.186260 Hz:  MD Decode;5 Type1=H4, Type2=HEF, D1= 0.47, D2= 0.56
15:01:15.184 poor frame type decode
15:01:23.275 Prior-Offset= 1.653225
15:01:23.377 EnvelopeCorrelator CorMax:MaxProd= 56.698536  J= 143
15:01:23.378 [Acquire2ToneLeaderSymbolFraming] intIatMinError= -1
15:01:23.388 Input peaks = -4927, 5463
15:01:23.768 Frame Decode type 36 ef 10 Dist 0.45 0.51 0.51 Sess ff pend 0 conn 0 lastsess 0
15:01:23.768 [Frame Type Decode Fail] Ldr; S:N(3KHz) Early= -9.709044 dB, Full -7.810844 dB, Offset= -57.228493 Hz:  MD Decode;5 Type1=H36, Type2=HEF, D1= 0.45, D2= 0.51
15:01:23.768 poor frame type decode
15:01:28.331 Prior-Offset= 0.161346
15:01:28.429 EnvelopeCorrelator CorMax:MaxProd= 60.693188  J= 358
15:01:28.429 [Acquire2ToneLeaderSymbolFraming] intIatMinError= 0
15:01:29.435 frame sync timeout 18418
15:01:31.030 Prior-Offset= -0.283913
15:01:31.136 EnvelopeCorrelator CorMax:MaxProd= 61.697571  J= 24
15:01:31.136 [Acquire2ToneLeaderSymbolFraming] intIatMinError= 0
15:01:31.632 Frame Decode type 55 ea 55 Dist 0.52 0.41 0.13 Sess ff pend 0 conn 0 lastsess 0
15:01:31.632 [Frame Type Decode Fail] Ldr; S:N(3KHz) Early= -12.582447 dB, Full 7.710579 dB, Offset= -89.438736 Hz:  MD Decode;5 Type1=H55, Type2=HEA, D1= 0.52, D2= 0.41
15:01:31.632 poor frame type decode
15:01:31.747 Prior-Offset= 0.029144
15:01:31.841 EnvelopeCorrelator CorMax:MaxProd= 57.373749  J= 190
15:01:31.841 [Acquire2ToneLeaderSymbolFraming] intIatMinError= -1
15:01:32.838 frame sync timeout 3403
15:01:32.973 Prior-Offset= -0.310097
15:01:33.070 EnvelopeCorrelator CorMax:MaxProd= 58.922306  J= 28
15:01:33.070 [Acquire2ToneLeaderSymbolFraming] intIatMinError= -1
15:01:33.430 Input peaks = -5448, 5690
15:01:33.575 Frame Decode type 55 ef 51 Dist 0.21 0.59 0.46 Sess ff pend 0 conn 0 lastsess 0
15:01:33.575 [Frame Type Decode OK  ] Ldr; S:N(3KHz) Early= 2.461494 dB, Full 0.120354 dB, Offset= -77.083069 Hz:  MD Decode;3 ID=HFF, Type=H55:16QAM.500.100.O, D1= 0.21, D2= 0.59
15:01:33.575 MEMARQ Flags 0 0 0 0 0 0 0 0
15:01:37.577 [CorrectRawDataWithRS] RS Says Can't Correct
15:01:37.579 [CorrectRawDataWithRS] RS says ok but CRC still bad
15:01:37.579 DemodQAM retry RS on MEM ARQ Corrected frames
15:01:37.581 [CorrectRawDataWithRS] RS says ok but CRC still bad
15:01:37.583 [CorrectRawDataWithRS] RS Says Can't Correct
15:01:37.583 Qual = 6
15:01:37.583 DecodeFrame MEMARQ Flags 0 0 0 0 0 0 0 0
15:01:37.583 [DecodeFrame] Frame: 16QAM.500.100.O Decode FAIL,   Constellation Quality= 6
15:01:37.583 Time since received = 8
15:01:37.900 Prior-Offset= 1.288673
15:01:37.953 EnvelopeCorrelator CorMax:MaxProd= 58.732666  J= 323
15:01:37.954 [Acquire2ToneLeaderSymbolFraming] intIatMinError= 0
15:01:38.057 Frame Decode type 55 7b 6 Dist 0.57 0.57 0.57 Sess ff pend 0 conn 0 lastsess 0
15:01:38.058 [Frame Type Decode Fail] Ldr; S:N(3KHz) Early= -7.036142 dB, Full -10.287816 dB, Offset= -82.772842 Hz:  MD Decode;5 Type1=H55, Type2=H7B, D1= 0.57, D2= 0.57
15:01:38.058 poor frame type decode
15:01:38.184 Prior-Offset= -1.961876
15:01:38.278 EnvelopeCorrelator CorMax:MaxProd= 60.814579  J= 307
15:01:38.278 [Acquire2ToneLeaderSymbolFraming] intIatMinError= 1
15:01:38.484 Frame Decode type 54 f f0 Dist 0.44 0.58 0.58 Sess ff pend 0 conn 0 lastsess 0
15:01:38.484 [Frame Type Decode Fail] Ldr; S:N(3KHz) Early= -6.719146 dB, Full -10.700151 dB, Offset= -77.539032 Hz:  MD Decode;5 Type1=H54, Type2=HF, D1= 0.44, D2= 0.58
15:01:38.485 poor frame type decode
15:01:38.619 Prior-Offset= 1.938576
15:01:38.724 EnvelopeCorrelator CorMax:MaxProd= 49.812508  J= 152
15:01:38.724 [Acquire2ToneLeaderSymbolFraming] intIatMinError= 0
15:01:39.217 Frame Decode type 48 55 65 Dist 0.54 0.62 0.49 Sess ff pend 0 conn 0 lastsess 0
15:01:39.217 [Frame Type Decode Fail] Ldr; S:N(3KHz) Early= -9.396306 dB, Full -12.139528 dB, Offset= -76.528450 Hz:  MD Decode;5 Type1=H48, Type2=H55, D1= 0.54, D2= 0.62
15:01:39.217 poor frame type decode
15:01:39.587 Prior-Offset= 0.672468
15:01:39.682 EnvelopeCorrelator CorMax:MaxProd= 51.338760  J= 334
15:01:39.682 [Acquire2ToneLeaderSymbolFraming] intIatMinError= 2
15:01:39.887 Frame Decode type 54 ff 0 Dist 0.41 0.36 0.36 Sess ff pend 0 conn 0 lastsess 0
15:01:39.887 [Frame Type Decode Fail] Ldr; S:N(3KHz) Early= -15.525151 dB, Full -15.161521 dB, Offset= -13.000700 Hz:  MD Decode;5 Type1=H54, Type2=HFF, D1= 0.41, D2= 0.36
15:01:39.887 poor frame type decode
15:01:40.075 Prior-Offset= 2.360001
15:01:40.169 EnvelopeCorrelator CorMax:MaxProd= 51.759941  J= 49
15:01:40.169 [Acquire2ToneLeaderSymbolFraming] intIatMinError= 2
15:01:40.377 Frame Decode type 55 35 e2 Dist 0.50 0.37 0.43 Sess ff pend 0 conn 0 lastsess 0
15:01:40.378 [Frame Type Decode Fail] Ldr; S:N(3KHz) Early= -11.173634 dB, Full -10.534409 dB, Offset= -87.656799 Hz:  MD Decode;5 Type1=H55, Type2=H35, D1= 0.50, D2= 0.37
15:01:40.378 poor frame type decode
15:01:43.477 Input peaks = -3163, 3645
15:01:45.185 Prior-Offset= -0.638515
15:01:45.289 EnvelopeCorrelator CorMax:MaxProd= 57.694111  J= 2
15:01:45.289 [Acquire2ToneLeaderSymbolFraming] intIatMinError= 1
15:01:45.484 Frame Decode type 41 ed 12 Dist 0.41 0.55 0.55 Sess ff pend 0 conn 0 lastsess 0
15:01:45.484 [Frame Type Decode Fail] Ldr; S:N(3KHz) Early= -13.192846 dB, Full -13.366865 dB, Offset= -42.551174 Hz:  MD Decode;5 Type1=H41, Type2=HED, D1= 0.41, D2= 0.55
15:01:45.484 poor frame type decode
15:01:46.478 Prior-Offset= 0.811378
15:01:46.577 EnvelopeCorrelator CorMax:MaxProd= 45.180592  J= 75
15:01:46.577 [Acquire2ToneLeaderSymbolFraming] intIatMinError= -1
15:01:46.770 Frame Decode type 4 ef 40 Dist 0.31 0.38 0.38 Sess ff pend 0 conn 0 lastsess 0
15:01:46.770 [Frame Type Decode Fail] Ldr; S:N(3KHz) Early= -15.556057 dB, Full -11.451241 dB, Offset= -71.572281 Hz:  MD Decode;5 Type1=H4, Type2=HEF, D1= 0.31, D2= 0.38
15:01:46.770 poor frame type decode
15:01:47.876 Prior-Offset= -2.984009
15:01:47.971 EnvelopeCorrelator CorMax:MaxProd= 51.174675  J= 244
15:01:47.971 [Acquire2ToneLeaderSymbolFraming] intIatMinError= 0
15:01:48.372 Frame Decode type 1 f1 e Dist 0.54 0.47 0.47 Sess ff pend 0 conn 0 lastsess 0
15:01:48.372 [Frame Type Decode Fail] Ldr; S:N(3KHz) Early= -12.347908 dB, Full -11.411501 dB, Offset= -65.496704 Hz:  MD Decode;5 Type1=H1, Type2=HF1, D1= 0.54, D2= 0.47
15:01:48.372 poor frame type decode
15:01:49.681 Prior-Offset= -1.020760
15:01:49.785 EnvelopeCorrelator CorMax:MaxProd= 65.279510  J= 1
15:01:49.785 [Acquire2ToneLeaderSymbolFraming] intIatMinError= -1
15:01:50.484 Frame Decode type 0 0 0 Dist 1.00 1.00 1.00 Sess ff pend 0 conn 0 lastsess 0
15:01:50.484 [Frame Type Decode Fail] Ldr; S:N(3KHz) Early= -12.144542 dB, Full -10.329408 dB, Offset= -63.377106 Hz:  MD Decode;5 Type1=H0, Type2=H0, D1= 1.00, D2= 1.00
15:01:50.484 poor frame type decode
15:01:53.535 Input peaks = 0, 231
15:01:58.830 Prior-Offset= 0.394745
15:01:58.924 EnvelopeCorrelator CorMax:MaxProd= 65.771645  J= 328
15:01:58.924 [Acquire2ToneLeaderSymbolFraming] intIatMinError= 0
15:01:59.926 frame sync timeout 27088
15:02:00.539 Prior-Offset= -0.200081
15:02:00.634 EnvelopeCorrelator CorMax:MaxProd= 48.145908  J= 0
15:02:00.634 [Acquire2ToneLeaderSymbolFraming] intIatMinError= 1
15:02:01.633 Frame Decode type e8 52 e5 Dist 0.54 0.41 0.46 Sess ff pend 0 conn 0 lastsess 0
15:02:01.633 [Frame Type Decode Fail] Ldr; S:N(3KHz) Early= -13.789665 dB, Full -12.285812 dB, Offset= -100.689484 Hz:  MD Decode;5 Type1=HE8, Type2=H52, D1= 0.54, D2= 0.41
15:02:01.633 poor frame type decode
15:02:01.887 Prior-Offset= 1.463028
15:02:01.991 EnvelopeCorrelator CorMax:MaxProd= 57.210659  J= 12
15:02:01.991 [Acquire2ToneLeaderSymbolFraming] intIatMinError= 2
15:02:02.186 Frame Decode type 55 ea 55 Dist 0.36 0.57 0.37 Sess ff pend 0 conn 0 lastsess 0
15:02:02.186 [Frame Type Decode Fail] Ldr; S:N(3KHz) Early= -12.340122 dB, Full -10.441873 dB, Offset= -93.931786 Hz:  MD Decode;5 Type1=H55, Type2=HEA, D1= 0.36, D2= 0.57
15:02:02.187 poor frame type decode
15:02:02.949 Prior-Offset= 0.389870
15:02:03.044 EnvelopeCorrelator CorMax:MaxProd= 59.790916  J= 279
15:02:03.044 [Acquire2ToneLeaderSymbolFraming] intIatMinError= 0
15:02:03.249 Frame Decode type 55 eb 55 Dist 0.50 0.43 0.08 Sess ff pend 0 conn 0 lastsess 0
15:02:03.249 [Frame Type Decode Fail] Ldr; S:N(3KHz) Early= -7.577511 dB, Full -10.248888 dB, Offset= -78.827614 Hz:  MD Decode;5 Type1=H55, Type2=HEB, D1= 0.50, D2= 0.43
15:02:03.249 poor frame type decode
15:02:03.588 Input peaks = -3190, 3699
15:02:04.075 Prior-Offset= 0.028687
15:02:04.181 EnvelopeCorrelator CorMax:MaxProd= 59.088181  J= 96
15:02:04.181 [Acquire2ToneLeaderSymbolFraming] intIatMinError= 0
15:02:04.778 Frame Decode type 55 ea 55 Dist 0.28 0.48 0.15 Sess ff pend 0 conn 0 lastsess 0
15:02:04.778 [Frame Type Decode OK  ] Ldr; S:N(3KHz) Early= -2.065529 dB, Full -0.892548 dB, Offset= -72.624840 Hz:  MD Decode;3 ID=HFF, Type=H55:16QAM.500.100.O, D1= 0.28, D2= 0.48
15:02:04.778 MEMARQ Flags 0 0 0 0 0 0 0 0
15:02:08.782 [CorrectRawDataWithRS] RS says ok but CRC still bad
15:02:08.784 [CorrectRawDataWithRS] RS says ok but CRC still bad
15:02:08.784 DemodQAM retry RS on MEM ARQ Corrected frames
15:02:08.786 [CorrectRawDataWithRS] RS says ok but CRC still bad
15:02:08.788 [CorrectRawDataWithRS] RS says ok but CRC still bad
15:02:08.788 Qual = 17
15:02:08.788 DecodeFrame MEMARQ Flags 0 0 0 0 0 0 0 0
15:02:08.788 [DecodeFrame] Frame: 16QAM.500.100.O Decode FAIL,   Constellation Quality= 17
15:02:08.788 Time since received = 8
15:02:09.476 Prior-Offset= 0.051956
15:02:09.581 EnvelopeCorrelator CorMax:MaxProd= 55.893528  J= 1
15:02:09.581 [Acquire2ToneLeaderSymbolFraming] intIatMinError= -1
15:02:09.881 Frame Decode type 65 55 ea Dist 0.49 0.24 0.45 Sess ff pend 0 conn 0 lastsess 0
15:02:09.881 [Frame Type Decode OK  ] Ldr; S:N(3KHz) Early= -12.385556 dB, Full -5.981716 dB, Offset= -76.662369 Hz:  MD Decode;4 ID=HFF, Type=H65:16QAM.1000.100.O, D1= 0.49, D2= 0.24
15:02:09.881 MEMARQ Flags 0 0 0 0 0 0 0 0
15:02:13.644 Input peaks = -1778, 2326
15:02:13.882 [CorrectRawDataWithRS] RS Says Can't Correct
15:02:13.884 [CorrectRawDataWithRS] RS says ok but CRC still bad
15:02:13.885 DemodQAM retry RS on MEM ARQ Corrected frames
15:02:13.887 [CorrectRawDataWithRS] RS says ok but CRC still bad
15:02:13.888 [CorrectRawDataWithRS] RS says ok but CRC still bad
15:02:13.888 Qual = 0
15:02:13.888 DecodeFrame MEMARQ Flags 0 0 0 0 0 0 0 0
15:02:13.888 [DecodeFrame] Frame: 16QAM.500.100.O Decode FAIL,   Constellation Quality= 0
15:02:13.888 Time since received = 8
15:02:14.887 Prior-Offset= -2.909897
15:02:14.991 EnvelopeCorrelator CorMax:MaxProd= 60.814774  J= 240
15:02:14.991 [Acquire2ToneLeaderSymbolFraming] intIatMinError= 0
15:02:15.293 Frame Decode type 4a 54 65 Dist 0.60 0.61 0.54 Sess ff pend 0 conn 0 lastsess 0
15:02:15.293 [Frame Type Decode Fail] Ldr; S:N(3KHz) Early= -13.218887 dB, Full -10.938290 dB, Offset= -49.244259 Hz:  MD Decode;5 Type1=H4A, Type2=H54, D1= 0.60, D2= 0.61
15:02:15.293 poor frame type decode
15:02:16.040 Prior-Offset= 0.066849
15:02:16.135 EnvelopeCorrelator CorMax:MaxProd= 54.276287  J= 253
15:02:16.135 [Acquire2ToneLeaderSymbolFraming] intIatMinError= 2
15:02:17.041 frame sync timeout 17115
15:02:17.852 Prior-Offset= -0.256325
15:02:17.946 EnvelopeCorrelator CorMax:MaxProd= 68.536903  J= 103
15:02:17.946 [Acquire2ToneLeaderSymbolFraming] intIatMinError= -2
15:02:18.851 Frame Decode type 2e 55 e2 Dist 0.57 0.35 0.49 Sess ff pend 0 conn 0 lastsess 0
15:02:18.851 [Frame Type Decode Fail] Ldr; S:N(3KHz) Early= -9.954053 dB, Full -12.229583 dB, Offset= -67.089050 Hz:  MD Decode;5 Type1=H2E, Type2=H55, D1= 0.57, D2= 0.35
15:02:18.851 poor frame type decode
15:02:19.093 Prior-Offset= -0.204685
15:02:19.187 EnvelopeCorrelator CorMax:MaxProd= 58.944515  J= 112
15:02:19.187 [Acquire2ToneLeaderSymbolFraming] intIatMinError= -2
15:02:20.184 frame sync timeout 3142
15:02:23.690 Input peaks = -3029, 3690
15:02:28.337 Prior-Offset= 0.553795
15:02:28.444 EnvelopeCorrelator CorMax:MaxProd= 65.668198  J= 3
15:02:28.444 [Acquire2ToneLeaderSymbolFraming] intIatMinError= 2
15:02:28.937 Frame Decode type 55 63 55 Dist 0.54 0.50 0.48 Sess ff pend 0 conn 0 lastsess 0
15:02:28.937 [Frame Type Decode Fail] Ldr; S:N(3KHz) Early= -10.868525 dB, Full -4.921354 dB, Offset= -72.627190 Hz:  MD Decode;5 Type1=H55, Type2=H63, D1= 0.54, D2= 0.50
15:02:28.937 poor frame type decode
15:02:29.296 Prior-Offset= -1.206406
15:02:29.393 EnvelopeCorrelator CorMax:MaxProd= 57.956295  J= 277
15:02:29.393 [Acquire2ToneLeaderSymbolFraming] intIatMinError= -1
15:02:30.491 Frame Decode type 3a 65 3a Dist 0.44 0.24 0.44 Sess ff pend 0 conn 0 lastsess 0
15:02:30.491 [Frame Type Decode OK  ] Ldr; S:N(3KHz) Early= -10.878993 dB, Full -10.737309 dB, Offset= -79.803680 Hz:  MD Decode;4 ID=HFF, Type=H3A:ConAck500, D1= 0.44, D2= 0.24
15:02:30.491 New frame type - MEMARQ flags reset
15:02:30.491 MEMARQ Flags 0 0 0 0 0 0 0 0
15:02:33.747 Input peaks = -3242, 3100
15:02:34.503 [CorrectRawDataWithRS] RS Says Can't Correct
15:02:34.507 [CorrectRawDataWithRS] RS Says Can't Correct
15:02:34.511 [CorrectRawDataWithRS] RS says ok but CRC still bad
15:02:34.516 [CorrectRawDataWithRS] RS says ok but CRC still bad
15:02:34.516 Qual = 29
15:02:34.516 DecodeFrame MEMARQ Flags 0 0 0 0 0 0 0 0
15:02:34.516 [DecodeFrame] Frame: 16QAM.1000.100.O Decode FAIL,   Constellation Quality= 29
15:02:34.516 [AddTagToDataAndSendToHost] bytes=256 Tag ERR
15:02:34.516 [ARDOPprotocol.ProcessRcvdFECDataFrame] Pass failed frame ID 16QAM.1000.100.O to Host (256 bytes)
15:02:34.516 [ARDOPprotocol.ProcessRcvdFECDataFrame] Pass failed frame ID 16QAM.1000.100.O to Host (0 bytes)
15:02:34.516 Time since received = 18
15:02:35.682 Prior-Offset= 1.422523
15:02:35.787 EnvelopeCorrelator CorMax:MaxProd= 60.322926  J= 40
15:02:35.787 [Acquire2ToneLeaderSymbolFraming] intIatMinError= 0
15:02:36.785 Frame Decode type 51 ef 10 Dist 0.48 0.38 0.38 Sess ff pend 0 conn 0 lastsess 0
15:02:36.785 [Frame Type Decode Fail] Ldr; S:N(3KHz) Early= -14.338234 dB, Full -4.064243 dB, Offset= -73.328911 Hz:  MD Decode;5 Type1=H51, Type2=HEF, D1= 0.48, D2= 0.38
15:02:36.785 poor frame type decode
15:02:37.091 Prior-Offset= -0.464912
15:02:37.195 EnvelopeCorrelator CorMax:MaxProd= 57.738522  J= 298
15:02:37.195 [Acquire2ToneLeaderSymbolFraming] intIatMinError= 2
15:02:37.392 Frame Decode type 10 fa 5 Dist 0.39 0.39 0.39 Sess ff pend 0 conn 0 lastsess 0
15:02:37.393 [Frame Type Decode Fail] Ldr; S:N(3KHz) Early= -12.316448 dB, Full -9.327089 dB, Offset= -76.247169 Hz:  MD Decode;5 Type1=H10, Type2=HFA, D1= 0.39, D2= 0.39
15:02:37.393 poor frame type decode
15:02:37.527 Prior-Offset= 0.431046
15:02:37.635 EnvelopeCorrelator CorMax:MaxProd= 59.155403  J= 1
15:02:37.635 [Acquire2ToneLeaderSymbolFraming] intIatMinError= -2
15:02:38.529 frame sync timeout 18345
15:02:38.740 Prior-Offset= 0.146614
15:02:38.845 EnvelopeCorrelator CorMax:MaxProd= 56.268951  J= 70
15:02:38.845 [Acquire2ToneLeaderSymbolFraming] intIatMinError= 2
15:02:39.041 Frame Decode type ea 65 e2 Dist 0.63 0.52 0.57 Sess ff pend 0 conn 0 lastsess 0
15:02:39.041 [Frame Type Decode Fail] Ldr; S:N(3KHz) Early= -4.962248 dB, Full 1.465303 dB, Offset= -88.388306 Hz:  MD Decode;5 Type1=HEA, Type2=H65, D1= 0.63, D2= 0.52
15:02:39.041 poor frame type decode
15:02:39.178 Prior-Offset= 1.746277
15:02:39.285 EnvelopeCorrelator CorMax:MaxProd= 54.812546  J= 148
15:02:39.285 [Acquire2ToneLeaderSymbolFraming] intIatMinError= 0
15:02:39.680 Frame Decode type 65 55 42 Dist 0.53 0.57 0.55 Sess ff pend 0 conn 0 lastsess 0
15:02:39.680 [Frame Type Decode Fail] Ldr; S:N(3KHz) Early= -15.038843 dB, Full -2.477041 dB, Offset= -81.511673 Hz:  MD Decode;5 Type1=H65, Type2=H55, D1= 0.53, D2= 0.57
15:02:39.680 poor frame type decode
15:02:39.794 Prior-Offset= -0.582542
15:02:39.899 EnvelopeCorrelator CorMax:MaxProd= 60.380363  J= 211
15:02:39.899 [Acquire2ToneLeaderSymbolFraming] intIatMinError= 0
15:02:40.890 Frame Decode type e2 55 ea Dist 0.40 0.25 0.41 Sess ff pend 0 conn 0 lastsess 0
15:02:40.890 [Frame Type Decode OK  ] Ldr; S:N(3KHz) Early= 2.446224 dB, Full 4.418205 dB, Offset= -74.129616 Hz:  MD Decode;4 ID=HFF, Type=HE2:DataACK, D1= 0.40, D2= 0.25
15:02:40.890 New frame type - MEMARQ flags reset
15:02:40.890 MEMARQ Flags 0 0 0 0 0 0 0 0
15:02:43.794 Input peaks = -9095, 10699
15:02:44.800 [CorrectRawDataWithRS] RS says ok but CRC still bad
15:02:44.802 [CorrectRawDataWithRS] RS says ok but CRC still bad
15:02:44.802 Qual = 23
15:02:44.802 DecodeFrame MEMARQ Flags 0 0 0 0 0 0 0 0
15:02:44.802 [DecodeFrame] Frame: 16QAM.500.100.O Decode FAIL,   Constellation Quality= 23
15:02:44.802 [AddTagToDataAndSendToHost] bytes=512 Tag ERR
15:02:44.802 [ARDOPprotocol.ProcessRcvdFECDataFrame] Pass failed frame ID 16QAM.500.100.O to Host (512 bytes)
15:02:44.802 [ARDOPprotocol.ProcessRcvdFECDataFrame] Pass failed frame ID 16QAM.500.100.O to Host (0 bytes)
15:02:44.802 Time since received = 5
15:02:49.785 Prior-Offset= -2.647625
15:02:49.890 EnvelopeCorrelator CorMax:MaxProd= 59.067810  J= 109
15:02:49.890 [Acquire2ToneLeaderSymbolFraming] intIatMinError= -1
15:02:50.387 Frame Decode type e2 ed 12 Dist 0.64 0.58 0.58 Sess ff pend 0 conn 0 lastsess 0
15:02:50.387 [Frame Type Decode Fail] Ldr; S:N(3KHz) Early= -9.340626 dB, Full -3.738409 dB, Offset= -56.527870 Hz:  MD Decode;5 Type1=HE2, Type2=HED, D1= 0.64, D2= 0.58
15:02:50.387 poor frame type decode
15:02:53.883 Input peaks = -8183, 8945
15:02:58.335 Prior-Offset= -0.611389
15:02:58.439 EnvelopeCorrelator CorMax:MaxProd= 57.975067  J= 291
15:02:58.439 [Acquire2ToneLeaderSymbolFraming] intIatMinError= -1
15:02:58.932 Frame Decode type 55 ea 55 Dist 0.24 0.46 0.19 Sess ff pend 0 conn 0 lastsess 0
15:02:58.932 [Frame Type Decode OK  ] Ldr; S:N(3KHz) Early= -2.228807 dB, Full -6.627193 dB, Offset= -72.079933 Hz:  MD Decode;3 ID=HFF, Type=H55:16QAM.500.100.O, D1= 0.24, D2= 0.46
15:02:58.932 MEMARQ Flags 0 0 0 0 0 0 0 0
15:03:02.835 [CorrectRawDataWithRS] RS says ok but CRC still bad
15:03:02.836 [CorrectRawDataWithRS] RS Says Can't Correct
15:03:02.837 DemodQAM retry RS on MEM ARQ Corrected frames
15:03:02.839 [CorrectRawDataWithRS] RS says ok but CRC still bad
15:03:02.840 [CorrectRawDataWithRS] RS Says Can't Correct
15:03:02.840 Qual = 22
15:03:02.840 DecodeFrame MEMARQ Flags 0 0 0 0 0 0 0 0
15:03:02.840 [DecodeFrame] Frame: 16QAM.500.100.O Decode FAIL,   Constellation Quality= 22
15:03:02.840 Time since received = 8
15:03:03.147 Prior-Offset= 1.312828
15:03:03.200 EnvelopeCorrelator CorMax:MaxProd= 61.057148  J= 316
15:03:03.200 [Acquire2ToneLeaderSymbolFraming] intIatMinError= 0
15:03:03.449 Frame Decode type 55 65 55 Dist 0.40 0.55 0.50 Sess ff pend 0 conn 0 lastsess 0
15:03:03.449 [Frame Type Decode Fail] Ldr; S:N(3KHz) Early= -9.203365 dB, Full -2.990881 dB, Offset= -80.531265 Hz:  MD Decode;5 Type1=H55, Type2=H65, D1= 0.40, D2= 0.55
15:03:03.449 poor frame type decode
15:03:03.660 Prior-Offset= -2.719604
15:03:03.756 EnvelopeCorrelator CorMax:MaxProd= 59.924267  J= 314
15:03:03.756 [Acquire2ToneLeaderSymbolFraming] intIatMinError= 0
15:03:03.942 Input peaks = -11974, 9243
15:03:04.056 Frame Decode type 3d e2 1d Dist 0.62 0.52 0.52 Sess ff pend 0 conn 0 lastsess 0
15:03:04.056 [Frame Type Decode Fail] Ldr; S:N(3KHz) Early= -15.223242 dB, Full -5.165956 dB, Offset= -88.369255 Hz:  MD Decode;5 Type1=H3D, Type2=HE2, D1= 0.62, D2= 0.52
15:03:04.056 poor frame type decode
15:03:04.191 Prior-Offset= 1.373764
15:03:04.285 EnvelopeCorrelator CorMax:MaxProd= 62.034142  J= 307
15:03:04.285 [Acquire2ToneLeaderSymbolFraming] intIatMinError= -1
15:03:04.686 Frame Decode type 55 fa 55 Dist 0.53 0.53 0.48 Sess ff pend 0 conn 0 lastsess 0
15:03:04.686 [Frame Type Decode Fail] Ldr; S:N(3KHz) Early= -0.568066 dB, Full 1.816227 dB, Offset= -78.156525 Hz:  MD Decode;5 Type1=H55, Type2=HFA, D1= 0.53, D2= 0.53
15:03:04.686 poor frame type decode
15:03:05.162 Prior-Offset= -2.662827
15:03:05.257 EnvelopeCorrelator CorMax:MaxProd= 56.115208  J= 39
15:03:05.257 [Acquire2ToneLeaderSymbolFraming] intIatMinError= 1
15:03:05.762 Frame Decode type 55 55 65 Dist 0.57 0.51 0.50 Sess ff pend 0 conn 0 lastsess 0
15:03:05.762 [Frame Type Decode Fail] Ldr; S:N(3KHz) Early= -3.749470 dB, Full -14.540243 dB, Offset= -70.017944 Hz:  MD Decode;5 Type1=H55, Type2=H55, D1= 0.57, D2= 0.51
15:03:05.762 poor frame type decode
15:03:06.037 Prior-Offset= 0.721535
15:03:06.144 EnvelopeCorrelator CorMax:MaxProd= 54.074333  J= 183
15:03:06.145 [Acquire2ToneLeaderSymbolFraming] intIatMinError= 0
15:03:06.340 Frame Decode type ea 53 60 Dist 0.52 0.49 0.59 Sess ff pend 0 conn 0 lastsess 0
15:03:06.340 [Frame Type Decode Fail] Ldr; S:N(3KHz) Early= -6.068722 dB, Full -0.974407 dB, Offset= -88.413116 Hz:  MD Decode;5 Type1=HEA, Type2=H53, D1= 0.52, D2= 0.49
15:03:06.340 poor frame type decode
15:03:06.455 Prior-Offset= -0.107147
15:03:06.559 EnvelopeCorrelator CorMax:MaxProd= 59.659122  J= 244
15:03:06.559 [Acquire2ToneLeaderSymbolFraming] intIatMinError= -2
15:03:07.556 frame sync timeout 29027
15:03:07.792 Prior-Offset= 0.506424
15:03:07.891 EnvelopeCorrelator CorMax:MaxProd= 60.375957  J= 359
15:03:07.892 [Acquire2ToneLeaderSymbolFraming] intIatMinError= 1
15:03:08.283 Frame Decode type 18 65 3a Dist 0.57 0.32 0.57 Sess ff pend 0 conn 0 lastsess 0
15:03:08.283 [Frame Type Decode Fail] Ldr; S:N(3KHz) Early= -10.835391 dB, Full -5.072859 dB, Offset= -89.218109 Hz:  MD Decode;5 Type1=H18, Type2=H65, D1= 0.57, D2= 0.32
15:03:08.283 poor frame type decode
15:03:08.591 Prior-Offset= 0.211891
15:03:08.685 EnvelopeCorrelator CorMax:MaxProd= 54.094849  J= 341
15:03:08.685 [Acquire2ToneLeaderSymbolFraming] intIatMinError= -1
15:03:09.786 Frame Decode type 60 65 42 Dist 0.57 0.49 0.53 Sess ff pend 0 conn 0 lastsess 0
15:03:09.786 [Frame Type Decode Fail] Ldr; S:N(3KHz) Early= -2.248413 dB, Full 3.071571 dB, Offset= -75.064499 Hz:  MD Decode;5 Type1=H60, Type2=H65, D1= 0.57, D2= 0.49
15:03:09.786 poor frame type decode
15:03:09.900 Prior-Offset= 0.714951
15:03:09.994 EnvelopeCorrelator CorMax:MaxProd= 57.271851  J= 162
15:03:09.994 [Acquire2ToneLeaderSymbolFraming] intIatMinError= 2
15:03:10.693 Frame Decode type 3a 65 3a Dist 0.56 0.37 0.47 Sess ff pend 0 conn 0 lastsess 0
15:03:10.693 [Frame Type Decode Fail] Ldr; S:N(3KHz) Early= 1.757511 dB, Full 3.987751 dB, Offset= -74.454475 Hz:  MD Decode;5 Type1=H3A, Type2=H65, D1= 0.56, D2= 0.37
15:03:10.693 poor frame type decode
15:03:13.992 Input peaks = -3289, 3536
                                                                                                                                                                                                                                                                                                                                                                                                                                                                                                                                                                                                                                                                                                                                                                                                                                                                                                                                                                                                                                                                                                                                                                                                                                                                                                                                                                                                                                                                                  