04:23:54.793 ardopc Version 2.0.3.2
04:23:54.797 ARDOPC listening on port 8515
04:23:54.797 Capture Devices

04:23:55.114 Card 0, ID `Headphones', name `bcm2835 Headphones'
04:23:55.115 
04:23:55.115 Card 1, ID `Device', name `USB Audio Device'
04:23:55.115   Device hw:1,0 ID `USB Audio', name `USB Audio', 1 subdevices (1 available)
04:23:55.117     1 channel,  sampling rate 44100..48000 Hz
04:23:55.117 
04:23:55.117 Card 2, ID `vc4hdmi0', name `vc4-hdmi-0'
04:23:55.117 
04:23:55.117 Card 3, ID `vc4hdmi1', name `vc4-hdmi-1'
04:23:55.117 
04:23:55.117 Playback Devices

04:23:55.118 Card 0, ID `Headphones', name `bcm2835 Headphones'
04:23:55.118   Device hw:0,0 ID `bcm2835 Headphones', name `bcm2835 Headphones', 8 subdevices (8 available)
04:23:55.118     1..8 channels, sampling rate 8000..192000 Hz
04:23:55.119 
04:23:55.119 Card 1, ID `Device', name `USB Audio Device'
04:23:55.119   Device hw:1,0 ID `USB Audio', name `USB Audio', 1 subdevices (1 available)
04:23:55.119     2 channels,  sampling rate 44100..48000 Hz
04:23:55.119 
04:23:55.120 Card 2, ID `vc4hdmi0', name `vc4-hdmi-0'
04:23:55.120   Device hw:2,0 ID `MAI PCM i2s-hifi-0', name `MAI PCM i2s-hifi-0', 1 subdevices (1 available)
04:23:55.120 Error -524 opening output device
04:23:55.120 
04:23:55.120 Card 3, ID `vc4hdmi1', name `vc4-hdmi-1'
04:23:55.120   Device hw:3,0 ID `MAI PCM i2s-hifi-0', name `MAI PCM i2s-hifi-0', 1 subdevices (1 available)
04:23:55.121 Error -524 opening output device
04:23:55.121 
04:23:55.121 Opening Playback Device plughw:1,0 Rate 12000
04:23:55.138 Opening Capture Device plughw:1,0 Rate 12000
04:23:55.299 ardopc listening on port 8515
04:23:55.461 GUI Connected from Address 127.0.0.1
04:24:04.829 Input peaks = 0, 50
04:24:12.996 Host Control Session Connected
04:24:12.996 Host Data Session Connected
04:24:12.997 [Command Trace FROM host: INITIALIZE
04:24:12.997  Command Trace TO Host BUFFER 0
04:24:12.997  Command Trace TO Host INITIALIZE
04:24:13.008 [Command Trace FROM host: STATE
04:24:13.008  Command Trace TO Host STATE DISC
04:24:13.019 [Command Trace FROM host: PROTOCOLMODE ARQ
04:24:13.019  Command Trace TO Host PROTOCOLMODE now ARQ
04:24:13.020 [Command Trace FROM host: ARQTIMEOUT 90
04:24:13.020  Command Trace TO Host ARQTIMEOUT now 90
04:24:13.031 [Command Trace FROM host: LISTEN FALSE
04:24:13.031  Command Trace TO Host LISTEN now FALSE
04:24:13.041 [Command Trace FROM host: MYCALL KF0YRY
04:24:13.042  Command Trace TO Host MYCALL now KF0YRY
04:24:13.053 [Command Trace FROM host: GRIDSQUARE DM69
04:24:13.053  Command Trace TO Host GRIDSQUARE now DM69
04:24:13.064 [Command Trace FROM host: ARQBW 500MAX
04:24:13.064  Command Trace TO Host ARQBW now 500MAX
04:24:13.075 [Command Trace FROM host: CWID TRUE
04:24:13.075  Command Trace TO Host CWID now TRUE
04:24:13.086 [Command Trace FROM host: VERSION
04:24:13.086  Command Trace TO Host VERSION ardopc_2.0.3.2
04:24:14.905 Input peaks = 0, 55
04:24:24.958 Input peaks = 0, 51
04:24:35.019 Input peaks = 0, 50
04:24:45.068 Input peaks = 0, 51
04:24:55.115 Input peaks = 0, 52
04:25:05.170 Input peaks = 0, 50
04:25:15.242 Input peaks = 0, 50
04:25:25.325 Input peaks = 0, 53
04:25:35.375 Input peaks = 0, 53
04:25:45.439 Input peaks = 0, 53
04:25:55.484 Input peaks = 0, 51
04:26:05.571 Input peaks = 0, 53
04:26:15.637 Input peaks = 0, 51
04:26:25.719 Input peaks = 0, 49
04:26:35.744 Input peaks = 0, 50
04:26:45.823 Input peaks = 0, 50
04:26:55.857 Input peaks = 0, 50
04:27:05.930 Input peaks = 0, 50
04:27:15.985 Input peaks = 0, 51
04:27:26.056 Input peaks = 0, 50
04:27:36.142 Input peaks = 0, 52
04:27:46.190 Input peaks = 0, 50
04:27:56.254 Input peaks = 0, 50
04:28:06.342 Input peaks = 0, 53
04:28:16.384 Input peaks = 0, 50
04:28:26.443 Input peaks = 0, 49
04:28:36.492 Input peaks = 0, 51
04:28:46.566 Input peaks = 0, 50
04:28:56.639 Input peaks = 0, 50
04:29:06.705 Input peaks = 0, 51
04:29:16.797 Input peaks = 0, 49
04:29:26.850 Input peaks = 0, 50
04:29:36.904 Input peaks = 0, 51
04:29:46.961 Input peaks = 0, 51
04:29:57.017 Input peaks = 0, 49
04:30:07.107 Input peaks = 0, 48
04:30:17.180 Input peaks = 0, 48
04:30:27.262 Input peaks = 0, 51
04:30:37.307 Input peaks = 0, 49
04:30:47.361 Input peaks = 0, 48
04:30:57.414 Input peaks = 0, 50
04:31:07.473 Input peaks = 0, 48
04:31:17.529 Input peaks = 0, 50
04:31:27.587 Input peaks = 0, 47
04:31:37.667 Input peaks = 0, 48
04:31:47.694 Input peaks = 0, 48
04:31:57.773 Input peaks = 0, 46
04:32:07.824 Input peaks = 0, 47
04:32:17.889 Input peaks = 0, 48
04:32:27.974 Input peaks = 0, 49
04:32:38.031 Input peaks = 0, 49
04:32:48.097 Input peaks = 0, 49
04:32:58.186 Input peaks = 0, 48
04:33:08.207 Input peaks = 0, 46
04:33:18.279 Input peaks = 0, 46
04:33:28.307 Input peaks = 0, 49
04:33:38.388 Input peaks = 0, 46
04:33:48.449 Input peaks = 0, 46
04:33:58.498 Input peaks = 0, 46
04:34:08.553 Input peaks = 0, 46
04:34:18.604 Input peaks = 0, 45
04:34:28.655 Input peaks = 0, 45
04:34:38.720 Input peaks = 0, 48
04:34:48.792 Input peaks = 0, 46
04:34:58.847 Input peaks = 0, 48
04:35:08.912 Input peaks = 0, 45
04:35:18.963 Input peaks = 0, 46
04:35:29.025 Input peaks = 0, 47
04:35:39.054 Input peaks = 0, 47
04:35:49.108 Input peaks = 0, 47
04:35:59.153 Input peaks = 0, 46
04:36:09.207 Input peaks = 0, 47
04:36:19.264 Input peaks = 0, 46
04:36:29.357 Input peaks = 0, 47
04:36:39.436 Input peaks = 0, 45
04:36:49.512 Input peaks = 0, 48
04:36:59.539 Input peaks = 0, 44
04:37:09.618 Input peaks = 0, 43
04:37:19.681 Input peaks = 0, 44
04:37:29.740 Input peaks = 0, 47
04:37:39.821 Input peaks = 0, 43
04:37:49.867 Input peaks = 0, 47
04:37:59.926 Input peaks = 0, 44
04:38:09.977 Input peaks = 0, 43
04:38:20.025 Input peaks = 0, 46
04:38:30.047 Input peaks = 0, 45
04:38:40.126 Input peaks = 0, 43
04:38:50.147 Input peaks = 0, 43
04:39:00.229 Input peaks = 0, 41
04:39:10.258 Input peaks = 0, 41
04:39:20.335 Input peaks = 0, 44
04:39:30.385 Input peaks = 0, 42
04:39:40.457 Input peaks = 0, 41
04:39:50.553 Input peaks = 0, 40
04:40:00.591 Input peaks = 0, 40
04:40:10.642 Input peaks = 0, 40
04:40:20.690 Input peaks = 0, 41
04:40:30.753 Input peaks = 0, 40
04:40:40.807 Input peaks = 0, 39
04:40:50.872 Input peaks = 0, 40
04:41:00.914 Input peaks = 0, 97
04:41:10.967 Input peaks = 0, 61
04:41:12.769 [Command Trace FROM host: VERSION
04:41:12.769  Command Trace TO Host VERSION ardopc_2.0.3.2
04:41:12.779 [Command Trace FROM host: ARQBW
04:41:12.779  Command Trace TO Host ARQBW 500MAX
04:41:12.789 [Command Trace FROM host: ARQBW 500MAX
04:41:12.789  Command Trace TO Host ARQBW now 500MAX
04:41:12.801 [Command Trace FROM host: ARQCALL KB2PCN-5 10
04:41:12.801  Command Trace TO Host ARQCALL KB2PCN-5 10
04:41:12.813  Command Trace TO Host NEWSTATE ISS 
04:41:12.813 [SendARQConnectRequest] strMycall=KF0YRY  strTargetCall=KB2PCN-5 bytPendingSessionID=7f
04:41:12.813 Sending Frame Type ConReq500M
04:41:12.813 [Main.KeyPTT]  PTT-TRUE
04:41:13.052 Tx Time 1950 Time till end = 1711
04:41:14.923 [Main.KeyPTT]  PTT-FALSE
04:41:16.930 Repeating Last Frame
04:41:16.930 Sending Frame Type ConReq500M
04:41:16.930 [Main.KeyPTT]  PTT-TRUE
04:41:17.201 Tx Time 1950 Time till end = 1679
04:41:19.042 [Main.KeyPTT]  PTT-FALSE
04:41:21.049 Repeating Last Frame
04:41:21.049 Sending Frame Type ConReq500M
04:41:21.050 [Main.KeyPTT]  PTT-TRUE
04:41:21.285 Tx Time 1950 Time till end = 1714
04:41:23.164 [Main.KeyPTT]  PTT-FALSE
04:41:23.175 Input peaks = 0, 159
04:41:25.172 Repeating Last Frame
04:41:25.172 Sending Frame Type ConReq500M
04:41:25.172 [Main.KeyPTT]  PTT-TRUE
04:41:25.411 Tx Time 1950 Time till end = 1710
04:41:27.281 [Main.KeyPTT]  PTT-FALSE
04:41:29.288 Repeating Last Frame
04:41:29.288 Sending Frame Type ConReq500M
04:41:29.288 [Main.KeyPTT]  PTT-TRUE
04:41:29.557 Tx Time 1950 Time till end = 1682
04:41:31.399 [Main.KeyPTT]  PTT-FALSE
04:41:33.403 Repeating Last Frame
04:41:33.403 Sending Frame Type ConReq500M
04:41:33.403 [Main.KeyPTT]  PTT-TRUE
04:41:33.639 Tx Time 1950 Time till end = 1714
04:41:35.515 [Main.KeyPTT]  PTT-FALSE
04:41:35.527 Input peaks = 0, 158
04:41:37.518 Repeating Last Frame
04:41:37.518 Sending Frame Type ConReq500M
04:41:37.519 [Main.KeyPTT]  PTT-TRUE
04:41:37.754 Tx Time 1950 Time till end = 1714
04:41:39.630 [Main.KeyPTT]  PTT-FALSE
04:41:41.638 Repeating Last Frame
04:41:41.638 Sending Frame Type ConReq500M
04:41:41.638 [Main.KeyPTT]  PTT-TRUE
04:41:41.906 Tx Time 1950 Time till end = 1683
04:41:43.752 [Main.KeyPTT]  PTT-FALSE
04:41:45.755 Repeating Last Frame
04:41:45.755 Sending Frame Type ConReq500M
04:41:45.756 [Main.KeyPTT]  PTT-TRUE
04:41:45.995 Tx Time 1950 Time till end = 1710
04:41:47.867 [Main.KeyPTT]  PTT-FALSE
04:41:47.878 Input peaks = 0, 162
04:41:49.870 Repeating Last Frame
04:41:49.870 Sending Frame Type ConReq500M
04:41:49.870 [Main.KeyPTT]  PTT-TRUE
04:41:50.142 Tx Time 1950 Time till end = 1678
04:41:51.987 [Main.KeyPTT]  PTT-FALSE
04:41:53.994  Command Trace TO Host BUFFER 0
04:41:53.994  Command Trace TO Host BUFFER 0
04:41:53.994  Command Trace TO Host NEWSTATE DISC 
04:41:53.994  Command Trace TO Host STATUS CONNECT TO KB2PCN-5 FAILED!
04:41:54.005 [Command Trace FROM host: ARQBW 500MAX
04:41:54.005  Command Trace TO Host ARQBW now 500MAX
04:41:58.038 Input peaks = 0, 161
04:42:08.110 Input peaks = 0, 163
04:42:18.191 Input peaks = 0, 161
04:42:28.242 Input peaks = 0, 162
04:42:38.301 Input peaks = 0, 161
04:42:48.356 Input peaks = 0, 161
04:42:58.419 Input peaks = 0, 162
04:43:08.463 Input peaks = 0, 161
04:43:18.523 Input peaks = 0, 161
04:43:28.608 Input peaks = 0, 162
04:43:38.646 Input peaks = 0, 161
04:43:48.717 Input peaks = 0, 162
04:43:57.131 [Command Trace FROM host: VERSION
04:43:57.131  Command Trace TO Host VERSION ardopc_2.0.3.2
04:43:57.131 [Command Trace FROM host: ARQBW
04:43:57.131  Command Trace TO Host ARQBW 500MAX
04:43:57.141 [Command Trace FROM host: ARQBW 500MAX
04:43:57.142  Command Trace TO Host ARQBW now 500MAX
04:43:57.153 [Command Trace FROM host: ARQCALL KB2PCN-5 10
04:43:57.153  Command Trace TO Host ARQCALL KB2PCN-5 10
04:43:57.164  Command Trace TO Host NEWSTATE ISS 
04:43:57.164 [SendARQConnectRequest] strMycall=KF0YRY  strTargetCall=KB2PCN-5 bytPendingSessionID=7f
04:43:57.164 Sending Frame Type ConReq500M
04:43:57.164 [Main.KeyPTT]  PTT-TRUE
04:43:57.402 Tx Time 1950 Time till end = 1713
04:43:59.280 [Main.KeyPTT]  PTT-FALSE
04:43:59.291 Input peaks = 0, 160
04:44:01.281 Repeating Last Frame
04:44:01.281 Sending Frame Type ConReq500M
04:44:01.281 [Main.KeyPTT]  PTT-TRUE
04:44:01.517 Tx Time 1950 Time till end = 1714
04:44:03.392 [Main.KeyPTT]  PTT-FALSE
04:44:05.398 Repeating Last Frame
04:44:05.398 Sending Frame Type ConReq500M
04:44:05.399 [Main.KeyPTT]  PTT-TRUE
04:44:05.667 Tx Time 1950 Time till end = 1682
04:44:07.511 [Main.KeyPTT]  PTT-FALSE
04:44:09.513 Repeating Last Frame
04:44:09.513 Sending Frame Type ConReq500M
04:44:09.513 [Main.KeyPTT]  PTT-TRUE
04:44:09.751 Tx Time 1950 Time till end = 1712
04:44:11.627 [Main.KeyPTT]  PTT-FALSE
04:44:11.638 Input peaks = 0, 162
04:44:13.631 Repeating Last Frame
04:44:13.631 Sending Frame Type ConReq500M
04:44:13.631 [Main.KeyPTT]  PTT-TRUE
04:44:13.866 Tx Time 1950 Time till end = 1715
04:44:15.744 [Main.KeyPTT]  PTT-FALSE
04:44:17.748 Repeating Last Frame
04:44:17.749 Sending Frame Type ConReq500M
04:44:17.749 [Main.KeyPTT]  PTT-TRUE
04:44:18.013 Tx Time 1950 Time till end = 1686
04:44:19.862 [Main.KeyPTT]  PTT-FALSE
04:44:21.868 Repeating Last Frame
04:44:21.868 Sending Frame Type ConReq500M
04:44:21.868 [Main.KeyPTT]  PTT-TRUE
04:44:22.105 Tx Time 1950 Time till end = 1713
04:44:23.980 [Main.KeyPTT]  PTT-FALSE
04:44:23.991 Input peaks = 0, 160
04:44:25.981 Repeating Last Frame
04:44:25.981 Sending Frame Type ConReq500M
04:44:25.981 [Main.KeyPTT]  PTT-TRUE
04:44:26.250 Tx Time 1950 Time till end = 1681
04:44:28.095 [Main.KeyPTT]  PTT-FALSE
04:44:30.097 Repeating Last Frame
04:44:30.097 Sending Frame Type ConReq500M
04:44:30.097 [Main.KeyPTT]  PTT-TRUE
04:44:30.334 Tx Time 1950 Time till end = 1712
04:44:32.209 [Main.KeyPTT]  PTT-FALSE
04:44:34.213 Repeating Last Frame
04:44:34.213 Sending Frame Type ConReq500M
04:44:34.214 [Main.KeyPTT]  PTT-TRUE
04:44:34.476 Tx Time 1950 Time till end = 1687
04:44:36.327 [Main.KeyPTT]  PTT-FALSE
04:44:36.339 Input peaks = 0, 164
04:44:38.332  Command Trace TO Host BUFFER 0
04:44:38.332  Command Trace TO Host BUFFER 0
04:44:38.332  Command Trace TO Host NEWSTATE DISC 
04:44:38.332  Command Trace TO Host STATUS CONNECT TO KB2PCN-5 FAILED!
04:44:38.343 [Command Trace FROM host: ARQBW 500MAX
04:44:38.344  Command Trace TO Host ARQBW now 500MAX
04:44:46.389 Input peaks = 0, 164
04:44:56.444 Input peaks = 0, 164
04:45:06.530 Input peaks = 0, 165
04:45:16.584 Input peaks = 0, 164
04:45:26.640 Input peaks = 0, 163
04:45:36.700 Input peaks = 0, 166
04:45:46.787 Input peaks = 0, 166
04:45:56.841 Input peaks = 0, 163
04:46:06.889 Input peaks = 0, 163
04:46:16.946 Input peaks = 0, 163
04:46:26.973 Input peaks = 0, 164
04:46:37.058 Input peaks = 0, 161
04:46:47.100 Input peaks = 0, 165
04:46:57.165 Input peaks = 0, 166
04:47:07.257 Input peaks = 0, 162
04:47:17.304 Input peaks = 0, 163
04:47:27.355 Input peaks = 0, 163
04:47:37.373 Input peaks = 0, 162
04:47:47.469 Input peaks = 0, 163
04:47:57.513 Input peaks = 0, 162
04:48:07.572 Input peaks = 0, 162
04:48:17.661 Input peaks = 0, 161
04:48:27.708 Input peaks = 0, 162
04:48:37.766 Input peaks = 0, 161
04:48:47.823 Input peaks = 0, 161
04:48:57.867 Input peaks = 0, 162
04:49:07.922 Input peaks = 0, 161
04:49:17.971 Input peaks = 0, 163
04:49:27.989 Input peaks = 0, 161
04:49:38.029 Input peaks = 0, 163
04:49:48.085 Input peaks = 0, 163
04:49:58.126 Input peaks = 0, 162
04:50:08.190 Input peaks = 0, 164
04:50:18.236 Input peaks = 0, 163
04:50:28.328 Input peaks = 0, 162
04:50:38.385 Input peaks = 0, 165
04:50:48.445 Input peaks = 0, 163
04:50:58.505 Input peaks = 0, 163
04:51:08.587 Input peaks = 0, 162
04:51:18.649 Input peaks = 0, 161
04:51:28.702 Input peaks = 0, 162
04:51:38.755 Input peaks = 0, 164
04:51:48.842 Input peaks = 0, 165
04:51:58.912 Input peaks = 0, 161
04:52:08.958 Input peaks = 0, 163
04:52:19.014 Input peaks = 0, 162
04:52:29.104 Input peaks = 0, 162
04:52:39.150 Input peaks = 0, 162
04:52:49.223 Input peaks = 0, 163
04:52:59.310 Input peaks = 0, 163
04:53:09.360 Input peaks = 0, 162
04:53:19.407 Input peaks = 0, 162
04:53:29.454 Input peaks = 0, 162
04:53:39.506 Input peaks = 0, 162
04:53:49.533 Input peaks = 0, 162
04:53:59.612 Input peaks = 0, 165
04:54:09.664 Input peaks = 0, 162
04:54:19.726 Input peaks = 0, 160
04:54:29.822 Input peaks = 0, 162
04:54:39.868 Input peaks = 0, 162
04:54:49.925 Input peaks = 0, 162
04:54:59.969 Input peaks = 0, 162
04:55:10.027 Input peaks = 0, 163
04:55:20.082 Input peaks = 0, 162
04:55:30.134 Input peaks = 0, 161
04:55:40.181 Input peaks = 0, 164
04:55:50.250 Input peaks = 0, 164
04:55:52.159 Host Control Session Connected
04:55:52.160 Host Data Session Connected
04:55:52.160 [Command Trace FROM host: INITIALIZE
04:55:52.160  Command Trace TO Host BUFFER 0
04:55:52.160  Command Trace TO Host INITIALIZE
04:55:52.172 [Command Trace FROM host: STATE
04:55:52.172  Command Trace TO Host STATE DISC
04:55:52.183 [Command Trace FROM host: PROTOCOLMODE ARQ
04:55:52.184  Command Trace TO Host PROTOCOLMODE now ARQ
04:55:52.184 [Command Trace FROM host: ARQTIMEOUT 90
04:55:52.184  Command Trace TO Host ARQTIMEOUT now 90
04:55:52.194 [Command Trace FROM host: LISTEN FALSE
04:55:52.195  Command Trace TO Host LISTEN now FALSE
04:55:52.205 [Command Trace FROM host: MYCALL KF0YRY
04:55:52.205  Command Trace TO Host MYCALL now KF0YRY
04:55:52.206 [Command Trace FROM host: GRIDSQUARE DM69
04:55:52.206  Command Trace TO Host GRIDSQUARE now DM69
04:55:52.216 [Command Trace FROM host: ARQBW 500MAX
04:55:52.216  Command Trace TO Host ARQBW now 500MAX
04:55:52.216 [Command Trace FROM host: CWID TRUE
04:55:52.217  Command Trace TO Host CWID now TRUE
04:55:52.228 [Command Trace FROM host: VERSION
04:55:52.229  Command Trace TO Host VERSION ardopc_2.0.3.2
04:56:00.322 Input peaks = 0, 162
04:56:10.350 Input peaks = 0, 161
04:56:20.431 Input peaks = 0, 161
04:56:30.457 Input peaks = 0, 160
04:56:40.493 Input peaks = 0, 162
04:56:50.590 Input peaks = 0, 162
04:57:00.690 Input peaks = 0, 162
04:57:10.786 Input peaks = 0, 162
04:57:20.849 Input peaks = 0, 162
04:57:30.907 Input peaks = 0, 162
04:57:40.960 Input peaks = 0, 163
04:57:51.008 Input peaks = 0, 163
04:58:01.068 Input peaks = 0, 162
04:58:11.106 Input peaks = 0, 162
04:58:21.153 Input peaks = 0, 161
04:58:31.203 Input peaks = 0, 162
04:58:41.251 Input peaks = 0, 162
04:58:51.277 Input peaks = 0, 164
04:59:01.357 Input peaks = 0, 163
04:59:11.404 Input peaks = 0, 161
04:59:21.453 Input peaks = 0, 163
04:59:31.511 Input peaks = 0, 162
04:59:41.571 Input peaks = 0, 163
04:59:51.660 Input peaks = 0, 162
05:00:01.716 Input peaks = 0, 161
05:00:11.773 Input peaks = 0, 164
05:00:21.825 Input peaks = 0, 163
05:00:22.239 Host Control Session Connected
05:00:22.239 Host Data Session Connected
05:00:22.239 [Command Trace FROM host: INITIALIZE
05:00:22.239  Command Trace TO Host BUFFER 0
05:00:22.239  Command Trace TO Host INITIALIZE
05:00:22.249 [Command Trace FROM host: STATE
05:00:22.250  Command Trace TO Host STATE DISC
05:00:22.262 [Command Trace FROM host: PROTOCOLMODE ARQ
05:00:22.263  Command Trace TO Host PROTOCOLMODE now ARQ
05:00:22.275 [Command Trace FROM host: ARQTIMEOUT 90
05:00:22.275  Command Trace TO Host ARQTIMEOUT now 90
05:00:22.276 [Command Trace FROM host: LISTEN FALSE
05:00:22.276  Command Trace TO Host LISTEN now FALSE
05:00:22.288 [Command Trace FROM host: MYCALL KF0YRY
05:00:22.288  Command Trace TO Host MYCALL now KF0YRY
05:00:22.298 [Command Trace FROM host: GRIDSQUARE DM69
05:00:22.299  Command Trace TO Host GRIDSQUARE now DM69
05:00:22.312 [Command Trace FROM host: ARQBW 500MAX
05:00:22.312  Command Trace TO Host ARQBW now 500MAX
05:00:22.325 [Command Trace FROM host: CWID TRUE
05:00:22.325  Command Trace TO Host CWID now TRUE
05:00:22.335 [Command Trace FROM host: VERSION
05:00:22.336  Command Trace TO Host VERSION ardopc_2.0.3.2
05:00:31.887 Input peaks = 0, 163
05:00:41.929 Input peaks = 0, 161
05:00:51.993 Input peaks = 0, 162
05:01:02.080 Input peaks = 0, 162
05:01:12.128 Input peaks = 0, 162
05:01:22.192 Input peaks = 0, 162
05:01:32.238 Input peaks = 0, 163
05:01:42.289 Input peaks = 0, 162
05:01:52.335 Input peaks = 0, 162
05:02:02.403 Input peaks = 0, 162
05:02:12.483 Input peaks = 0, 161
05:02:22.507 Input peaks = 0, 163
05:02:32.588 Input peaks = 0, 164
05:02:42.631 Input peaks = 0, 163
05:02:52.695 Input peaks = 0, 162
05:03:02.746 Input peaks = 0, 162
05:03:12.801 Input peaks = 0, 160
05:03:22.840 Input peaks = 0, 163
05:03:32.898 Input peaks = 0, 162
05:03:42.941 Input peaks = 0, 163
05:03:52.994 Input peaks = 0, 162
05:04:03.054 Input peaks = 0, 164
05:04:13.115 Input peaks = 0, 161
05:04:23.162 Input peaks = 0, 162
05:04:33.254 Input peaks = 0, 163
05:04:43.305 Input peaks = 0, 162
05:04:53.356 Input peaks = 0, 163
05:05:03.409 Input peaks = 0, 163
05:05:13.455 Input peaks = 0, 164
05:05:23.513 Input peaks = 0, 161
05:05:33.568 Input peaks = 0, 162
05:05:43.634 Input peaks = 0, 162
05:05:53.671 Input peaks = 0, 161
05:06:03.731 Input peaks = 0, 162
05:06:13.773 Input peaks = 0, 162
05:06:23.844 Input peaks = 0, 162
05:06:33.882 Input peaks = 0, 161
05:06:43.938 Input peaks = 0, 163
05:06:53.985 Input peaks = 0, 163
05:07:04.034 Input peaks = 0, 162
05:07:14.075 Input peaks = 0, 162
05:07:24.137 Input peaks = 0, 162
05:07:34.189 Input peaks = 0, 162
05:07:44.250 Input peaks = 0, 161
05:07:54.333 Input peaks = 0, 162
05:08:04.384 Input peaks = 0, 162
05:08:14.457 Input peaks = 0, 162
05:08:24.535 Input peaks = 0, 162
05:08:34.593 Input peaks = 0, 217
05:08:44.647 Input peaks = 0, 164
05:08:54.698 Input peaks = 0, 165
05:09:04.752 Input peaks = 0, 161
05:09:14.798 Input peaks = 0, 161
05:09:24.856 Input peaks = 0, 163
05:09:34.945 Input peaks = 0, 163
05:09:44.968 Input peaks = 0, 164
05:09:55.010 Input peaks = 0, 162
05:10:05.070 Input peaks = 0, 163
05:10:15.156 Input peaks = 0, 162
05:10:25.211 Input peaks = 0, 163
05:10:35.301 Input peaks = 0, 164
05:10:45.355 Input peaks = 0, 164
05:10:55.404 Input peaks = 0, 161
05:11:05.464 Input peaks = 0, 163
05:11:15.513 Input peaks = 0, 160
05:11:25.582 Input peaks = 0, 162
05:11:35.623 Input peaks = 0, 162
05:11:45.683 Input peaks = 0, 162
05:11:55.765 Input peaks = 0, 162
05:12:05.792 Input peaks = 0, 162
05:12:15.829 Input peaks = 0, 163
05:12:25.885 Input peaks = 0, 162
05:12:35.928 Input peaks = 0, 163
05:12:45.994 Input peaks = 0, 161
05:12:56.072 Input peaks = 0, 161
05:13:06.115 Input peaks = 0, 161
05:13:16.186 Input peaks = 0, 162
05:13:26.276 Input peaks = 0, 162
05:13:36.330 Input peaks = 0, 162
05:13:46.377 Input peaks = 0, 163
05:13:56.399 Input peaks = 0, 160
05:14:06.475 Input peaks = 0, 161
05:14:16.541 Input peaks = 0, 161
05:14:26.598 Input peaks = 0, 161
05:14:36.683 Input peaks = 0, 160
05:14:46.735 Input peaks = 0, 161
05:14:56.794 Input peaks = 0, 162
05:15:06.835 Input peaks = 0, 162
05:15:16.893 Input peaks = 0, 161
05:15:26.939 Input peaks = 0, 161
05:15:37.009 Input peaks = 0, 165
05:15:47.089 Input peaks = 0, 161
05:15:57.145 Input peaks = 0, 162
05:16:07.202 Input peaks = 0, 160
05:16:17.292 Input peaks = 0, 162
05:16:27.354 Input peaks = 0, 163
05:16:37.411 Input peaks = 0, 163
05:16:47.495 Input peaks = 0, 163
05:16:57.521 Input peaks = 0, 162
05:17:07.601 Input peaks = 0, 163
05:17:17.645 Input peaks = 0, 164
05:17:27.710 Input peaks = 0, 161
05:17:37.752 Input peaks = 0, 165
05:17:47.810 Input peaks = 0, 164
05:17:57.857 Input peaks = 0, 162
05:18:07.917 Input peaks = 0, 162
05:18:17.971 Input peaks = 0, 162
05:18:28.028 Input peaks = 0, 163
05:18:38.115 Input peaks = 0, 163
05:18:48.160 Input peaks = 0, 163
05:18:58.225 Input peaks = 0, 161
05:19:08.275 Input peaks = 0, 162
05:19:18.339 Input peaks = 0, 163
05:19:28.420 Input peaks = 0, 162
05:19:38.438 Input peaks = 0, 163
05:19:48.477 Input peaks = 0, 164
05:19:58.540 Input peaks = 0, 162
05:20:08.632 Input peaks = 0, 161
05:20:18.722 Input peaks = 0, 161
05:20:28.777 Input peaks = 0, 163
05:20:38.839 Input peaks = 0, 164
05:20:48.929 Input peaks = 0, 162
05:20:58.972 Input peaks = 0, 162
05:21:09.026 Input peaks = 0, 162
05:21:19.055 Input peaks = 0, 163
05:21:29.094 Input peaks = 0, 162
05:21:39.159 Input peaks = 0, 162
05:21:49.231 Input peaks = 0, 164
05:21:59.284 Input peaks = 0, 166
05:22:09.338 Input peaks = 0, 162
05:22:19.388 Input peaks = 0, 163
05:22:29.459 Input peaks = 0, 163
05:22:39.553 Input peaks = 0, 164
05:22:49.587 Input peaks = 0, 163
05:22:59.645 Input peaks = 0, 166
05:23:09.670 Input peaks = 0, 162
05:23:19.746 Input peaks = 0, 165
05:23:29.796 Input peaks = 0, 163
05:23:39.865 Input peaks = 0, 163
05:23:49.911 Input peaks = 0, 164
05:24:00.002 Input peaks = 0, 162
05:24:10.073 Input peaks = 0, 163
05:24:20.159 Input peaks = 0, 161
05:24:30.218 Input peaks = 0, 163
05:24:40.278 Input peaks = 0, 162
05:24:50.366 Input peaks = 0, 162
05:25:00.416 Input peaks = 0, 163
05:25:10.509 Input peaks = 0, 163
05:25:20.561 Input peaks = 0, 163
05:25:30.614 Input peaks = 0, 163
05:25:40.671 Input peaks = 0, 161
05:25:50.765 Input peaks = 0, 161
05:26:00.817 Input peaks = 0, 162
05:26:10.915 Input peaks = 0, 162
05:26:20.979 Input peaks = 0, 161
05:26:31.035 Input peaks = 0, 163
05:26:41.116 Input peaks = 0, 162
05:26:51.176 Input peaks = 0, 162
05:27:01.237 Input peaks = 0, 162
05:27:11.285 Input peaks = 0, 162
05:27:21.341 Input peaks = 0, 163
05:27:31.402 Input peaks = 0, 162
05:27:41.487 Input peaks = 0, 163
05:27:51.596 Input peaks = 0, 163
05:28:01.683 Input peaks = 0, 164
05:28:11.729 Input peaks = 0, 163
05:28:21.784 Input peaks = 0, 163
05:28:31.845 Input peaks = 0, 162
05:28:41.914 Input peaks = 0, 161
05:28:51.986 Input peaks = 0, 163
05:29:02.038 Input peaks = 0, 162
05:29:12.106 Input peaks = 0, 161
05:29:22.204 Input peaks = 0, 161
05:29:32.256 Input peaks = 0, 160
05:29:42.340 Input peaks = 0, 161
05:29:52.409 Input peaks = 0, 161
05:30:02.447 Input peaks = 0, 161
05:30:12.513 Input peaks = 0, 161
05:30:22.602 Input peaks = 0, 162
05:30:32.656 Input peaks = 0, 163
05:30:42.722 Input peaks = 0, 156
05:30:52.768 Input peaks = 0, 159
05:31:02.829 Input peaks = 0, 159
05:31:12.913 Input peaks = 0, 156
05:31:22.929 Input peaks = 0, 158
05:31:33.020 Input peaks = 0, 157
05:31:43.111 Input peaks = 0, 157
05:31:53.137 Input peaks = 0, 158
05:32:03.212 Input peaks = 0, 159
05:32:13.237 Input peaks = 0, 157
05:32:23.319 Input peaks = 0, 159
05:32:33.370 Input peaks = 0, 158
05:32:43.439 Input peaks = 0, 158
05:32:53.521 Input peaks = 0, 158
05:33:03.575 Input peaks = 0, 158
05:33:13.633 Input peaks = 0, 160
05:33:23.675 Input peaks = 0, 157
05:33:33.731 Input peaks = 0, 160
05:33:43.789 Input peaks = 0, 158
05:33:53.850 Input peaks = 0, 158
05:34:03.888 Input peaks = 0, 158
05:34:13.939 Input peaks = 0, 159
05:34:24.029 Input peaks = 0, 161
05:34:34.090 Input peaks = 0, 158
05:34:44.144 Input peaks = 0, 158
05:34:54.202 Input peaks = 0, 159
05:35:04.239 Input peaks = 0, 159
05:35:14.292 Input peaks = 0, 160
05:35:24.358 Input peaks = 0, 160
05:35:34.405 Input peaks = 0, 159
05:35:44.465 Input peaks = 0, 162
05:35:54.553 Input peaks = 0, 159
05:36:04.604 Input peaks = 0, 160
05:36:14.675 Input peaks = 0, 159
05:36:24.749 Input peaks = 0, 158
05:36:34.800 Input peaks = 0, 158
05:36:44.865 Input peaks = 0, 159
05:36:54.948 Input peaks = 0, 158
05:37:04.974 Input peaks = 0, 160
05:37:15.012 Input peaks = 0, 159
05:37:25.070 Input peaks = 0, 158
05:37:30.690 [Command Trace FROM host: VERSION
05:37:30.690  Command Trace TO Host VERSION ardopc_2.0.3.2
05:37:30.700 [Command Trace FROM host: ARQBW
05:37:30.700  Command Trace TO Host ARQBW 500MAX
05:37:30.714 [Command Trace FROM host: ARQBW 500MAX
05:37:30.714  Command Trace TO Host ARQBW now 500MAX
05:37:30.727 [Command Trace FROM host: ARQCALL KB2PCN-5 10
05:37:30.727  Command Trace TO Host ARQCALL KB2PCN-5 10
05:37:30.738  Command Trace TO Host NEWSTATE ISS 
05:37:30.738 [SendARQConnectRequest] strMycall=KF0YRY  strTargetCall=KB2PCN-5 bytPendingSessionID=7f
05:37:30.738 Sending Frame Type ConReq500M
05:37:30.738 [Main.KeyPTT]  PTT-TRUE
05:37:31.018 Tx Time 1950 Time till end = 1670
05:37:32.849 [Main.KeyPTT]  PTT-FALSE
05:37:34.860 Repeating Last Frame
05:37:34.860 Sending Frame Type ConReq500M
05:37:34.860 [Main.KeyPTT]  PTT-TRUE
05:37:35.098 Tx Time 1950 Time till end = 1712
05:37:36.975 [Main.KeyPTT]  PTT-FALSE
05:37:36.985 Input peaks = 0, 164
05:37:38.983 Repeating Last Frame
05:37:38.984 Sending Frame Type ConReq500M
05:37:38.984 [Main.KeyPTT]  PTT-TRUE
05:37:39.250 Tx Time 1950 Time till end = 1685
05:37:41.094 [Main.KeyPTT]  PTT-FALSE
05:37:43.095 Repeating Last Frame
05:37:43.095 Sending Frame Type ConReq500M
05:37:43.096 [Main.KeyPTT]  PTT-TRUE
05:37:43.333 Tx Time 1950 Time till end = 1713
05:37:45.210 [Main.KeyPTT]  PTT-FALSE
05:37:47.220 Repeating Last Frame
05:37:47.220 Sending Frame Type ConReq500M
05:37:47.220 [Main.KeyPTT]  PTT-TRUE
05:37:47.485 Tx Time 1950 Time till end = 1686
05:37:49.333 [Main.KeyPTT]  PTT-FALSE
05:37:49.344 Input peaks = 0, 166
05:37:51.335 Repeating Last Frame
05:37:51.335 Sending Frame Type ConReq500M
05:37:51.336 [Main.KeyPTT]  PTT-TRUE
05:37:51.579 Tx Time 1950 Time till end = 1707
05:37:53.449 [Main.KeyPTT]  PTT-FALSE
05:37:55.456 Repeating Last Frame
05:37:55.456 Sending Frame Type ConReq500M
05:37:55.456 [Main.KeyPTT]  PTT-TRUE
05:37:55.694 Tx Time 1950 Time till end = 1712
05:37:57.568 [Main.KeyPTT]  PTT-FALSE
05:37:59.573 Repeating Last Frame
05:37:59.573 Sending Frame Type ConReq500M
05:37:59.573 [Main.KeyPTT]  PTT-TRUE
05:37:59.812 Tx Time 1950 Time till end = 1713
05:38:01.686 [Main.KeyPTT]  PTT-FALSE
05:38:01.697 Input peaks = 0, 161
05:38:03.689 Repeating Last Frame
05:38:03.689 Sending Frame Type ConReq500M
05:38:03.689 [Main.KeyPTT]  PTT-TRUE
05:38:03.927 Tx Time 1950 Time till end = 1713
05:38:05.801 [Main.KeyPTT]  PTT-FALSE
05:38:07.806 Repeating Last Frame
05:38:07.806 Sending Frame Type ConReq500M
05:38:07.806 [Main.KeyPTT]  PTT-TRUE
05:38:08.042 Tx Time 1950 Time till end = 1713
05:38:09.921 [Main.KeyPTT]  PTT-FALSE
05:38:11.925  Command Trace TO Host BUFFER 0
05:38:11.925  Command Trace TO Host BUFFER 0
05:38:11.926  Command Trace TO Host NEWSTATE DISC 
05:38:11.926  Command Trace TO Host STATUS CONNECT TO KB2PCN-5 FAILED!
05:38:11.936 Input peaks = 0, 164
05:38:11.937 [Command Trace FROM host: ARQBW 500MAX
05:38:11.937  Command Trace TO Host ARQBW now 500MAX
05:38:21.985 Input peaks = 0, 161
05:38:32.079 Input peaks = 0, 165
05:38:42.143 Input peaks = 0, 164
05:38:52.190 Input peaks = 0, 163
05:39:02.256 Input peaks = 0, 163
05:39:12.295 Input peaks = 0, 165
05:39:22.354 Input peaks = 0, 164
05:39:32.435 Input peaks = 0, 165
05:39:42.464 Input peaks = 0, 163
05:39:52.544 Input peaks = 0, 164
05:40:02.593 Input peaks = 0, 162
05:40:12.665 Input peaks = 0, 165
05:40:22.744 Input peaks = 0, 164
05:40:32.802 Input peaks = 0, 164
05:40:42.867 Input peaks = 0, 164
05:40:52.944 Input peaks = 0, 163
05:41:02.969 Input peaks = 0, 162
05:41:13.009 Input peaks = 0, 163
05:41:17.117 Host Control Session Connected
05:41:17.117 Host Data Session Connected
05:41:17.117 [Command Trace FROM host: INITIALIZE
05:41:17.117  Command Trace TO Host BUFFER 0
05:41:17.117  Command Trace TO Host INITIALIZE
05:41:17.128 [Command Trace FROM host: STATE
05:41:17.128  Command Trace TO Host STATE DISC
05:41:17.138 [Command Trace FROM host: PROTOCOLMODE ARQ
05:41:17.138  Command Trace TO Host PROTOCOLMODE now ARQ
05:41:17.149 [Command Trace FROM host: ARQTIMEOUT 90
05:41:17.150  Command Trace TO Host ARQTIMEOUT now 90
05:41:17.161 [Command Trace FROM host: LISTEN FALSE
05:41:17.161  Command Trace TO Host LISTEN now FALSE
05:41:17.172 [Command Trace FROM host: MYCALL KF0YRY
05:41:17.172  Command Trace TO Host MYCALL now KF0YRY
05:41:17.182 [Command Trace FROM host: GRIDSQUARE DM69
05:41:17.183  Command Trace TO Host GRIDSQUARE now DM69
05:41:17.193 [Command Trace FROM host: ARQBW 500MAX
05:41:17.193  Command Trace TO Host ARQBW now 500MAX
05:41:17.205 [Command Trace FROM host: CWID TRUE
05:41:17.205  Command Trace TO Host CWID now TRUE
05:41:17.216 [Command Trace FROM host: VERSION
05:41:17.216  Command Trace TO Host VERSION ardopc_2.0.3.2
05:41:23.075 Input peaks = 0, 164
05:41:33.163 Input peaks = 0, 165
05:41:43.215 Input peaks = 0, 165
05:41:53.277 Input peaks = 0, 164
05:42:03.356 Input peaks = 0, 164
05:42:13.382 Input peaks = 0, 164
05:42:23.461 Input peaks = 0, 163
05:42:33.486 Input peaks = 0, 163
05:42:43.570 Input peaks = 0, 165
05:42:53.613 Input peaks = 0, 164
05:43:03.663 Input peaks = 0, 164
05:43:13.726 Input peaks = 0, 165
05:43:23.792 Input peaks = 0, 164
05:43:33.832 Input peaks = 0, 164
05:43:43.890 Input peaks = 0, 163
05:43:53.936 Input peaks = 0, 163
05:44:03.976 Input peaks = 0, 162
05:44:14.024 Input peaks = 0, 164
05:44:24.088 Input peaks = 0, 165
05:44:34.103 Input peaks = 0, 165
05:44:44.144 Input peaks = 0, 165
05:44:54.196 Input peaks = 0, 164
05:45:04.244 Input peaks = 0, 164
05:45:14.304 Input peaks = 0, 166
05:45:24.386 Input peaks = 0, 166
05:45:34.439 Input peaks = 0, 166
05:45:44.496 Input peaks = 0, 165
05:45:54.552 Input peaks = 0, 165
05:46:04.609 Input peaks = 0, 165
05:46:14.690 Input peaks = 0, 165
05:46:24.713 Input peaks = 0, 167
05:46:34.798 Input peaks = 0, 165
05:46:44.845 Input peaks = 0, 163
05:46:54.916 Input peaks = 0, 165
05:47:05.003 Input peaks = 0, 165
05:47:15.059 Input peaks = 0, 167
05:47:25.127 Input peaks = 0, 166
05:47:35.167 Input peaks = 0, 165
05:47:45.257 Input peaks = 0, 165
05:47:48.070 Host Control Session Connected
05:47:48.070 Host Data Session Connected
05:47:48.070 [Command Trace FROM host: INITIALIZE
05:47:48.070  Command Trace TO Host BUFFER 0
05:47:48.071  Command Trace TO Host INITIALIZE
05:47:48.081 [Command Trace FROM host: STATE
05:47:48.081  Command Trace TO Host STATE DISC
05:47:48.091 [Command Trace FROM host: PROTOCOLMODE ARQ
05:47:48.092  Command Trace TO Host PROTOCOLMODE now ARQ
05:47:48.106 [Command Trace FROM host: ARQTIMEOUT 90
05:47:48.106  Command Trace TO Host ARQTIMEOUT now 90
05:47:48.118 [Command Trace FROM host: LISTEN FALSE
05:47:48.119  Command Trace TO Host LISTEN now FALSE
05:47:48.131 [Command Trace FROM host: MYCALL KF0YRY
05:47:48.131  Command Trace TO Host MYCALL now KF0YRY
05:47:48.141 [Command Trace FROM host: GRIDSQUARE DM69
05:47:48.142  Command Trace TO Host GRIDSQUARE now DM69
05:47:48.154 [Command Trace FROM host: ARQBW 500MAX
05:47:48.155  Command Trace TO Host ARQBW now 500MAX
05:47:48.155 [Command Trace FROM host: CWID TRUE
05:47:48.155  Command Trace TO Host CWID now TRUE
05:47:48.168 [Command Trace FROM host: VERSION
05:47:48.169  Command Trace TO Host VERSION ardopc_2.0.3.2
05:47:55.322 Input peaks = 0, 165
05:48:05.372 Input peaks = 0, 164
05:48:15.457 Input peaks = 0, 165
05:48:25.526 Input peaks = 0, 164
05:48:35.623 Input peaks = 0, 163
05:48:45.714 Input peaks = 0, 164
05:48:55.767 Input peaks = 0, 167
05:49:05.840 Input peaks = 0, 164
05:49:15.921 Input peaks = 0, 163
05:49:25.985 Input peaks = 0, 162
05:49:36.075 Input peaks = 0, 164
05:49:46.142 Input peaks = 0, 162
05:49:56.186 Input peaks = 0, 163
05:50:06.288 Input peaks = 0, 162
05:50:16.354 Input peaks = 0, 161
05:50:26.438 Input peaks = 0, 163
05:50:36.492 Input peaks = 0, 163
05:50:46.595 Input peaks = 0, 165
05:50:56.652 Input peaks = 0, 165
05:51:06.696 Input peaks = 0, 164
05:51:16.751 Input peaks = 0, 163
05:51:26.801 Input peaks = 0, 166
05:51:36.884 Input peaks = 0, 165
05:51:46.953 Input peaks = 0, 163
05:51:56.989 Input peaks = 0, 165
05:52:07.048 Input peaks = 0, 163
05:52:17.100 Input peaks = 0, 163
05:52:27.156 Input peaks = 0, 163
05:52:37.210 Input peaks = 0, 163
05:52:47.275 Input peaks = 0, 166
05:52:57.359 Input peaks = 0, 164
05:53:07.413 Input peaks = 0, 164
05:53:17.479 Input peaks = 0, 164
05:53:27.521 Input peaks = 0, 165
05:53:37.572 Input peaks = 0, 164
05:53:47.662 Input peaks = 0, 164
05:53:57.726 Input peaks = 0, 164
05:54:07.814 Input peaks = 0, 163
05:54:17.885 Input peaks = 0, 165
05:54:27.967 Input peaks = 0, 162
05:54:38.019 Input peaks = 0, 164
05:54:40.727 Host Control Session Connected
05:54:40.727 Host Data Session Connected
05:54:40.727 [Command Trace FROM host: INITIALIZE
05:54:40.727  Command Trace TO Host BUFFER 0
05:54:40.727  Command Trace TO Host INITIALIZE
05:54:40.737 [Command Trace FROM host: STATE
05:54:40.738  Command Trace TO Host STATE DISC
05:54:40.748 [Command Trace FROM host: PROTOCOLMODE ARQ
05:54:40.748  Command Trace TO Host PROTOCOLMODE now ARQ
05:54:40.758 [Command Trace FROM host: ARQTIMEOUT 90
05:54:40.759  Command Trace TO Host ARQTIMEOUT now 90
05:54:40.772 [Command Trace FROM host: LISTEN FALSE
05:54:40.772  Command Trace TO Host LISTEN now FALSE
05:54:40.785 [Command Trace FROM host: MYCALL KF0YRY
05:54:40.785  Command Trace TO Host MYCALL now KF0YRY
05:54:40.797 [Command Trace FROM host: GRIDSQUARE DM69
05:54:40.798  Command Trace TO Host GRIDSQUARE now DM69
05:54:40.808 [Command Trace FROM host: ARQBW 500MAX
05:54:40.808  Command Trace TO Host ARQBW now 500MAX
05:54:40.820 [Command Trace FROM host: CWID TRUE
05:54:40.820  Command Trace TO Host CWID now TRUE
05:54:40.833 [Command Trace FROM host: VERSION
05:54:40.833  Command Trace TO Host VERSION ardopc_2.0.3.2
05:54:48.084 Input peaks = 0, 165
05:54:58.178 Input peaks = 0, 164
05:55:08.236 Input peaks = 0, 164
05:55:18.287 Input peaks = 0, 165
05:55:28.378 Input peaks = 0, 163
05:55:38.439 Input peaks = 0, 163
05:55:48.488 Input peaks = 0, 164
05:55:58.544 Input peaks = 0, 164
05:56:08.633 Input peaks = 0, 164
05:56:18.702 Input peaks = 0, 165
05:56:28.804 Input peaks = 0, 166
05:56:38.887 Input peaks = 0, 165
05:56:48.938 Input peaks = 0, 166
05:56:59.009 Input peaks = 0, 164
05:57:09.050 Input peaks = 0, 164
05:57:19.106 Input peaks = 0, 164
05:57:29.186 Input peaks = 0, 163
05:57:39.252 Input peaks = 0, 163
05:57:49.305 Input peaks = 0, 164
05:57:59.361 Input peaks = 0, 164
05:58:09.417 Input peaks = 0, 162
05:58:19.499 Input peaks = 0, 161
05:58:29.550 Input peaks = 0, 164
05:58:39.616 Input peaks = 0, 162
05:58:49.668 Input peaks = 0, 163
05:58:59.731 Input peaks = 0, 164
05:59:09.817 Input peaks = 0, 164
05:59:19.866 Input peaks = 0, 163
05:59:29.969 Input peaks = 0, 163
05:59:40.057 Input peaks = 0, 162
05:59:50.113 Input peaks = 0, 164
06:00:00.166 Input peaks = 0, 163
06:00:10.225 Input peaks = 0, 162
06:00:20.269 Input peaks = 0, 162
06:00:30.329 Input peaks = 0, 165
06:00:40.422 Input peaks = 0, 162
06:00:50.483 Input peaks = 0, 161
06:01:00.572 Input peaks = 0, 164
06:01:10.677 Input peaks = 0, 163
06:01:20.738 Input peaks = 0, 163
06:01:30.834 Input peaks = 0, 164
06:01:40.891 Input peaks = 0, 164
06:01:50.942 Input peaks = 0, 163
06:02:00.986 Input peaks = 0, 164
06:02:11.054 Input peaks = 0, 164
06:02:21.154 Input peaks = 0, 163
06:02:31.198 Input peaks = 0, 165
06:02:41.248 Input peaks = 0, 165
06:02:51.299 Input peaks = 0, 164
06:03:01.385 Input peaks = 0, 165
06:03:11.466 Input peaks = 0, 163
06:03:21.556 Input peaks = 0, 163
06:03:31.605 Input peaks = 0, 164
06:03:41.696 Input peaks = 0, 163
06:03:51.800 Input peaks = 0, 162
06:04:01.862 Input peaks = 0, 163
06:04:11.962 Input peaks = 0, 164
06:04:22.014 Input peaks = 0, 165
06:04:32.079 Input peaks = 0, 165
06:04:42.149 Input peaks = 0, 165
06:04:52.208 Input peaks = 0, 168
06:05:02.258 Input peaks = 0, 166
06:05:12.304 Input peaks = 0, 165
06:05:22.365 Input peaks = 0, 167
06:05:32.418 Input peaks = 0, 165
06:05:42.477 Input peaks = 0, 166
06:05:52.563 Input peaks = 0, 164
06:06:02.617 Input peaks = 0, 164
06:06:12.686 Input peaks = 0, 164
06:06:22.788 Input peaks = 0, 166
06:06:32.832 Input peaks = 0, 165
06:06:42.922 Input peaks = 0, 165
06:06:52.995 Input peaks = 0, 164
06:07:03.086 Input peaks = 0, 163
06:07:13.178 Input peaks = 0, 165
06:07:23.238 Input peaks = 0, 165
06:07:33.334 Input peaks = 0, 165
06:07:43.431 Input peaks = 0, 167
06:07:53.502 Input peaks = 0, 164
06:08:03.600 Input peaks = 0, 165
06:08:13.685 Input peaks = 0, 167
06:08:23.712 Input peaks = 0, 168
06:08:33.782 Input peaks = 0, 167
06:08:43.837 Input peaks = 0, 165
06:08:53.915 Input peaks = 0, 167
06:09:03.997 Input peaks = 0, 164
06:09:14.040 Input peaks = 0, 164
06:09:24.106 Input peaks = 0, 164
06:09:34.193 Input peaks = 0, 166
06:09:44.221 Input peaks = 0, 165
06:09:54.304 Input peaks = 0, 165
06:10:04.394 Input peaks = 0, 165
06:10:14.428 Input peaks = 0, 165
06:10:24.509 Input peaks = 0, 164
06:10:34.565 Input peaks = 0, 162
06:10:44.654 Input peaks = 0, 165
06:10:54.729 Input peaks = 0, 163
06:11:04.808 Input peaks = 0, 164
06:11:14.861 Input peaks = 0, 165
06:11:24.962 Input peaks = 0, 166
06:11:35.036 Input peaks = 0, 165
06:11:45.126 Input peaks = 0, 164
06:11:55.179 Input peaks = 0, 164
06:12:05.261 Input peaks = 0, 165
06:12:15.339 Input peaks = 0, 164
06:12:25.431 Input peaks = 0, 164
06:12:35.522 Input peaks = 0, 164
06:12:45.614 Input peaks = 0, 165
06:12:55.650 Input peaks = 0, 164
06:13:05.725 Input peaks = 0, 164
06:13:15.819 Input peaks = 0, 164
06:13:25.853 Input peaks = 0, 164
06:13:35.929 Input peaks = 0, 165
06:13:45.980 Input peaks = 0, 165
06:13:56.056 Input peaks = 0, 165
06:14:06.144 Input peaks = 0, 164
06:14:16.227 Input peaks = 0, 164
06:14:26.282 Input peaks = 0, 166
06:14:36.336 Input peaks = 0, 167
06:14:46.389 Input peaks = 0, 164
06:14:56.490 Input peaks = 0, 168
06:15:06.541 Input peaks = 0, 166
06:15:16.643 Input peaks = 0, 164
06:15:26.690 Input peaks = 0, 165
06:15:36.753 Input peaks = 0, 164
06:15:46.798 Input peaks = 0, 167
06:15:56.858 Input peaks = 0, 165
06:16:06.959 Input peaks = 0, 165
06:16:17.046 Input peaks = 0, 164
06:16:27.075 Input peaks = 0, 162
06:16:37.151 Input peaks = 0, 165
06:16:47.206 Input peaks = 0, 164
06:16:57.257 Input peaks = 0, 165
06:17:07.315 Input peaks = 0, 167
06:17:17.370 Input peaks = 0, 165
06:17:27.460 Input peaks = 0, 165
06:17:37.526 Input peaks = 0, 163
06:17:47.590 Input peaks = 0, 164
06:17:57.676 Input peaks = 0, 165
06:18:07.767 Input peaks = 0, 166
06:18:17.823 Input peaks = 0, 164
06:18:27.891 Input peaks = 0, 163
06:18:37.966 Input peaks = 0, 165
06:18:48.017 Input peaks = 0, 167
06:18:58.066 Input peaks = 0, 164
06:19:08.096 Input peaks = 0, 163
06:19:18.188 Input peaks = 0, 166
06:19:28.230 Input peaks = 0, 167
06:19:38.294 Input peaks = 0, 165
06:19:48.332 Input peaks = 0, 165
06:19:58.395 Input peaks = 0, 164
06:20:08.484 Input peaks = 0, 163
06:20:18.507 Input peaks = 0, 164
06:20:28.544 Input peaks = 0, 165
06:20:38.586 Input peaks = 0, 164
06:20:48.641 Input peaks = 0, 163
06:20:58.735 Input peaks = 0, 164
06:21:08.810 Input peaks = 0, 167
06:21:18.898 Input peaks = 0, 164
06:21:28.945 Input peaks = 0, 166
06:21:39.047 Input peaks = 0, 164
06:21:49.123 Input peaks = 0, 162
06:21:59.206 Input peaks = 0, 163
06:22:09.257 Input peaks = 0, 162
06:22:19.351 Input peaks = 0, 166
06:22:29.420 Input peaks = 0, 164
06:22:39.506 Input peaks = 0, 166
06:22:49.566 Input peaks = 0, 163
06:22:59.621 Input peaks = 0, 164
06:23:09.657 Input peaks = 0, 164
06:23:19.761 Input peaks = 0, 165
06:23:29.812 Input peaks = 0, 165
06:23:39.870 Input peaks = 0, 165
06:23:49.957 Input peaks = 0, 164
06:24:00.033 Input peaks = 0, 165
06:24:10.111 Input peaks = 0, 165
06:24:20.140 Input peaks = 0, 164
06:24:30.221 Input peaks = 0, 165
06:24:40.322 Input peaks = 0, 165
06:24:50.383 Input peaks = 0, 164
06:25:00.467 Input peaks = 0, 163
06:25:10.530 Input peaks = 0, 166
06:25:20.621 Input peaks = 0, 165
06:25:30.672 Input peaks = 0, 166
06:25:40.735 Input peaks = 0, 164
06:25:50.776 Input peaks = 0, 167
06:26:00.852 Input peaks = 0, 164
06:26:10.933 Input peaks = 0, 165
06:26:21.033 Input peaks = 0, 165
06:26:31.081 Input peaks = 0, 165
06:26:41.139 Input peaks = 0, 164
06:26:51.184 Input peaks = 0, 166
06:27:01.251 Input peaks = 0, 166
06:27:11.344 Input peaks = 0, 165
06:27:21.394 Input peaks = 0, 164
06:27:31.446 Input peaks = 0, 164
06:27:41.503 Input peaks = 0, 163
06:27:51.561 Input peaks = 0, 165
06:28:01.651 Input peaks = 0, 165
06:28:11.713 Input peaks = 0, 166
06:28:21.771 Input peaks = 0, 167
06:28:31.811 Input peaks = 0, 165
06:28:41.906 Input peaks = 0, 167
06:28:51.977 Input peaks = 0, 167
06:29:02.016 Input peaks = 0, 165
06:29:12.103 Input peaks = 0, 166
06:29:22.165 Input peaks = 0, 164
06:29:32.223 Input peaks = 0, 164
06:29:42.288 Input peaks = 0, 163
06:29:52.366 Input peaks = 0, 163
06:30:02.414 Input peaks = 0, 163
06:30:12.477 Input peaks = 0, 164
06:30:22.516 Input peaks = 0, 163
06:30:32.564 Input peaks = 0, 162
06:30:42.616 Input peaks = 0, 163
06:30:52.681 Input peaks = 0, 165
06:31:02.738 Input peaks = 0, 163
06:31:12.792 Input peaks = 0, 164
06:31:22.874 Input peaks = 0, 164
06:31:32.928 Input peaks = 0, 165
06:31:43.001 Input peaks = 0, 165
06:31:53.043 Input peaks = 0, 164
06:32:03.128 Input peaks = 0, 164
06:32:13.194 Input peaks = 0, 163
06:32:23.283 Input peaks = 0, 166
06:32:33.338 Input peaks = 0, 165
06:32:43.408 Input peaks = 0, 162
06:32:53.499 Input peaks = 0, 163
06:33:03.554 Input peaks = 0, 165
06:33:13.612 Input peaks = 0, 164
06:33:23.696 Input peaks = 0, 165
06:33:33.743 Input peaks = 0, 164
06:33:43.847 Input peaks = 0, 164
06:33:53.914 Input peaks = 0, 164
06:34:03.949 Input peaks = 0, 165
06:34:14.025 Input peaks = 0, 166
06:34:24.102 Input peaks = 0, 165
06:34:34.161 Input peaks = 0, 163
06:34:44.215 Input peaks = 0, 165
06:34:54.268 Input peaks = 0, 164
06:35:04.318 Input peaks = 0, 164
06:35:14.402 Input peaks = 0, 167
06:35:24.435 Input peaks = 0, 164
06:35:34.510 Input peaks = 0, 164
06:35:44.558 Input peaks = 0, 164
06:35:54.624 Input peaks = 0, 165
06:36:04.722 Input peaks = 0, 165
06:36:14.775 Input peaks = 0, 166
06:36:24.866 Input peaks = 0, 166
06:36:34.941 Input peaks = 0, 164
06:36:45.023 Input peaks = 0, 164
06:36:55.124 Input peaks = 0, 165
06:37:05.174 Input peaks = 0, 164
06:37:15.278 Input peaks = 0, 164
06:37:25.336 Input peaks = 0, 166
06:37:35.390 Input peaks = 0, 163
06:37:45.450 Input peaks = 0, 163
06:37:55.490 Input peaks = 0, 164
06:38:05.542 Input peaks = 0, 164
06:38:15.584 Input peaks = 0, 165
06:38:25.635 Input peaks = 0, 167
06:38:35.687 Input peaks = 0, 167
06:38:45.736 Input peaks = 0, 167
06:38:55.764 Input peaks = 0, 165
06:39:05.798 Input peaks = 0, 165
06:39:15.870 Input peaks = 0, 166
06:39:25.942 Input peaks = 0, 167
06:39:35.970 Input peaks = 0, 166
06:39:46.053 Input peaks = 0, 164
06:39:56.109 Input peaks = 0, 165
06:40:06.195 Input peaks = 0, 166
06:40:16.272 Input peaks = 0, 167
06:40:26.363 Input peaks = 0, 166
06:40:36.450 Input peaks = 0, 166
06:40:46.503 Input peaks = 0, 165
06:40:56.554 Input peaks = 0, 164
06:41:06.613 Input peaks = 0, 165
06:41:16.679 Input peaks = 0, 166
06:41:26.780 Input peaks = 0, 164
06:41:36.814 Input peaks = 0, 167
06:41:46.884 Input peaks = 0, 163
06:41:56.959 Input peaks = 0, 164
06:42:07.013 Input peaks = 0, 165
06:42:17.065 Input peaks = 0, 164
06:42:27.082 Input peaks = 0, 165
06:42:37.171 Input peaks = 0, 167
06:42:47.214 Input peaks = 0, 164
06:42:57.294 Input peaks = 0, 165
06:43:07.371 Input peaks = 0, 165
06:43:17.436 Input peaks = 0, 165
06:43:27.523 Input peaks = 0, 167
06:43:37.592 Input peaks = 0, 166
06:43:47.678 Input peaks = 0, 166
06:43:57.733 Input peaks = 0, 165
06:44:07.801 Input peaks = 0, 165
06:44:17.893 Input peaks = 0, 166
06:44:27.931 Input peaks = 0, 166
06:44:38.001 Input peaks = 0, 164
06:44:48.047 Input peaks = 0, 166
06:44:58.134 Input peaks = 0, 164
06:45:08.196 Input peaks = 0, 163
06:45:18.242 Input peaks = 0, 165
06:45:28.317 Input peaks = 0, 164
06:45:38.394 Input peaks = 0, 166
06:45:48.451 Input peaks = 0, 166
06:45:58.523 Input peaks = 0, 165
06:46:08.593 Input peaks = 0, 166
06:46:18.644 Input peaks = 0, 167
06:46:28.723 Input peaks = 0, 167
06:46:38.817 Input peaks = 0, 166
06:46:48.902 Input peaks = 0, 165
06:46:58.928 Input peaks = 0, 164
06:47:08.971 Input peaks = 0, 166
06:47:19.023 Input peaks = 0, 164
06:47:29.122 Input peaks = 0, 165
06:47:39.212 Input peaks = 0, 166
06:47:49.259 Input peaks = 0, 167
06:47:59.322 Input peaks = 0, 165
06:48:09.380 Input peaks = 0, 166
06:48:19.440 Input peaks = 0, 164
06:48:29.521 Input peaks = 0, 165
06:48:39.572 Input peaks = 0, 166
06:48:49.642 Input peaks = 0, 166
06:48:59.739 Input peaks = 0, 165
06:49:09.826 Input peaks = 0, 166
06:49:19.882 Input peaks = 0, 168
06:49:29.950 Input peaks = 0, 165
06:49:40.030 Input peaks = 0, 165
06:49:50.082 Input peaks = 0, 164
06:50:00.156 Input peaks = 0, 165
06:50:10.244 Input peaks = 0, 164
06:50:20.332 Input peaks = 0, 166
06:50:30.396 Input peaks = 0, 165
06:50:40.463 Input peaks = 0, 166
06:50:50.543 Input peaks = 0, 165
06:51:00.590 Input peaks = 0, 167
06:51:10.642 Input peaks = 0, 165
06:51:20.706 Input peaks = 0, 165
06:51:30.766 Input peaks = 0, 166
06:51:40.852 Input peaks = 0, 165
06:51:50.906 Input peaks = 0, 166
06:52:01.000 Input peaks = 0, 166
06:52:11.077 Input peaks = 0, 165
06:52:21.161 Input peaks = 0, 165
06:52:31.245 Input peaks = 0, 167
06:52:41.279 Input peaks = 0, 164
06:52:51.364 Input peaks = 0, 165
06:53:01.454 Input peaks = 0, 164
06:53:11.517 Input peaks = 0, 163
06:53:21.581 Input peaks = 0, 164
06:53:31.672 Input peaks = 0, 165
06:53:41.760 Input peaks = 0, 164
06:53:51.813 Input peaks = 0, 165
06:54:01.882 Input peaks = 0, 166
06:54:11.926 Input peaks = 0, 167
06:54:22.029 Input peaks = 0, 166
06:54:32.112 Input peaks = 0, 166
06:54:42.170 Input peaks = 0, 166
06:54:52.215 Input peaks = 0, 165
06:55:02.296 Input peaks = 0, 168
06:55:12.382 Input peaks = 0, 166
06:55:22.435 Input peaks = 0, 166
06:55:32.537 Input peaks = 0, 164
06:55:42.627 Input peaks = 0, 165
06:55:52.703 Input peaks = 0, 166
06:56:02.745 Input peaks = 0, 166
06:56:12.835 Input peaks = 0, 167
06:56:22.897 Input peaks = 0, 166
06:56:32.946 Input peaks = 0, 165
06:56:43.037 Input peaks = 0, 166
06:56:53.139 Input peaks = 0, 165
06:57:03.197 Input peaks = 0, 168
06:57:13.246 Input peaks = 0, 167
06:57:23.305 Input peaks = 0, 166
06:57:33.405 Input peaks = 0, 165
06:57:43.456 Input peaks = 0, 166
06:57:53.548 Input peaks = 0, 166
06:58:03.616 Input peaks = 0, 166
06:58:13.692 Input peaks = 0, 164
06:58:23.723 Input peaks = 0, 165
06:58:33.821 Input peaks = 0, 167
06:58:43.908 Input peaks = 0, 163
06:58:53.963 Input peaks = 0, 166
06:59:04.057 Input peaks = 0, 165
06:59:14.133 Input peaks = 0, 165
06:59:24.228 Input peaks = 0, 166
06:59:34.321 Input peaks = 0, 166
06:59:44.374 Input peaks = 0, 167
06:59:54.437 Input peaks = 0, 167
07:00:04.515 Input peaks = 0, 167
07:00:14.573 Input peaks = 0, 166
07:00:24.635 Input peaks = 0, 168
07:00:34.680 Input peaks = 0, 166
07:00:44.728 Input peaks = 0, 167
07:00:54.783 Input peaks = 0, 169
07:01:04.873 Input peaks = 0, 166
07:01:14.944 Input peaks = 0, 166
07:01:25.032 Input peaks = 0, 165
07:01:35.090 Input peaks = 0, 166
07:01:45.173 Input peaks = 0, 165
07:01:55.236 Input peaks = 0, 165
07:02:05.259 Input peaks = 0, 165
07:02:15.335 Input peaks = 0, 166
07:02:25.386 Input peaks = 0, 165
07:02:35.462 Input peaks = 0, 166
07:02:45.535 Input peaks = 0, 164
07:02:55.562 Input peaks = 0, 165
07:03:05.602 Input peaks = 0, 167
07:03:15.661 Input peaks = 0, 167
07:03:25.690 Input peaks = 0, 165
07:03:35.746 Input peaks = 0, 165
07:03:45.789 Input peaks = 0, 167
07:03:55.846 Input peaks = 0, 167
07:04:05.901 Input peaks = 0, 167
07:04:15.970 Input peaks = 0, 169
07:04:26.063 Input peaks = 0, 167
07:04:36.115 Input peaks = 0, 167
07:04:46.175 Input peaks = 0, 166
07:04:56.255 Input peaks = 0, 165
07:05:06.304 Input peaks = 0, 167
07:05:16.366 Input peaks = 0, 166
07:05:26.423 Input peaks = 0, 165
07:05:36.511 Input peaks = 0, 165
07:05:46.586 Input peaks = 0, 165
07:05:56.665 Input peaks = 0, 168
07:06:06.726 Input peaks = 0, 166
07:06:16.819 Input peaks = 0, 166
07:06:26.912 Input peaks = 0, 165
07:06:36.983 Input peaks = 0, 166
07:06:47.073 Input peaks = 0, 166
07:06:57.135 Input peaks = 0, 166
07:07:07.220 Input peaks = 0, 167
07:07:17.288 Input peaks = 0, 168
07:07:27.340 Input peaks = 0, 167
07:07:37.421 Input peaks = 0, 166
07:07:47.486 Input peaks = 0, 166
07:07:57.580 Input peaks = 0, 164
07:08:07.644 Input peaks = 0, 163
07:08:17.708 Input peaks = 0, 166
07:08:27.794 Input peaks = 0, 167
07:08:37.833 Input peaks = 0, 166
07:08:47.890 Input peaks = 0, 166
07:08:57.933 Input peaks = 0, 164
07:09:07.988 Input peaks = 0, 167
07:09:18.039 Input peaks = 0, 166
07:09:28.120 Input peaks = 0, 167
07:09:38.194 Input peaks = 0, 167
07:09:48.239 Input peaks = 0, 167
07:09:58.313 Input peaks = 0, 167
07:10:08.404 Input peaks = 0, 169
07:10:18.458 Input peaks = 0, 167
07:10:28.525 Input peaks = 0, 168
07:10:38.597 Input peaks = 0, 167
07:10:48.654 Input peaks = 0, 167
07:10:58.720 Input peaks = 0, 167
07:11:08.772 Input peaks = 0, 168
07:11:18.851 Input peaks = 0, 167
07:11:28.919 Input peaks = 0, 167
07:11:38.974 Input peaks = 0, 166
07:11:49.034 Input peaks = 0, 168
07:11:59.134 Input peaks = 0, 167
07:12:09.180 Input peaks = 0, 166
07:12:19.229 Input peaks = 0, 168
07:12:29.328 Input peaks = 0, 166
07:12:39.420 Input peaks = 0, 166
07:12:49.477 Input peaks = 0, 167
07:12:59.531 Input peaks = 0, 167
07:13:09.581 Input peaks = 0, 167
07:13:19.631 Input peaks = 0, 167
07:13:29.685 Input peaks = 0, 166
07:13:39.774 Input peaks = 0, 166
07:13:49.849 Input peaks = 0, 165
07:13:59.951 Input peaks = 0, 167
07:14:10.040 Input peaks = 0, 167
07:14:20.127 Input peaks = 0, 166
07:14:30.148 Input peaks = 0, 166
07:14:40.229 Input peaks = 0, 166
07:14:50.285 Input peaks = 0, 166
07:15:00.302 Input peaks = 0, 166
07:15:10.363 Input peaks = 0, 168
07:15:20.447 Input peaks = 0, 164
07:15:30.505 Input peaks = 0, 165
07:15:40.596 Input peaks = 0, 165
07:15:50.671 Input peaks = 0, 167
07:16:00.760 Input peaks = 0, 168
07:16:10.850 Input peaks = 0, 167
07:16:20.900 Input peaks = 0, 167
07:16:30.978 Input peaks = 0, 166
07:16:41.064 Input peaks = 0, 166
07:16:51.099 Input peaks = 0, 165
07:17:01.174 Input peaks = 0, 165
07:17:11.251 Input peaks = 0, 165
07:17:21.318 Input peaks = 0, 164
07:17:31.406 Input peaks = 0, 165
07:17:41.467 Input peaks = 0, 164
07:17:51.520 Input peaks = 0, 165
07:18:01.613 Input peaks = 0, 165
07:18:11.690 Input peaks = 0, 167
07:18:21.788 Input peaks = 0, 166
07:18:31.876 Input peaks = 0, 165
07:18:41.927 Input peaks = 0, 166
07:18:51.979 Input peaks = 0, 165
07:19:02.073 Input peaks = 0, 166
07:19:12.126 Input peaks = 0, 165
07:19:22.186 Input peaks = 0, 165
07:19:32.227 Input peaks = 0, 165
07:19:42.297 Input peaks = 0, 166
07:19:52.386 Input peaks = 0, 165
07:20:02.445 Input peaks = 0, 167
07:20:12.503 Input peaks = 0, 168
07:20:22.584 Input peaks = 0, 168
07:20:32.686 Input peaks = 0, 165
07:20:42.789 Input peaks = 0, 166
07:20:52.850 Input peaks = 0, 163
07:21:02.909 Input peaks = 0, 164
07:21:13.010 Input peaks = 0, 167
07:21:23.057 Input peaks = 0, 166
07:21:33.117 Input peaks = 0, 165
07:21:43.157 Input peaks = 0, 164
07:21:53.220 Input peaks = 0, 165
07:22:03.291 Input peaks = 0, 165
07:22:13.351 Input peaks = 0, 165
07:22:23.414 Input peaks = 0, 165
07:22:33.465 Input peaks = 0, 165
07:22:43.528 Input peaks = 0, 164
07:22:53.606 Input peaks = 0, 164
07:23:03.664 Input peaks = 0, 166
07:23:13.760 Input peaks = 0, 164
07:23:23.835 Input peaks = 0, 167
07:23:33.912 Input peaks = 0, 165
07:23:43.963 Input peaks = 0, 164
07:23:54.032 Input peaks = 0, 164
07:24:04.137 Input peaks = 0, 163
07:24:14.226 Input peaks = 0, 166
07:24:24.317 Input peaks = 0, 165
07:24:34.365 Input peaks = 0, 164
07:24:44.421 Input peaks = 0, 166
07:24:54.477 Input peaks = 0, 167
07:25:04.537 Input peaks = 0, 165
07:25:14.626 Input peaks = 0, 166
07:25:24.728 Input peaks = 0, 166
07:25:34.788 Input peaks = 0, 167
07:25:44.874 Input peaks = 0, 167
07:25:54.955 Input peaks = 0, 167
07:26:05.044 Input peaks = 0, 167
07:26:15.132 Input peaks = 0, 165
07:26:25.227 Input peaks = 0, 165
07:26:35.298 Input peaks = 0, 167
07:26:45.395 Input peaks = 0, 166
07:26:55.451 Input peaks = 0, 165
07:27:05.487 Input peaks = 0, 166
07:27:15.548 Input peaks = 0, 163
07:27:25.594 Input peaks = 0, 165
07:27:35.669 Input peaks = 0, 164
07:27:45.747 Input peaks = 0, 166
07:27:55.812 Input peaks = 0, 165
07:28:05.891 Input peaks = 0, 167
07:28:15.971 Input peaks = 0, 166
07:28:26.059 Input peaks = 0, 165
07:28:36.152 Input peaks = 0, 166
07:28:46.211 Input peaks = 0, 166
07:28:56.277 Input peaks = 0, 166
07:29:06.352 Input peaks = 0, 164
07:29:16.402 Input peaks = 0, 162
07:29:26.478 Input peaks = 0, 165
07:29:36.558 Input peaks = 0, 164
07:29:46.588 Input peaks = 0, 165
07:29:56.629 Input peaks = 0, 164
07:30:06.714 Input peaks = 0, 164
07:30:16.792 Input peaks = 0, 164
07:30:26.880 Input peaks = 0, 165
07:30:36.967 Input peaks = 0, 166
07:30:47.015 Input peaks = 0, 167
07:30:57.068 Input peaks = 0, 165
07:31:07.121 Input peaks = 0, 166
07:31:17.189 Input peaks = 0, 166
07:31:27.274 Input peaks = 0, 166
07:31:37.339 Input peaks = 0, 168
07:31:47.438 Input peaks = 0, 167
07:31:57.507 Input peaks = 0, 167
07:32:07.591 Input peaks = 0, 167
07:32:17.691 Input peaks = 0, 168
07:32:27.738 Input peaks = 0, 166
07:32:37.802 Input peaks = 0, 166
07:32:47.847 Input peaks = 0, 167
07:32:57.892 Input peaks = 0, 165
07:33:07.992 Input peaks = 0, 168
07:33:18.055 Input peaks = 0, 166
07:33:28.117 Input peaks = 0, 167
07:33:38.191 Input peaks = 0, 168
07:33:48.243 Input peaks = 0, 166
07:33:58.315 Input peaks = 0, 167
07:34:08.362 Input peaks = 0, 167
07:34:18.447 Input peaks = 0, 166
07:34:28.501 Input peaks = 0, 166
07:34:38.530 Input peaks = 0, 166
07:34:48.606 Input peaks = 0, 169
07:34:58.665 Input peaks = 0, 168
07:35:08.732 Input peaks = 0, 165
07:35:18.812 Input peaks = 0, 165
07:35:28.834 Input peaks = 0, 166
07:35:38.907 Input peaks = 0, 166
07:35:48.937 Input peaks = 0, 165
07:35:59.018 Input peaks = 0, 165
07:36:09.068 Input peaks = 0, 165
07:36:19.133 Input peaks = 0, 165
07:36:29.214 Input peaks = 0, 165
07:36:39.248 Input peaks = 0, 167
07:36:49.284 Input peaks = 0, 166
07:36:59.376 Input peaks = 0, 165
07:37:09.447 Input peaks = 0, 165
07:37:19.523 Input peaks = 0, 164
07:37:29.581 Input peaks = 0, 165
07:37:39.655 Input peaks = 0, 166
07:37:49.743 Input peaks = 0, 165
07:37:59.790 Input peaks = 0, 167
07:38:09.884 Input peaks = 0, 165
07:38:19.957 Input peaks = 0, 163
07:38:29.997 Input peaks = 0, 165
07:38:40.062 Input peaks = 0, 164
07:38:50.145 Input peaks = 0, 163
07:39:00.242 Input peaks = 0, 165
07:39:10.305 Input peaks = 0, 164
07:39:20.368 Input peaks = 0, 167
07:39:30.463 Input peaks = 0, 165
07:39:40.557 Input peaks = 0, 165
07:39:50.610 Input peaks = 0, 165
07:40:00.693 Input peaks = 0, 166
07:40:10.764 Input peaks = 0, 167
07:40:20.864 Input peaks = 0, 165
07:40:30.911 Input peaks = 0, 164
07:40:41.015 Input peaks = 0, 165
07:40:51.077 Input peaks = 0, 165
07:41:01.151 Input peaks = 0, 165
07:41:11.181 Input peaks = 0, 165
07:41:21.273 Input peaks = 0, 165
07:41:31.326 Input peaks = 0, 167
07:41:41.390 Input peaks = 0, 164
07:41:51.461 Input peaks = 0, 165
07:42:01.512 Input peaks = 0, 165
07:42:11.564 Input peaks = 0, 165
07:42:21.629 Input peaks = 0, 165
07:42:31.718 Input peaks = 0, 164
07:42:41.823 Input peaks = 0, 164
07:42:51.884 Input peaks = 0, 166
07:43:01.983 Input peaks = 0, 165
07:43:12.087 Input peaks = 0, 164
07:43:22.177 Input peaks = 0, 164
07:43:32.231 Input peaks = 0, 163
07:43:42.301 Input peaks = 0, 166
07:43:52.392 Input peaks = 0, 165
07:44:02.476 Input peaks = 0, 165
07:44:12.530 Input peaks = 0, 165
07:44:22.601 Input peaks = 0, 165
07:44:32.647 Input peaks = 0, 165
07:44:42.713 Input peaks = 0, 165
07:44:52.784 Input peaks = 0, 164
07:45:02.836 Input peaks = 0, 166
07:45:12.913 Input peaks = 0, 165
07:45:23.007 Input peaks = 0, 163
07:45:33.053 Input peaks = 0, 165
07:45:43.155 Input peaks = 0, 164
07:45:53.245 Input peaks = 0, 164
07:46:03.310 Input peaks = 0, 165
07:46:13.362 Input peaks = 0, 166
07:46:23.416 Input peaks = 0, 164
07:46:33.464 Input peaks = 0, 164
07:46:43.526 Input peaks = 0, 163
07:46:53.568 Input peaks = 0, 165
07:47:03.623 Input peaks = 0, 165
07:47:13.708 Input peaks = 0, 165
07:47:23.762 Input peaks = 0, 164
07:47:33.840 Input peaks = 0, 165
07:47:43.925 Input peaks = 0, 165
07:47:54.015 Input peaks = 0, 164
07:48:04.075 Input peaks = 0, 164
07:48:14.179 Input peaks = 0, 166
07:48:24.242 Input peaks = 0, 163
07:48:34.333 Input peaks = 0, 164
07:48:44.421 Input peaks = 0, 163
07:48:54.467 Input peaks = 0, 163
07:49:04.544 Input peaks = 0, 164
07:49:14.573 Input peaks = 0, 163
07:49:24.589 Input peaks = 0, 163
07:49:34.692 Input peaks = 0, 163
07:49:44.759 Input peaks = 0, 164
07:49:54.832 Input peaks = 0, 165
07:50:04.893 Input peaks = 0, 164
07:50:14.961 Input peaks = 0, 163
07:50:25.038 Input peaks = 0, 164
07:50:35.138 Input peaks = 0, 163
07:50:45.200 Input peaks = 0, 165
07:50:55.291 Input peaks = 0, 166
07:51:05.343 Input peaks = 0, 164
07:51:15.439 Input peaks = 0, 165
07:51:25.496 Input peaks = 0, 166
07:51:35.556 Input peaks = 0, 165
07:51:45.649 Input peaks = 0, 165
07:51:55.700 Input peaks = 0, 164
07:52:05.775 Input peaks = 0, 164
07:52:15.817 Input peaks = 0, 165
07:52:25.905 Input peaks = 0, 165
07:52:35.967 Input peaks = 0, 165
07:52:46.054 Input peaks = 0, 166
07:52:56.109 Input peaks = 0, 163
07:53:06.172 Input peaks = 0, 164
07:53:16.216 Input peaks = 0, 163
07:53:26.283 Input peaks = 0, 166
07:53:36.364 Input peaks = 0, 167
07:53:46.417 Input peaks = 0, 166
07:53:56.491 Input peaks = 0, 163
07:54:06.572 Input peaks = 0, 165
07:54:16.662 Input peaks = 0, 163
07:54:26.695 Input peaks = 0, 164
07:54:36.771 Input peaks = 0, 164
07:54:46.819 Input peaks = 0, 165
07:54:56.895 Input peaks = 0, 163
07:55:06.985 Input peaks = 0, 164
07:55:17.028 Input peaks = 0, 162
07:55:27.100 Input peaks = 0, 163
07:55:37.179 Input peaks = 0, 162
07:55:47.234 Input peaks = 0, 162
07:55:57.306 Input peaks = 0, 161
07:56:07.385 Input peaks = 0, 161
07:56:17.437 Input peaks = 0, 164
07:56:27.503 Input peaks = 0, 163
07:56:37.598 Input peaks = 0, 165
07:56:47.654 Input peaks = 0, 166
07:56:57.743 Input peaks = 0, 164
07:57:07.790 Input peaks = 0, 165
07:57:17.839 Input peaks = 0, 165
07:57:27.894 Input peaks = 0, 163
07:57:37.959 Input peaks = 0, 164
07:57:48.021 Input peaks = 0, 164
07:57:58.108 Input peaks = 0, 165
07:58:08.153 Input peaks = 0, 164
07:58:18.220 Input peaks = 0, 164
07:58:28.254 Input peaks = 0, 163
07:58:38.312 Input peaks = 0, 163
07:58:48.406 Input peaks = 0, 164
07:58:58.451 Input peaks = 0, 166
07:59:08.475 Input peaks = 0, 166
07:59:18.554 Input peaks = 0, 166
07:59:28.631 Input peaks = 0, 167
07:59:38.716 Input peaks = 0, 165
07:59:48.771 Input peaks = 0, 165
07:59:58.842 Input peaks = 0, 165
08:00:08.926 Input peaks = 0, 165
08:00:18.966 Input peaks = 0, 166
08:00:29.021 Input peaks = 0, 166
08:00:39.074 Input peaks = 0, 165
08:00:49.146 Input peaks = 0, 165
08:00:59.234 Input peaks = 0, 164
08:01:09.324 Input peaks = 0, 166
08:01:19.392 Input peaks = 0, 166
08:01:29.453 Input peaks = 0, 167
08:01:39.538 Input peaks = 0, 166
08:01:49.596 Input peaks = 0, 164
08:01:59.652 Input peaks = 0, 167
08:02:09.698 Input peaks = 0, 166
08:02:19.761 Input peaks = 0, 168
08:02:29.850 Input peaks = 0, 167
08:02:39.934 Input peaks = 0, 164
08:02:49.992 Input peaks = 0, 166
08:03:00.085 Input peaks = 0, 166
08:03:10.140 Input peaks = 0, 166
08:03:20.200 Input peaks = 0, 166
08:03:30.265 Input peaks = 0, 169
08:03:40.360 Input peaks = 0, 166
08:03:50.457 Input peaks = 0, 165
08:04:00.552 Input peaks = 0, 164
08:04:10.604 Input peaks = 0, 165
08:04:20.671 Input peaks = 0, 168
08:04:30.754 Input peaks = 0, 165
08:04:40.812 Input peaks = 0, 166
08:04:50.905 Input peaks = 0, 166
08:05:00.961 Input peaks = 0, 166
08:05:11.023 Input peaks = 0, 165
08:05:21.111 Input peaks = 0, 165
08:05:31.189 Input peaks = 0, 167
08:05:41.271 Input peaks = 0, 167
08:05:51.365 Input peaks = 0, 167
08:06:01.419 Input peaks = 0, 165
08:06:11.476 Input peaks = 0, 166
08:06:21.521 Input peaks = 0, 166
08:06:31.592 Input peaks = 0, 165
08:06:41.691 Input peaks = 0, 166
08:06:51.736 Input peaks = 0, 166
08:07:01.827 Input peaks = 0, 166
08:07:11.895 Input peaks = 0, 166
08:07:21.972 Input peaks = 0, 166
08:07:31.997 Input peaks = 0, 164
08:07:42.031 Input peaks = 0, 166
08:07:52.097 Input peaks = 0, 166
08:08:02.146 Input peaks = 0, 168
08:08:12.208 Input peaks = 0, 166
08:08:22.304 Input peaks = 0, 165
08:08:32.387 Input peaks = 0, 165
08:08:42.439 Input peaks = 0, 166
08:08:52.510 Input peaks = 0, 166
08:09:02.599 Input peaks = 0, 167
08:09:12.655 Input peaks = 0, 165
08:09:22.746 Input peaks = 0, 163
08:09:32.815 Input peaks = 0, 166
08:09:42.896 Input peaks = 0, 165
08:09:52.950 Input peaks = 0, 164
08:10:03.049 Input peaks = 0, 163
08:10:13.104 Input peaks = 0, 166
08:10:23.168 Input peaks = 0, 163
08:10:33.264 Input peaks = 0, 163
08:10:43.350 Input peaks = 0, 163
08:10:53.429 Input peaks = 0, 162
08:11:03.510 Input peaks = 0, 164
08:11:13.568 Input peaks = 0, 163
08:11:23.624 Input peaks = 0, 164
08:11:33.722 Input peaks = 0, 164
08:11:43.776 Input peaks = 0, 165
08:11:53.834 Input peaks = 0, 164
08:12:03.926 Input peaks = 0, 166
08:12:13.980 Input peaks = 0, 163
08:12:24.083 Input peaks = 0, 164
08:12:34.172 Input peaks = 0, 164
08:12:44.244 Input peaks = 0, 165
08:12:54.282 Input peaks = 0, 167
08:13:04.336 Input peaks = 0, 165
08:13:14.382 Input peaks = 0, 165
08:13:24.481 Input peaks = 0, 163
08:13:34.548 Input peaks = 0, 164
08:13:44.633 Input peaks = 0, 163
08:13:54.659 Input peaks = 0, 163
08:14:04.729 Input peaks = 0, 165
08:14:14.795 Input peaks = 0, 163
08:14:24.889 Input peaks = 0, 164
08:14:34.949 Input peaks = 0, 166
08:14:44.992 Input peaks = 0, 165
08:14:55.065 Input peaks = 0, 167
08:15:05.150 Input peaks = 0, 165
08:15:15.246 Input peaks = 0, 164
08:15:25.307 Input peaks = 0, 165
08:15:35.399 Input peaks = 0, 166
08:15:45.491 Input peaks = 0, 165
08:15:55.549 Input peaks = 0, 165
08:16:05.651 Input peaks = 0, 164
08:16:15.699 Input peaks = 0, 164
08:16:25.776 Input peaks = 0, 164
08:16:35.857 Input peaks = 0, 164
08:16:45.957 Input peaks = 0, 167
08:16:56.060 Input peaks = 0, 165
08:17:06.153 Input peaks = 0, 163
08:17:16.211 Input peaks = 0, 164
08:17:26.277 Input peaks = 0, 163
08:17:36.360 Input peaks = 0, 164
08:17:46.409 Input peaks = 0, 165
08:17:56.474 Input peaks = 0, 165
08:18:06.518 Input peaks = 0, 163
08:18:16.592 Input peaks = 0, 165
08:18:26.680 Input peaks = 0, 164
08:18:36.735 Input peaks = 0, 163
08:18:46.817 Input peaks = 0, 164
08:18:56.878 Input peaks = 0, 162
08:19:06.924 Input peaks = 0, 163
08:19:16.998 Input peaks = 0, 164
08:19:27.026 Input peaks = 0, 163
08:19:37.078 Input peaks = 0, 164
08:19:47.129 Input peaks = 0, 167
08:19:57.205 Input peaks = 0, 167
08:20:07.290 Input peaks = 0, 164
08:20:17.336 Input peaks = 0, 164
08:20:27.401 Input peaks = 0, 164
08:20:37.441 Input peaks = 0, 164
08:20:47.517 Input peaks = 0, 165
08:20:57.594 Input peaks = 0, 165
08:21:07.651 Input peaks = 0, 163
08:21:17.745 Input peaks = 0, 165
08:21:27.816 Input peaks = 0, 164
08:21:37.910 Input peaks = 0, 161
08:21:47.961 Input peaks = 0, 164
08:21:58.044 Input peaks = 0, 163
08:22:08.113 Input peaks = 0, 165
08:22:18.166 Input peaks = 0, 164
08:22:28.214 Input peaks = 0, 164
08:22:38.265 Input peaks = 0, 165
08:22:48.368 Input peaks = 0, 163
08:22:58.430 Input peaks = 0, 166
08:23:08.516 Input peaks = 0, 164
08:23:18.567 Input peaks = 0, 165
08:23:28.656 Input peaks = 0, 163
08:23:38.715 Input peaks = 0, 164
08:23:48.776 Input peaks = 0, 165
08:23:58.860 Input peaks = 0, 162
08:24:08.931 Input peaks = 0, 160
08:24:18.981 Input peaks = 0, 163
08:24:29.067 Input peaks = 0, 161
08:24:39.131 Input peaks = 0, 163
08:24:49.185 Input peaks = 0, 163
08:24:59.286 Input peaks = 0, 163
08:25:09.378 Input peaks = 0, 166
08:25:19.446 Input peaks = 0, 165
08:25:29.487 Input peaks = 0, 166
08:25:39.579 Input peaks = 0, 164
08:25:49.646 Input peaks = 0, 164
08:25:59.694 Input peaks = 0, 165
08:26:09.753 Input peaks = 0, 166
08:26:19.833 Input peaks = 0, 163
08:26:29.882 Input peaks = 0, 164
08:26:39.949 Input peaks = 0, 163
08:26:50.002 Input peaks = 0, 165
08:27:00.088 Input peaks = 0, 164
08:27:10.154 Input peaks = 0, 164
08:27:20.256 Input peaks = 0, 166
08:27:30.340 Input peaks = 0, 164
08:27:40.408 Input peaks = 0, 162
08:27:50.510 Input peaks = 0, 165
08:28:00.597 Input peaks = 0, 163
08:28:10.660 Input peaks = 0, 163
08:28:20.702 Input peaks = 0, 163
08:28:30.768 Input peaks = 0, 164
08:28:40.867 Input peaks = 0, 162
08:28:50.919 Input peaks = 0, 162
08:29:00.984 Input peaks = 0, 164
08:29:11.061 Input peaks = 0, 163
08:29:21.108 Input peaks = 0, 164
08:29:31.162 Input peaks = 0, 162
08:29:41.224 Input peaks = 0, 163
08:29:51.316 Input peaks = 0, 162
08:30:01.388 Input peaks = 0, 163
08:30:11.490 Input peaks = 0, 162
08:30:21.563 Input peaks = 0, 161
08:30:31.615 Input peaks = 0, 163
08:30:41.688 Input peaks = 0, 164
08:30:51.738 Input peaks = 0, 162
08:31:01.837 Input peaks = 0, 162
08:31:11.927 Input peaks = 0, 163
08:31:21.997 Input peaks = 0, 163
08:31:32.088 Input peaks = 0, 163
08:31:42.141 Input peaks = 0, 165
08:31:52.230 Input peaks = 0, 162
08:32:02.311 Input peaks = 0, 165
08:32:12.398 Input peaks = 0, 164
08:32:22.488 Input peaks = 0, 163
08:32:32.539 Input peaks = 0, 163
08:32:42.616 Input peaks = 0, 162
08:32:52.693 Input peaks = 0, 166
08:33:02.743 Input peaks = 0, 163
08:33:12.814 Input peaks = 0, 164
08:33:22.905 Input peaks = 0, 163
08:33:33.003 Input peaks = 0, 162
08:33:43.046 Input peaks = 0, 164
08:33:53.102 Input peaks = 0, 166
08:34:03.149 Input peaks = 0, 165
08:34:13.222 Input peaks = 0, 166
08:34:23.316 Input peaks = 0, 166
08:34:33.407 Input peaks = 0, 164
08:34:43.506 Input peaks = 0, 164
08:34:53.609 Input peaks = 0, 164
08:35:03.671 Input peaks = 0, 164
08:35:13.773 Input peaks = 0, 165
08:35:23.838 Input peaks = 0, 166
08:35:33.931 Input peaks = 0, 166
08:35:44.015 Input peaks = 0, 164
08:35:54.116 Input peaks = 0, 167
08:36:04.215 Input peaks = 0, 164
08:36:14.270 Input peaks = 0, 163
08:36:24.344 Input peaks = 0, 164
08:36:34.416 Input peaks = 0, 163
08:36:44.447 Input peaks = 0, 164
08:36:54.533 Input peaks = 0, 163
08:37:04.585 Input peaks = 0, 164
08:37:14.680 Input peaks = 0, 163
08:37:24.736 Input peaks = 0, 163
08:37:34.777 Input peaks = 0, 162
08:37:44.858 Input peaks = 0, 163
08:37:54.934 Input peaks = 0, 164
08:38:04.984 Input peaks = 0, 164
08:38:15.059 Input peaks = 0, 163
08:38:25.137 Input peaks = 0, 165
08:38:35.240 Input peaks = 0, 163
08:38:45.342 Input peaks = 0, 164
08:38:55.435 Input peaks = 0, 165
08:39:05.504 Input peaks = 0, 167
08:39:15.599 Input peaks = 0, 164
08:39:25.657 Input peaks = 0, 165
08:39:35.748 Input peaks = 0, 163
08:39:45.809 Input peaks = 0, 164
08:39:55.874 Input peaks = 0, 164
08:40:05.966 Input peaks = 0, 164
08:40:16.060 Input peaks = 0, 165
08:40:26.155 Input peaks = 0, 164
08:40:36.255 Input peaks = 0, 164
08:40:46.302 Input peaks = 0, 164
08:40:56.371 Input peaks = 0, 166
08:41:06.461 Input peaks = 0, 165
08:41:16.483 Input peaks = 0, 163
08:41:26.573 Input peaks = 0, 165
08:41:36.663 Input peaks = 0, 164
08:41:46.758 Input peaks = 0, 164
08:41:56.828 Input peaks = 0, 166
08:42:06.914 Input peaks = 0, 166
08:42:16.977 Input peaks = 0, 164
08:42:27.022 Input peaks = 0, 164
08:42:37.123 Input peaks = 0, 165
08:42:47.195 Input peaks = 0, 165
08:42:57.298 Input peaks = 0, 168
08:43:07.388 Input peaks = 0, 167
08:43:17.444 Input peaks = 0, 166
08:43:27.494 Input peaks = 0, 165
08:43:37.589 Input peaks = 0, 165
08:43:47.642 Input peaks = 0, 164
08:43:57.708 Input peaks = 0, 164
08:44:07.790 Input peaks = 0, 164
08:44:17.833 Input peaks = 0, 166
08:44:27.895 Input peaks = 0, 165
08:44:37.999 Input peaks = 0, 166
08:44:48.097 Input peaks = 0, 165
08:44:58.142 Input peaks = 0, 166
08:45:08.238 Input peaks = 0, 166
08:45:18.316 Input peaks = 0, 163
08:45:28.411 Input peaks = 0, 163
08:45:38.498 Input peaks = 0, 162
08:45:48.559 Input peaks = 0, 167
08:45:58.624 Input peaks = 0, 166
08:46:08.665 Input peaks = 0, 164
08:46:18.728 Input peaks = 0, 167
08:46:28.806 Input peaks = 0, 166
08:46:38.863 Input peaks = 0, 164
08:46:48.951 Input peaks = 0, 164
08:46:59.023 Input peaks = 0, 163
08:47:09.070 Input peaks = 0, 163
08:47:19.176 Input peaks = 0, 164
08:47:29.263 Input peaks = 0, 164
08:47:39.316 Input peaks = 0, 164
08:47:49.379 Input peaks = 0, 166
08:47:59.460 Input peaks = 0, 163
08:48:09.530 Input peaks = 0, 166
08:48:19.583 Input peaks = 0, 166
08:48:29.648 Input peaks = 0, 164
08:48:39.743 Input peaks = 0, 164
08:48:49.843 Input peaks = 0, 166
08:48:59.927 Input peaks = 0, 164
08:49:09.982 Input peaks = 0, 165
08:49:20.039 Input peaks = 0, 165
08:49:30.129 Input peaks = 0, 167
08:49:40.231 Input peaks = 0, 165
08:49:50.284 Input peaks = 0, 166
08:50:00.345 Input peaks = 0, 166
08:50:10.396 Input peaks = 0, 166
08:50:20.456 Input peaks = 0, 167
08:50:30.490 Input peaks = 0, 164
08:50:40.557 Input peaks = 0, 166
08:50:50.639 Input peaks = 0, 164
08:51:00.704 Input peaks = 0, 164
08:51:10.806 Input peaks = 0, 166
08:51:20.870 Input peaks = 0, 163
08:51:30.959 Input peaks = 0, 164
08:51:41.046 Input peaks = 0, 165
08:51:51.113 Input peaks = 0, 165
08:52:01.201 Input peaks = 0, 164
08:52:11.277 Input peaks = 0, 164
08:52:21.362 Input peaks = 0, 164
08:52:31.407 Input peaks = 0, 166
08:52:41.471 Input peaks = 0, 165
08:52:51.563 Input peaks = 0, 165
08:53:01.613 Input peaks = 0, 165
08:53:11.675 Input peaks = 0, 166
08:53:21.755 Input peaks = 0, 164
08:53:31.808 Input peaks = 0, 165
08:53:41.873 Input peaks = 0, 165
08:53:51.927 Input peaks = 0, 164
08:54:02.023 Input peaks = 0, 164
08:54:12.079 Input peaks = 0, 164
08:54:22.183 Input peaks = 0, 165
08:54:32.271 Input peaks = 0, 166
08:54:42.295 Input peaks = 0, 167
08:54:52.387 Input peaks = 0, 166
08:55:02.432 Input peaks = 0, 167
08:55:12.498 Input peaks = 0, 166
08:55:22.574 Input peaks = 0, 164
08:55:32.631 Input peaks = 0, 163
08:55:42.708 Input peaks = 0, 166
08:55:52.777 Input peaks = 0, 165
08:56:02.842 Input peaks = 0, 163
08:56:12.912 Input peaks = 0, 165
08:56:22.998 Input peaks = 0, 165
08:56:33.090 Input peaks = 0, 164
08:56:43.183 Input peaks = 0, 164
08:56:53.212 Input peaks = 0, 165
08:57:03.290 Input peaks = 0, 165
08:57:13.355 Input peaks = 0, 165
08:57:23.440 Input peaks = 0, 164
08:57:33.507 Input peaks = 0, 163
08:57:43.550 Input peaks = 0, 165
08:57:53.611 Input peaks = 0, 164
08:58:03.658 Input peaks = 0, 165
08:58:13.712 Input peaks = 0, 166
08:58:23.754 Input peaks = 0, 165
08:58:33.827 Input peaks = 0, 166
08:58:43.916 Input peaks = 0, 166
08:58:54.018 Input peaks = 0, 166
08:59:04.061 Input peaks = 0, 165
08:59:14.122 Input peaks = 0, 165
08:59:24.174 Input peaks = 0, 164
08:59:34.261 Input peaks = 0, 166
08:59:44.325 Input peaks = 0, 166
08:59:54.415 Input peaks = 0, 164
09:00:04.463 Input peaks = 0, 166
09:00:14.531 Input peaks = 0, 163
09:00:24.573 Input peaks = 0, 166
09:00:34.636 Input peaks = 0, 166
09:00:44.684 Input peaks = 0, 165
09:00:54.768 Input peaks = 0, 163
09:01:04.827 Input peaks = 0, 163
09:01:14.887 Input peaks = 0, 165
09:01:24.974 Input peaks = 0, 166
09:01:35.040 Input peaks = 0, 164
09:01:45.131 Input peaks = 0, 165
09:01:55.188 Input peaks = 0, 164
09:02:05.233 Input peaks = 0, 166
09:02:15.263 Input peaks = 0, 163
09:02:25.338 Input peaks = 0, 166
09:02:35.393 Input peaks = 0, 163
09:02:45.465 Input peaks = 0, 164
09:02:55.551 Input peaks = 0, 162
09:03:05.641 Input peaks = 0, 164
09:03:15.702 Input peaks = 0, 163
09:03:25.796 Input peaks = 0, 164
09:03:35.873 Input peaks = 0, 165
09:03:45.948 Input peaks = 0, 164
09:03:56.050 Input peaks = 0, 164
09:04:06.101 Input peaks = 0, 165
09:04:16.154 Input peaks = 0, 165
09:04:26.203 Input peaks = 0, 163
09:04:36.279 Input peaks = 0, 164
09:04:46.367 Input peaks = 0, 165
09:04:56.471 Input peaks = 0, 164
09:05:06.523 Input peaks = 0, 166
09:05:16.574 Input peaks = 0, 166
09:05:26.663 Input peaks = 0, 165
09:05:36.714 Input peaks = 0, 166
09:05:46.778 Input peaks = 0, 166
09:05:56.861 Input peaks = 0, 166
09:06:06.887 Input peaks = 0, 165
09:06:16.932 Input peaks = 0, 163
09:06:26.988 Input peaks = 0, 164
09:06:37.079 Input peaks = 0, 164
09:06:47.136 Input peaks = 0, 163
09:06:57.225 Input peaks = 0, 165
09:07:07.302 Input peaks = 0, 164
09:07:17.397 Input peaks = 0, 166
09:07:27.491 Input peaks = 0, 164
09:07:37.542 Input peaks = 0, 164
09:07:47.608 Input peaks = 0, 164
09:07:57.706 Input peaks = 0, 165
09:08:07.797 Input peaks = 0, 165
09:08:17.842 Input peaks = 0, 165
09:08:27.940 Input peaks = 0, 165
09:08:37.997 Input peaks = 0, 165
09:08:48.037 Input peaks = 0, 166
09:08:58.110 Input peaks = 0, 164
09:09:08.193 Input peaks = 0, 164
09:09:18.245 Input peaks = 0, 164
09:09:28.319 Input peaks = 0, 163
09:09:38.396 Input peaks = 0, 165
09:09:48.446 Input peaks = 0, 166
09:09:58.510 Input peaks = 0, 166
09:10:08.608 Input peaks = 0, 166
09:10:18.667 Input peaks = 0, 164
09:10:28.754 Input peaks = 0, 165
09:10:38.857 Input peaks = 0, 165
09:10:48.950 Input peaks = 0, 165
09:10:59.032 Input peaks = 0, 165
09:11:09.121 Input peaks = 0, 164
09:11:19.173 Input peaks = 0, 163
09:11:29.237 Input peaks = 0, 165
09:11:39.311 Input peaks = 0, 165
09:11:49.368 Input peaks = 0, 165
09:11:59.429 Input peaks = 0, 164
09:12:09.512 Input peaks = 0, 163
09:12:19.567 Input peaks = 0, 164
09:12:29.642 Input peaks = 0, 162
09:12:39.722 Input peaks = 0, 165
09:12:49.769 Input peaks = 0, 163
09:12:59.847 Input peaks = 0, 165
09:13:09.929 Input peaks = 0, 164
09:13:19.988 Input peaks = 0, 163
09:13:30.080 Input peaks = 0, 164
09:13:40.154 Input peaks = 0, 164
09:13:50.197 Input peaks = 0, 165
09:14:00.278 Input peaks = 0, 165
09:14:10.333 Input peaks = 0, 166
09:14:20.388 Input peaks = 0, 164
09:14:30.490 Input peaks = 0, 165
09:14:40.566 Input peaks = 0, 165
09:14:50.640 Input peaks = 0, 165
09:15:00.736 Input peaks = 0, 165
09:15:10.765 Input peaks = 0, 164
09:15:20.847 Input peaks = 0, 164
09:15:30.896 Input peaks = 0, 165
09:15:40.962 Input peaks = 0, 164
09:15:51.009 Input peaks = 0, 168
09:16:01.070 Input peaks = 0, 164
09:16:11.110 Input peaks = 0, 165
09:16:21.162 Input peaks = 0, 166
09:16:31.220 Input peaks = 0, 167
09:16:41.300 Input peaks = 0, 165
09:16:51.366 Input peaks = 0, 165
09:17:01.461 Input peaks = 0, 166
09:17:11.519 Input peaks = 0, 165
09:17:21.582 Input peaks = 0, 164
09:17:31.621 Input peaks = 0, 165
09:17:41.684 Input peaks = 0, 163
09:17:51.722 Input peaks = 0, 164
09:18:01.729 Input peaks = 0, 163
09:18:11.784 Input peaks = 0, 164
09:18:21.820 Input peaks = 0, 164
09:18:31.899 Input peaks = 0, 163
09:18:41.983 Input peaks = 0, 166
09:18:52.034 Input peaks = 0, 167
09:19:02.088 Input peaks = 0, 165
09:19:12.134 Input peaks = 0, 164
09:19:22.229 Input peaks = 0, 165
09:19:32.282 Input peaks = 0, 166
09:19:42.338 Input peaks = 0, 164
09:19:52.427 Input peaks = 0, 165
09:20:02.493 Input peaks = 0, 165
09:20:12.537 Input peaks = 0, 163
09:20:22.598 Input peaks = 0, 163
09:20:32.641 Input peaks = 0, 166
09:20:42.708 Input peaks = 0, 164
09:20:52.754 Input peaks = 0, 163
09:21:02.816 Input peaks = 0, 165
09:21:12.913 Input peaks = 0, 163
09:21:23.008 Input peaks = 0, 163
09:21:33.063 Input peaks = 0, 167
09:21:43.122 Input peaks = 0, 164
09:21:53.208 Input peaks = 0, 164
09:22:03.301 Input peaks = 0, 163
09:22:13.359 Input peaks = 0, 164
09:22:23.450 Input peaks = 0, 163
09:22:33.519 Input peaks = 0, 164
09:22:43.610 Input peaks = 0, 166
09:22:53.665 Input peaks = 0, 163
09:23:03.723 Input peaks = 0, 163
09:23:13.773 Input peaks = 0, 164
09:23:23.865 Input peaks = 0, 165
09:23:33.928 Input peaks = 0, 165
09:23:43.972 Input peaks = 0, 165
09:23:54.040 Input peaks = 0, 164
09:24:04.126 Input peaks = 0, 165
09:24:14.183 Input peaks = 0, 163
09:24:24.238 Input peaks = 0, 164
09:24:34.329 Input peaks = 0, 165
09:24:44.426 Input peaks = 0, 167
09:24:54.478 Input peaks = 0, 166
09:25:04.545 Input peaks = 0, 165
09:25:14.622 Input peaks = 0, 166
09:25:24.681 Input peaks = 0, 164
09:25:34.756 Input peaks = 0, 165
09:25:44.833 Input peaks = 0, 165
09:25:54.928 Input peaks = 0, 164
09:26:04.989 Input peaks = 0, 165
09:26:15.031 Input peaks = 0, 164
09:26:25.049 Input peaks = 0, 164
09:26:35.092 Input peaks = 0, 165
09:26:45.160 Input peaks = 0, 163
09:26:55.207 Input peaks = 0, 164
09:27:05.270 Input peaks = 0, 164
09:27:15.339 Input peaks = 0, 164
09:27:25.374 Input peaks = 0, 165
09:27:35.451 Input peaks = 0, 164
09:27:45.513 Input peaks = 0, 166
09:27:55.574 Input peaks = 0, 163
09:28:05.614 Input peaks = 0, 166
09:28:15.706 Input peaks = 0, 163
09:28:25.779 Input peaks = 0, 164
09:28:35.821 Input peaks = 0, 165
09:28:45.915 Input peaks = 0, 167
09:28:55.983 Input peaks = 0, 165
09:29:06.064 Input peaks = 0, 164
09:29:16.125 Input peaks = 0, 164
09:29:26.216 Input peaks = 0, 162
09:29:36.273 Input peaks = 0, 162
09:29:46.360 Input peaks = 0, 165
09:29:56.419 Input peaks = 0, 165
09:30:06.471 Input peaks = 0, 166
09:30:16.522 Input peaks = 0, 164
09:30:26.580 Input peaks = 0, 164
09:30:36.630 Input peaks = 0, 164
09:30:46.703 Input peaks = 0, 164
09:30:56.774 Input peaks = 0, 167
09:31:06.826 Input peaks = 0, 168
09:31:16.905 Input peaks = 0, 166
09:31:26.985 Input peaks = 0, 167
09:31:37.027 Input peaks = 0, 164
09:31:47.042 Input peaks = 0, 166
09:31:57.082 Input peaks = 0, 166
09:32:07.131 Input peaks = 0, 167
09:32:17.149 Input peaks = 0, 166
09:32:27.188 Input peaks = 0, 166
09:32:37.242 Input peaks = 0, 166
09:32:47.318 Input peaks = 0, 166
09:32:57.404 Input peaks = 0, 165
09:33:07.450 Input peaks = 0, 165
09:33:17.517 Input peaks = 0, 166
09:33:27.561 Input peaks = 0, 165
09:33:37.624 Input peaks = 0, 165
09:33:47.700 Input peaks = 0, 165
09:33:57.755 Input peaks = 0, 165
09:34:07.826 Input peaks = 0, 165
09:34:17.867 Input peaks = 0, 165
09:34:27.957 Input peaks = 0, 165
09:34:38.021 Input peaks = 0, 165
09:34:48.110 Input peaks = 0, 164
09:34:58.153 Input peaks = 0, 165
09:35:08.214 Input peaks = 0, 165
09:35:18.274 Input peaks = 0, 166
09:35:28.359 Input peaks = 0, 166
09:35:38.380 Input peaks = 0, 165
09:35:48.428 Input peaks = 0, 166
09:35:58.532 Input peaks = 0, 166
09:36:08.622 Input peaks = 0, 166
09:36:18.672 Input peaks = 0, 164
09:36:28.749 Input peaks = 0, 167
09:36:38.788 Input peaks = 0, 167
09:36:48.871 Input peaks = 0, 167
09:36:58.947 Input peaks = 0, 165
09:37:08.984 Input peaks = 0, 168
09:37:19.039 Input peaks = 0, 166
09:37:29.091 Input peaks = 0, 166
09:37:39.149 Input peaks = 0, 167
09:37:49.234 Input peaks = 0, 166
09:37:59.299 Input peaks = 0, 166
09:38:09.364 Input peaks = 0, 166
09:38:19.439 Input peaks = 0, 164
09:38:29.487 Input peaks = 0, 165
09:38:39.560 Input peaks = 0, 165
09:38:49.662 Input peaks = 0, 166
09:38:59.745 Input peaks = 0, 164
09:39:09.807 Input peaks = 0, 166
09:39:19.871 Input peaks = 0, 165
09:39:29.957 Input peaks = 0, 165
09:39:40.012 Input peaks = 0, 167
09:39:50.095 Input peaks = 0, 167
09:40:00.204 Input peaks = 0, 163
09:40:10.276 Input peaks = 0, 165
09:40:20.348 Input peaks = 0, 165
09:40:30.384 Input peaks = 0, 165
09:40:40.464 Input peaks = 0, 166
09:40:50.506 Input peaks = 0, 166
09:41:00.566 Input peaks = 0, 167
09:41:10.606 Input peaks = 0, 167
09:41:20.662 Input peaks = 0, 166
09:41:30.715 Input peaks = 0, 167
09:41:40.787 Input peaks = 0, 168
09:41:50.874 Input peaks = 0, 166
09:42:00.926 Input peaks = 0, 167
09:42:10.992 Input peaks = 0, 166
09:42:21.073 Input peaks = 0, 165
09:42:31.133 Input peaks = 0, 165
09:42:41.220 Input peaks = 0, 165
09:42:51.294 Input peaks = 0, 165
09:43:01.376 Input peaks = 0, 163
09:43:11.434 Input peaks = 0, 164
09:43:21.493 Input peaks = 0, 165
09:43:31.546 Input peaks = 0, 165
09:43:41.605 Input peaks = 0, 166
09:43:51.704 Input peaks = 0, 166
09:44:01.780 Input peaks = 0, 167
09:44:11.831 Input peaks = 0, 167
09:44:21.909 Input peaks = 0, 167
09:44:31.991 Input peaks = 0, 166
09:44:42.050 Input peaks = 0, 167
09:44:52.111 Input peaks = 0, 166
09:45:02.195 Input peaks = 0, 167
09:45:12.288 Input peaks = 0, 164
09:45:22.345 Input peaks = 0, 166
09:45:32.399 Input peaks = 0, 165
09:45:42.452 Input peaks = 0, 165
09:45:52.520 Input peaks = 0, 166
09:46:02.622 Input peaks = 0, 165
09:46:12.712 Input peaks = 0, 167
09:46:22.764 Input peaks = 0, 165
09:46:32.813 Input peaks = 0, 164
09:46:42.836 Input peaks = 0, 163
09:46:52.923 Input peaks = 0, 165
09:47:02.976 Input peaks = 0, 165
09:47:13.027 Input peaks = 0, 164
09:47:23.124 Input peaks = 0, 166
09:47:33.227 Input peaks = 0, 164
09:47:43.279 Input peaks = 0, 164
09:47:53.340 Input peaks = 0, 165
09:48:03.415 Input peaks = 0, 165
09:48:13.471 Input peaks = 0, 165
09:48:23.530 Input peaks = 0, 165
09:48:33.635 Input peaks = 0, 169
09:48:43.723 Input peaks = 0, 166
09:48:53.789 Input peaks = 0, 166
09:49:03.879 Input peaks = 0, 166
09:49:13.943 Input peaks = 0, 166
09:49:24.040 Input peaks = 0, 166
09:49:34.084 Input peaks = 0, 167
09:49:44.159 Input peaks = 0, 167
09:49:54.242 Input peaks = 0, 165
09:50:04.346 Input peaks = 0, 166
09:50:14.440 Input peaks = 0, 166
09:50:24.495 Input peaks = 0, 165
09:50:34.554 Input peaks = 0, 166
09:50:44.605 Input peaks = 0, 167
09:50:54.665 Input peaks = 0, 166
09:51:04.752 Input peaks = 0, 167
09:51:14.791 Input peaks = 0, 166
09:51:24.868 Input peaks = 0, 165
09:51:34.958 Input peaks = 0, 166
09:51:45.049 Input peaks = 0, 165
09:51:55.114 Input peaks = 0, 166
09:52:05.199 Input peaks = 0, 166
09:52:15.212 Input peaks = 0, 167
09:52:25.300 Input peaks = 0, 166
09:52:35.371 Input peaks = 0, 165
09:52:45.423 Input peaks = 0, 164
09:52:55.487 Input peaks = 0, 164
09:53:05.567 Input peaks = 0, 166
09:53:15.622 Input peaks = 0, 165
09:53:25.681 Input peaks = 0, 164
09:53:35.724 Input peaks = 0, 165
09:53:45.790 Input peaks = 0, 165
09:53:55.873 Input peaks = 0, 165
09:54:05.926 Input peaks = 0, 166
09:54:15.993 Input peaks = 0, 165
09:54:26.080 Input peaks = 0, 166
09:54:36.131 Input peaks = 0, 166
09:54:46.195 Input peaks = 0, 165
09:54:56.283 Input peaks = 0, 166
09:55:06.330 Input peaks = 0, 163
09:55:16.403 Input peaks = 0, 165
09:55:26.493 Input peaks = 0, 165
09:55:36.537 Input peaks = 0, 165
09:55:46.601 Input peaks = 0, 165
09:55:56.646 Input peaks = 0, 165
09:56:06.732 Input peaks = 0, 166
09:56:16.799 Input peaks = 0, 164
09:56:26.888 Input peaks = 0, 163
09:56:36.942 Input peaks = 0, 164
09:56:47.012 Input peaks = 0, 163
09:56:57.094 Input peaks = 0, 165
09:57:07.152 Input peaks = 0, 163
09:57:17.253 Input peaks = 0, 166
09:57:27.347 Input peaks = 0, 164
09:57:37.420 Input peaks = 0, 164
09:57:47.515 Input peaks = 0, 166
09:57:57.600 Input peaks = 0, 165
09:58:07.648 Input peaks = 0, 165
09:58:17.715 Input peaks = 0, 165
09:58:27.763 Input peaks = 0, 165
09:58:37.851 Input peaks = 0, 165
09:58:47.921 Input peaks = 0, 165
09:58:57.972 Input peaks = 0, 167
09:59:08.064 Input peaks = 0, 165
09:59:18.127 Input peaks = 0, 165
09:59:28.213 Input peaks = 0, 164
09:59:38.261 Input peaks = 0, 164
09:59:48.336 Input peaks = 0, 164
09:59:58.382 Input peaks = 0, 166
10:00:08.464 Input peaks = 0, 166
10:00:18.527 Input peaks = 0, 164
10:00:28.579 Input peaks = 0, 165
10:00:38.637 Input peaks = 0, 165
10:00:48.683 Input peaks = 0, 166
10:00:58.735 Input peaks = 0, 166
10:01:08.776 Input peaks = 0, 166
10:01:18.829 Input peaks = 0, 164
10:01:28.892 Input peaks = 0, 165
10:01:38.978 Input peaks = 0, 165
10:01:49.055 Input peaks = 0, 165
10:01:59.157 Input peaks = 0, 165
10:02:09.247 Input peaks = 0, 164
10:02:19.287 Input peaks = 0, 165
10:02:29.390 Input peaks = 0, 164
10:02:39.462 Input peaks = 0, 164
10:02:49.556 Input peaks = 0, 163
10:02:59.645 Input peaks = 0, 165
10:03:09.706 Input peaks = 0, 165
10:03:19.752 Input peaks = 0, 164
10:03:29.770 Input peaks = 0, 165
10:03:39.847 Input peaks = 0, 166
10:03:49.913 Input peaks = 0, 166
10:03:59.975 Input peaks = 0, 166
10:04:10.073 Input peaks = 0, 166
10:04:20.150 Input peaks = 0, 166
10:04:30.211 Input peaks = 0, 166
10:04:40.266 Input peaks = 0, 165
10:04:50.321 Input peaks = 0, 165
10:05:00.406 Input peaks = 0, 166
10:05:10.480 Input peaks = 0, 164
10:05:20.581 Input peaks = 0, 166
10:05:30.628 Input peaks = 0, 165
10:05:40.717 Input peaks = 0, 166
10:05:50.779 Input peaks = 0, 164
10:06:00.881 Input peaks = 0, 163
10:06:10.969 Input peaks = 0, 164
10:06:21.018 Input peaks = 0, 164
10:06:31.085 Input peaks = 0, 165
10:06:41.136 Input peaks = 0, 165
10:06:51.226 Input peaks = 0, 163
10:07:01.321 Input peaks = 0, 164
10:07:11.398 Input peaks = 0, 163
10:07:21.504 Input peaks = 0, 165
10:07:31.581 Input peaks = 0, 165
10:07:41.633 Input peaks = 0, 164
10:07:51.696 Input peaks = 0, 162
10:08:01.744 Input peaks = 0, 163
10:08:11.837 Input peaks = 0, 162
10:08:21.907 Input peaks = 0, 162
10:08:32.004 Input peaks = 0, 162
10:08:42.051 Input peaks = 0, 163
10:08:52.136 Input peaks = 0, 162
10:09:02.216 Input peaks = 0, 164
10:09:12.297 Input peaks = 0, 164
10:09:22.398 Input peaks = 0, 164
10:09:32.462 Input peaks = 0, 163
10:09:42.550 Input peaks = 0, 163
10:09:52.624 Input peaks = 0, 165
10:10:02.725 Input peaks = 0, 163
10:10:12.824 Input peaks = 0, 164
10:10:22.916 Input peaks = 0, 164
10:10:33.002 Input peaks = 0, 164
10:10:43.031 Input peaks = 0, 165
10:10:53.121 Input peaks = 0, 163
10:11:03.209 Input peaks = 0, 166
10:11:13.312 Input peaks = 0, 164
10:11:23.364 Input peaks = 0, 164
10:11:33.465 Input peaks = 0, 163
10:11:43.519 Input peaks = 0, 164
10:11:53.580 Input peaks = 0, 163
10:12:03.675 Input peaks = 0, 163
10:12:13.746 Input peaks = 0, 164
10:12:23.831 Input peaks = 0, 164
10:12:33.933 Input peaks = 0, 163
10:12:44.027 Input peaks = 0, 164
10:12:54.078 Input peaks = 0, 164
10:13:04.153 Input peaks = 0, 163
10:13:14.235 Input peaks = 0, 163
10:13:24.324 Input peaks = 0, 163
10:13:34.375 Input peaks = 0, 162
10:13:44.434 Input peaks = 0, 162
10:13:54.528 Input peaks = 0, 164
10:14:04.580 Input peaks = 0, 163
10:14:14.648 Input peaks = 0, 164
10:14:24.747 Input peaks = 0, 162
10:14:34.792 Input peaks = 0, 161
10:14:44.851 Input peaks = 0, 165
10:14:54.904 Input peaks = 0, 165
10:15:04.991 Input peaks = 0, 163
10:15:15.059 Input peaks = 0, 163
10:15:25.099 Input peaks = 0, 161
10:15:35.159 Input peaks = 0, 163
10:15:45.210 Input peaks = 0, 163
10:15:55.267 Input peaks = 0, 163
10:16:05.354 Input peaks = 0, 164
10:16:15.449 Input peaks = 0, 165
10:16:25.500 Input peaks = 0, 164
10:16:35.567 Input peaks = 0, 164
10:16:45.658 Input peaks = 0, 165
10:16:55.708 Input peaks = 0, 165
10:17:05.786 Input peaks = 0, 165
10:17:15.809 Input peaks = 0, 166
10:17:25.820 Input peaks = 0, 164
10:17:35.884 Input peaks = 0, 164
10:17:45.928 Input peaks = 0, 163
10:17:55.991 Input peaks = 0, 164
10:18:06.078 Input peaks = 0, 162
10:18:16.126 Input peaks = 0, 162
10:18:26.219 Input peaks = 0, 163
10:18:36.296 Input peaks = 0, 163
10:18:46.376 Input peaks = 0, 163
10:18:56.434 Input peaks = 0, 166
10:19:06.524 Input peaks = 0, 167
10:19:16.589 Input peaks = 0, 166
10:19:26.644 Input peaks = 0, 166
10:19:36.706 Input peaks = 0, 163
10:19:46.784 Input peaks = 0, 163
10:19:56.839 Input peaks = 0, 165
10:20:06.896 Input peaks = 0, 164
10:20:16.950 Input peaks = 0, 163
10:20:27.047 Input peaks = 0, 165
10:20:37.113 Input peaks = 0, 165
10:20:47.211 Input peaks = 0, 165
10:20:57.314 Input peaks = 0, 163
10:21:07.396 Input peaks = 0, 165
10:21:17.461 Input peaks = 0, 165
10:21:27.550 Input peaks = 0, 165
10:21:37.623 Input peaks = 0, 164
10:21:47.712 Input peaks = 0, 165
10:21:57.795 Input peaks = 0, 164
10:22:07.852 Input peaks = 0, 163
10:22:17.929 Input peaks = 0, 165
10:22:28.013 Input peaks = 0, 164
10:22:38.066 Input peaks = 0, 165
10:22:48.171 Input peaks = 0, 165
10:22:58.254 Input peaks = 0, 164
10:23:08.323 Input peaks = 0, 168
10:23:18.407 Input peaks = 0, 164
10:23:28.465 Input peaks = 0, 166
10:23:38.528 Input peaks = 0, 163
10:23:48.578 Input peaks = 0, 165
10:23:58.670 Input peaks = 0, 162
10:24:08.731 Input peaks = 0, 164
10:24:18.828 Input peaks = 0, 164
10:24:28.932 Input peaks = 0, 164
10:24:39.021 Input peaks = 0, 165
10:24:49.086 Input peaks = 0, 163
10:24:59.189 Input peaks = 0, 164
10:25:09.255 Input peaks = 0, 164
10:25:19.328 Input peaks = 0, 164
10:25:29.378 Input peaks = 0, 165
10:25:39.453 Input peaks = 0, 165
10:25:49.535 Input peaks = 0, 164
10:25:59.596 Input peaks = 0, 165
10:26:09.688 Input peaks = 0, 164
10:26:19.758 Input peaks = 0, 162
10:26:29.834 Input peaks = 0, 166
10:26:39.892 Input peaks = 0, 162
10:26:49.967 Input peaks = 0, 164
10:27:00.045 Input peaks = 0, 165
10:27:10.109 Input peaks = 0, 163
10:27:20.174 Input peaks = 0, 165
10:27:30.253 Input peaks = 0, 163
10:27:40.308 Input peaks = 0, 163
10:27:50.394 Input peaks = 0, 162
10:28:00.448 Input peaks = 0, 162
10:28:10.505 Input peaks = 0, 164
10:28:20.606 Input peaks = 0, 164
10:28:30.667 Input peaks = 0, 166
10:28:40.757 Input peaks = 0, 164
10:28:50.802 Input peaks = 0, 165
10:29:00.860 Input peaks = 0, 163
10:29:10.962 Input peaks = 0, 162
10:29:21.014 Input peaks = 0, 164
10:29:31.087 Input peaks = 0, 162
10:29:41.178 Input peaks = 0, 162
10:29:51.229 Input peaks = 0, 164
10:30:01.314 Input peaks = 0, 163
10:30:11.376 Input peaks = 0, 160
10:30:21.434 Input peaks = 0, 161
10:30:31.495 Input peaks = 0, 162
10:30:41.580 Input peaks = 0, 162
10:30:51.598 Input peaks = 0, 163
10:31:01.638 Input peaks = 0, 162
10:31:11.701 Input peaks = 0, 164
10:31:21.786 Input peaks = 0, 164
10:31:31.827 Input peaks = 0, 163
10:31:41.897 Input peaks = 0, 162
10:31:51.945 Input peaks = 0, 163
10:32:02.029 Input peaks = 0, 162
10:32:12.096 Input peaks = 0, 162
10:32:22.152 Input peaks = 0, 162
10:32:32.216 Input peaks = 0, 163
10:32:42.290 Input peaks = 0, 164
10:32:52.345 Input peaks = 0, 165
10:33:02.444 Input peaks = 0, 163
10:33:12.522 Input peaks = 0, 165
10:33:22.617 Input peaks = 0, 165
10:33:32.704 Input peaks = 0, 164
10:33:42.758 Input peaks = 0, 164
10:33:52.822 Input peaks = 0, 163
10:34:02.912 Input peaks = 0, 164
10:34:12.998 Input peaks = 0, 163
10:34:23.053 Input peaks = 0, 166
10:34:33.135 Input peaks = 0, 166
10:34:43.234 Input peaks = 0, 163
10:34:53.318 Input peaks = 0, 164
10:35:03.360 Input peaks = 0, 164
10:35:13.437 Input peaks = 0, 163
10:35:23.519 Input peaks = 0, 162
10:35:33.576 Input peaks = 0, 162
10:35:43.637 Input peaks = 0, 164
10:35:53.736 Input peaks = 0, 163
10:36:03.785 Input peaks = 0, 163
10:36:13.873 Input peaks = 0, 164
10:36:23.947 Input peaks = 0, 165
10:36:34.029 Input peaks = 0, 163
10:36:44.087 Input peaks = 0, 162
10:36:54.153 Input peaks = 0, 159
10:37:04.242 Input peaks = 0, 162
10:37:14.323 Input peaks = 0, 163
10:37:24.374 Input peaks = 0, 162
10:37:34.443 Input peaks = 0, 162
10:37:44.490 Input peaks = 0, 162
10:37:54.549 Input peaks = 0, 162
10:38:04.596 Input peaks = 0, 163
10:38:14.689 Input peaks = 0, 163
10:38:24.760 Input peaks = 0, 162
10:38:34.840 Input peaks = 0, 163
10:38:44.891 Input peaks = 0, 164
10:38:54.950 Input peaks = 0, 163
10:39:05.045 Input peaks = 0, 163
10:39:15.107 Input peaks = 0, 164
10:39:25.165 Input peaks = 0, 164
10:39:35.250 Input peaks = 0, 162
10:39:45.306 Input peaks = 0, 164
10:39:55.367 Input peaks = 0, 165
10:40:05.454 Input peaks = 0, 162
10:40:15.513 Input peaks = 0, 163
10:40:25.608 Input peaks = 0, 163
10:40:35.683 Input peaks = 0, 162
10:40:45.769 Input peaks = 0, 161
10:40:55.821 Input peaks = 0, 164
10:41:05.887 Input peaks = 0, 163
10:41:15.963 Input peaks = 0, 163
10:41:26.064 Input peaks = 0, 164
10:41:36.164 Input peaks = 0, 164
10:41:46.217 Input peaks = 0, 165
10:41:56.287 Input peaks = 0, 165
10:42:06.329 Input peaks = 0, 165
10:42:16.422 Input peaks = 0, 165
10:42:26.516 Input peaks = 0, 162
10:42:36.587 Input peaks = 0, 163
10:42:46.686 Input peaks = 0, 163
10:42:56.786 Input peaks = 0, 164
10:43:06.831 Input peaks = 0, 164
10:43:16.904 Input peaks = 0, 162
10:43:26.977 Input peaks = 0, 165
10:43:37.028 Input peaks = 0, 164
10:43:47.103 Input peaks = 0, 164
10:43:57.183 Input peaks = 0, 163
10:44:07.251 Input peaks = 0, 164
10:44:17.338 Input peaks = 0, 163
10:44:27.389 Input peaks = 0, 164
10:44:37.442 Input peaks = 0, 165
10:44:47.504 Input peaks = 0, 164
10:44:57.594 Input peaks = 0, 164
10:45:07.658 Input peaks = 0, 162
10:45:17.715 Input peaks = 0, 162
10:45:27.810 Input peaks = 0, 164
10:45:37.907 Input peaks = 0, 163
10:45:47.960 Input peaks = 0, 162
10:45:58.052 Input peaks = 0, 164
10:46:08.148 Input peaks = 0, 164
10:46:18.213 Input peaks = 0, 164
10:46:28.305 Input peaks = 0, 164
10:46:38.353 Input peaks = 0, 162
10:46:48.410 Input peaks = 0, 164
10:46:58.473 Input peaks = 0, 163
10:47:08.533 Input peaks = 0, 164
10:47:18.632 Input peaks = 0, 163
10:47:28.658 Input peaks = 0, 163
10:47:38.723 Input peaks = 0, 163
10:47:48.777 Input peaks = 0, 165
10:47:58.866 Input peaks = 0, 163
10:48:08.930 Input peaks = 0, 166
10:48:18.985 Input peaks = 0, 167
10:48:29.047 Input peaks = 0, 164
10:48:39.120 Input peaks = 0, 164
10:48:49.181 Input peaks = 0, 162
10:48:59.249 Input peaks = 0, 164
10:49:09.340 Input peaks = 0, 164
10:49:19.388 Input peaks = 0, 165
10:49:29.482 Input peaks = 0, 164
10:49:39.546 Input peaks = 0, 165
10:49:49.597 Input peaks = 0, 164
10:49:59.698 Input peaks = 0, 163
10:50:09.793 Input peaks = 0, 164
10:50:19.887 Input peaks = 0, 165
10:50:29.968 Input peaks = 0, 166
10:50:40.061 Input peaks = 0, 164
10:50:50.153 Input peaks = 0, 163
10:51:00.246 Input peaks = 0, 162
10:51:10.303 Input peaks = 0, 164
10:51:20.371 Input peaks = 0, 163
10:51:30.459 Input peaks = 0, 163
10:51:40.511 Input peaks = 0, 164
10:51:50.597 Input peaks = 0, 163
10:52:00.665 Input peaks = 0, 162
10:52:10.712 Input peaks = 0, 164
10:52:20.780 Input peaks = 0, 165
10:52:30.819 Input peaks = 0, 164
10:52:40.876 Input peaks = 0, 164
10:52:50.953 Input peaks = 0, 164
10:53:01.011 Input peaks = 0, 164
10:53:11.083 Input peaks = 0, 164
10:53:21.125 Input peaks = 0, 163
10:53:31.209 Input peaks = 0, 163
10:53:41.273 Input peaks = 0, 163
10:53:51.328 Input peaks = 0, 164
10:54:01.420 Input peaks = 0, 164
10:54:11.485 Input peaks = 0, 165
10:54:21.574 Input peaks = 0, 167
10:54:31.626 Input peaks = 0, 165
10:54:41.694 Input peaks = 0, 163
10:54:51.785 Input peaks = 0, 164
10:55:01.888 Input peaks = 0, 165
10:55:11.940 Input peaks = 0, 164
10:55:22.032 Input peaks = 0, 167
10:55:32.103 Input peaks = 0, 166
10:55:42.203 Input peaks = 0, 163
10:55:52.292 Input peaks = 0, 165
10:56:02.388 Input peaks = 0, 164
10:56:12.481 Input peaks = 0, 164
10:56:22.509 Input peaks = 0, 165
10:56:32.609 Input peaks = 0, 168
10:56:42.708 Input peaks = 0, 166
10:56:52.805 Input peaks = 0, 164
10:57:02.897 Input peaks = 0, 164
10:57:12.958 Input peaks = 0, 162
10:57:23.025 Input peaks = 0, 164
10:57:33.118 Input peaks = 0, 162
10:57:43.199 Input peaks = 0, 164
10:57:53.247 Input peaks = 0, 163
10:58:03.321 Input peaks = 0, 163
10:58:13.417 Input peaks = 0, 164
10:58:23.471 Input peaks = 0, 165
10:58:33.534 Input peaks = 0, 165
10:58:43.616 Input peaks = 0, 165
10:58:53.675 Input peaks = 0, 166
10:59:03.736 Input peaks = 0, 166
10:59:13.825 Input peaks = 0, 164
10:59:23.866 Input peaks = 0, 166
10:59:33.943 Input peaks = 0, 165
10:59:44.017 Input peaks = 0, 165
10:59:54.041 Input peaks = 0, 163
11:00:04.076 Input peaks = 0, 164
11:00:14.144 Input peaks = 0, 165
11:00:24.221 Input peaks = 0, 167
11:00:34.274 Input peaks = 0, 165
11:00:44.326 Input peaks = 0, 165
11:00:54.429 Input peaks = 0, 166
11:01:04.474 Input peaks = 0, 165
11:01:14.539 Input peaks = 0, 165
11:01:24.587 Input peaks = 0, 165
11:01:34.650 Input peaks = 0, 166
11:01:44.735 Input peaks = 0, 166
11:01:54.792 Input peaks = 0, 163
11:02:04.854 Input peaks = 0, 162
11:02:14.901 Input peaks = 0, 164
11:02:24.995 Input peaks = 0, 162
11:02:35.063 Input peaks = 0, 163
11:02:45.105 Input peaks = 0, 163
11:02:55.194 Input peaks = 0, 162
11:03:05.289 Input peaks = 0, 166
11:03:15.350 Input peaks = 0, 164
11:03:25.405 Input peaks = 0, 165
11:03:35.464 Input peaks = 0, 165
11:03:45.514 Input peaks = 0, 164
11:03:55.604 Input peaks = 0, 166
11:04:05.660 Input peaks = 0, 165
11:04:15.715 Input peaks = 0, 165
11:04:25.803 Input peaks = 0, 163
11:04:35.886 Input peaks = 0, 166
11:04:45.965 Input peaks = 0, 163
11:04:56.009 Input peaks = 0, 163
11:05:06.078 Input peaks = 0, 164
11:05:16.161 Input peaks = 0, 164
11:05:26.217 Input peaks = 0, 165
11:05:36.281 Input peaks = 0, 163
11:05:46.370 Input peaks = 0, 166
11:05:56.413 Input peaks = 0, 162
11:06:06.485 Input peaks = 0, 164
11:06:16.530 Input peaks = 0, 163
11:06:26.592 Input peaks = 0, 164
11:06:36.636 Input peaks = 0, 162
11:06:46.728 Input peaks = 0, 163
11:06:56.829 Input peaks = 0, 165
11:07:06.899 Input peaks = 0, 164
11:07:16.945 Input peaks = 0, 165
11:07:27.034 Input peaks = 0, 163
11:07:37.103 Input peaks = 0, 163
11:07:47.208 Input peaks = 0, 164
11:07:57.305 Input peaks = 0, 163
11:08:07.343 Input peaks = 0, 163
11:08:17.416 Input peaks = 0, 163
11:08:27.512 Input peaks = 0, 165
11:08:37.604 Input peaks = 0, 163
11:08:47.694 Input peaks = 0, 163
11:08:57.753 Input peaks = 0, 166
11:09:07.805 Input peaks = 0, 164
11:09:17.896 Input peaks = 0, 164
11:09:27.951 Input peaks = 0, 165
11:09:38.018 Input peaks = 0, 164
11:09:48.096 Input peaks = 0, 168
11:09:58.166 Input peaks = 0, 166
11:10:08.210 Input peaks = 0, 164
11:10:18.265 Input peaks = 0, 168
11:10:28.333 Input peaks = 0, 165
11:10:38.416 Input peaks = 0, 163
11:10:48.472 Input peaks = 0, 165
11:10:58.556 Input peaks = 0, 165
11:11:08.622 Input peaks = 0, 164
11:11:18.707 Input peaks = 0, 164
11:11:28.763 Input peaks = 0, 163
11:11:38.819 Input peaks = 0, 163
11:11:48.879 Input peaks = 0, 162
11:11:58.970 Input peaks = 0, 163
11:12:09.041 Input peaks = 0, 163
11:12:19.122 Input peaks = 0, 165
11:12:29.170 Input peaks = 0, 164
11:12:39.237 Input peaks = 0, 163
11:12:49.336 Input peaks = 0, 164
11:12:59.442 Input peaks = 0, 165
11:13:09.494 Input peaks = 0, 164
11:13:19.551 Input peaks = 0, 163
11:13:29.626 Input peaks = 0, 163
11:13:39.660 Input peaks = 0, 164
11:13:49.736 Input peaks = 0, 163
11:13:59.792 Input peaks = 0, 164
11:14:09.856 Input peaks = 0, 164
11:14:19.937 Input peaks = 0, 167
11:14:29.993 Input peaks = 0, 166
11:14:40.062 Input peaks = 0, 165
11:14:50.169 Input peaks = 0, 163
11:15:00.262 Input peaks = 0, 166
11:15:10.342 Input peaks = 0, 164
11:15:20.399 Input peaks = 0, 162
11:15:30.472 Input peaks = 0, 163
11:15:40.557 Input peaks = 0, 164
11:15:50.616 Input peaks = 0, 164
11:16:00.699 Input peaks = 0, 164
11:16:10.777 Input peaks = 0, 164
11:16:20.867 Input peaks = 0, 164
11:16:30.919 Input peaks = 0, 163
11:16:40.985 Input peaks = 0, 164
11:16:51.024 Input peaks = 0, 165
11:17:01.113 Input peaks = 0, 164
11:17:11.176 Input peaks = 0, 163
11:17:21.262 Input peaks = 0, 165
11:17:31.311 Input peaks = 0, 164
11:17:41.378 Input peaks = 0, 166
11:17:51.433 Input peaks = 0, 165
11:18:01.493 Input peaks = 0, 164
11:18:11.581 Input peaks = 0, 165
11:18:21.666 Input peaks = 0, 163
11:18:31.698 Input peaks = 0, 165
11:18:41.797 Input peaks = 0, 163
11:18:51.887 Input peaks = 0, 163
11:19:01.931 Input peaks = 0, 165
11:19:12.006 Input peaks = 0, 163
11:19:22.077 Input peaks = 0, 164
11:19:32.127 Input peaks = 0, 164
11:19:42.198 Input peaks = 0, 165
11:19:52.295 Input peaks = 0, 166
11:20:02.350 Input peaks = 0, 163
11:20:12.441 Input peaks = 0, 165
11:20:22.507 Input peaks = 0, 165
11:20:32.591 Input peaks = 0, 163
11:20:42.644 Input peaks = 0, 166
11:20:52.717 Input peaks = 0, 164
11:21:02.793 Input peaks = 0, 163
11:21:12.823 Input peaks = 0, 164
11:21:22.855 Input peaks = 0, 166
11:21:32.901 Input peaks = 0, 166
11:21:42.959 Input peaks = 0, 165
11:21:53.025 Input peaks = 0, 164
11:22:03.103 Input peaks = 0, 166
11:22:13.166 Input peaks = 0, 166
11:22:23.231 Input peaks = 0, 166
11:22:33.313 Input peaks = 0, 166
11:22:43.365 Input peaks = 0, 164
11:22:53.462 Input peaks = 0, 166
11:23:03.556 Input peaks = 0, 167
11:23:13.627 Input peaks = 0, 164
11:23:23.717 Input peaks = 0, 163
11:23:33.729 Input peaks = 0, 165
11:23:43.766 Input peaks = 0, 164
11:23:53.841 Input peaks = 0, 165
11:24:03.942 Input peaks = 0, 164
11:24:13.980 Input peaks = 0, 164
11:24:24.050 Input peaks = 0, 162
11:24:34.131 Input peaks = 0, 164
11:24:44.184 Input peaks = 0, 164
11:24:54.272 Input peaks = 0, 165
11:25:04.343 Input peaks = 0, 163
11:25:14.430 Input peaks = 0, 165
11:25:24.495 Input peaks = 0, 164
11:25:34.584 Input peaks = 0, 165
11:25:44.654 Input peaks = 0, 164
11:25:54.746 Input peaks = 0, 165
11:26:04.801 Input peaks = 0, 165
11:26:14.895 Input peaks = 0, 164
11:26:24.967 Input peaks = 0, 163
11:26:35.048 Input peaks = 0, 163
11:26:45.106 Input peaks = 0, 165
11:26:55.166 Input peaks = 0, 162
11:27:05.210 Input peaks = 0, 165
11:27:15.275 Input peaks = 0, 163
11:27:25.358 Input peaks = 0, 165
11:27:35.450 Input peaks = 0, 164
11:27:45.550 Input peaks = 0, 168
11:27:55.608 Input peaks = 0, 165
11:28:05.663 Input peaks = 0, 165
11:28:15.721 Input peaks = 0, 166
11:28:25.802 Input peaks = 0, 165
11:28:35.818 Input peaks = 0, 165
11:28:45.910 Input peaks = 0, 164
11:28:55.970 Input peaks = 0, 164
11:29:06.068 Input peaks = 0, 166
11:29:16.114 Input peaks = 0, 165
11:29:26.160 Input peaks = 0, 165
11:29:36.215 Input peaks = 0, 164
11:29:46.274 Input peaks = 0, 166
11:29:56.325 Input peaks = 0, 165
11:30:06.383 Input peaks = 0, 165
11:30:16.432 Input peaks = 0, 165
11:30:26.526 Input peaks = 0, 164
11:30:36.596 Input peaks = 0, 164
11:30:46.685 Input peaks = 0, 165
11:30:56.777 Input peaks = 0, 165
11:31:06.843 Input peaks = 0, 165
11:31:16.927 Input peaks = 0, 164
11:31:26.996 Input peaks = 0, 165
11:31:37.091 Input peaks = 0, 163
11:31:47.143 Input peaks = 0, 161
11:31:57.233 Input peaks = 0, 165
11:32:07.300 Input peaks = 0, 166
11:32:17.350 Input peaks = 0, 165
11:32:27.453 Input peaks = 0, 165
11:32:37.500 Input peaks = 0, 163
11:32:47.551 Input peaks = 0, 165
11:32:57.615 Input peaks = 0, 163
11:33:07.656 Input peaks = 0, 164
11:33:17.746 Input peaks = 0, 164
11:33:27.818 Input peaks = 0, 164
11:33:37.908 Input peaks = 0, 166
11:33:47.958 Input peaks = 0, 166
11:33:58.055 Input peaks = 0, 167
11:34:08.127 Input peaks = 0, 164
11:34:18.215 Input peaks = 0, 166
11:34:28.265 Input peaks = 0, 166
11:34:38.321 Input peaks = 0, 167
11:34:48.411 Input peaks = 0, 166
11:34:58.455 Input peaks = 0, 166
11:35:08.525 Input peaks = 0, 166
11:35:18.574 Input peaks = 0, 164
11:35:28.665 Input peaks = 0, 164
11:35:38.727 Input peaks = 0, 165
11:35:48.769 Input peaks = 0, 165
11:35:58.869 Input peaks = 0, 163
11:36:08.936 Input peaks = 0, 164
11:36:19.021 Input peaks = 0, 165
11:36:29.082 Input peaks = 0, 163
11:36:39.177 Input peaks = 0, 164
11:36:49.244 Input peaks = 0, 166
11:36:59.321 Input peaks = 0, 163
11:37:09.388 Input peaks = 0, 164
11:37:19.436 Input peaks = 0, 165
11:37:29.489 Input peaks = 0, 164
11:37:39.559 Input peaks = 0, 166
11:37:49.594 Input peaks = 0, 165
11:37:59.682 Input peaks = 0, 164
11:38:09.756 Input peaks = 0, 165
11:38:19.836 Input peaks = 0, 165
11:38:29.891 Input peaks = 0, 163
11:38:39.959 Input peaks = 0, 163
11:38:50.004 Input peaks = 0, 162
11:39:00.068 Input peaks = 0, 164
11:39:10.147 Input peaks = 0, 165
11:39:20.205 Input peaks = 0, 164
11:39:30.307 Input peaks = 0, 164
11:39:40.396 Input peaks = 0, 165
11:39:50.454 Input peaks = 0, 166
11:40:00.552 Input peaks = 0, 165
11:40:10.615 Input peaks = 0, 165
11:40:20.699 Input peaks = 0, 164
11:40:30.762 Input peaks = 0, 166
11:40:40.821 Input peaks = 0, 164
11:40:50.874 Input peaks = 0, 162
11:41:00.959 Input peaks = 0, 165
11:41:11.024 Input peaks = 0, 164
11:41:21.091 Input peaks = 0, 165
11:41:31.177 Input peaks = 0, 163
11:41:41.232 Input peaks = 0, 163
11:41:51.288 Input peaks = 0, 163
11:42:01.381 Input peaks = 0, 163
11:42:11.434 Input peaks = 0, 163
11:42:21.499 Input peaks = 0, 163
11:42:31.569 Input peaks = 0, 165
11:42:41.623 Input peaks = 0, 166
11:42:51.683 Input peaks = 0, 164
11:43:01.742 Input peaks = 0, 163
11:43:11.799 Input peaks = 0, 168
11:43:21.839 Input peaks = 0, 164
11:43:31.889 Input peaks = 0, 163
11:43:41.932 Input peaks = 0, 164
11:43:51.986 Input peaks = 0, 164
11:44:02.009 Input peaks = 0, 165
11:44:12.048 Input peaks = 0, 165
11:44:22.114 Input peaks = 0, 165
11:44:32.191 Input peaks = 0, 164
11:44:42.254 Input peaks = 0, 165
11:44:52.344 Input peaks = 0, 165
11:45:02.412 Input peaks = 0, 165
11:45:12.504 Input peaks = 0, 166
11:45:22.597 Input peaks = 0, 164
11:45:32.651 Input peaks = 0, 164
11:45:42.720 Input peaks = 0, 165
11:45:52.765 Input peaks = 0, 165
11:46:02.853 Input peaks = 0, 163
11:46:12.929 Input peaks = 0, 164
11:46:22.969 Input peaks = 0, 165
11:46:33.030 Input peaks = 0, 165
11:46:43.110 Input peaks = 0, 165
11:46:53.160 Input peaks = 0, 165
11:47:03.214 Input peaks = 0, 165
11:47:13.312 Input peaks = 0, 164
11:47:23.358 Input peaks = 0, 164
11:47:33.378 Input peaks = 0, 164
11:47:43.436 Input peaks = 0, 165
11:47:53.520 Input peaks = 0, 166
11:48:03.572 Input peaks = 0, 165
11:48:13.640 Input peaks = 0, 165
11:48:23.716 Input peaks = 0, 165
11:48:33.780 Input peaks = 0, 165
11:48:43.840 Input peaks = 0, 165
11:48:53.892 Input peaks = 0, 165
11:49:03.973 Input peaks = 0, 165
11:49:14.041 Input peaks = 0, 166
11:49:24.136 Input peaks = 0, 165
11:49:34.177 Input peaks = 0, 163
11:49:44.253 Input peaks = 0, 163
11:49:54.298 Input peaks = 0, 163
11:50:04.358 Input peaks = 0, 163
11:50:14.453 Input peaks = 0, 163
11:50:24.535 Input peaks = 0, 165
11:50:34.588 Input peaks = 0, 163
11:50:44.656 Input peaks = 0, 164
11:50:54.703 Input peaks = 0, 165
11:51:04.767 Input peaks = 0, 165
11:51:14.859 Input peaks = 0, 165
11:51:24.950 Input peaks = 0, 163
11:51:35.050 Input peaks = 0, 163
11:51:45.098 Input peaks = 0, 164
11:51:55.172 Input peaks = 0, 164
11:52:05.263 Input peaks = 0, 164
11:52:15.310 Input peaks = 0, 163
11:52:25.379 Input peaks = 0, 164
11:52:35.453 Input peaks = 0, 164
11:52:45.509 Input peaks = 0, 164
11:52:55.611 Input peaks = 0, 165
11:53:05.712 Input peaks = 0, 164
11:53:15.808 Input peaks = 0, 163
11:53:25.874 Input peaks = 0, 166
11:53:35.925 Input peaks = 0, 164
11:53:46.013 Input peaks = 0, 165
11:53:56.081 Input peaks = 0, 164
11:54:06.134 Input peaks = 0, 164
11:54:16.221 Input peaks = 0, 164
11:54:26.294 Input peaks = 0, 163
11:54:36.374 Input peaks = 0, 163
11:54:46.478 Input peaks = 0, 165
11:54:56.542 Input peaks = 0, 165
11:55:06.605 Input peaks = 0, 163
11:55:16.679 Input peaks = 0, 165
11:55:26.726 Input peaks = 0, 164
11:55:36.800 Input peaks = 0, 164
11:55:46.882 Input peaks = 0, 167
11:55:56.937 Input peaks = 0, 164
11:56:06.992 Input peaks = 0, 163
11:56:17.007 Input peaks = 0, 163
11:56:27.094 Input peaks = 0, 164
11:56:37.143 Input peaks = 0, 163
11:56:47.216 Input peaks = 0, 164
11:56:57.252 Input peaks = 0, 165
11:57:07.341 Input peaks = 0, 163
11:57:17.403 Input peaks = 0, 165
11:57:27.449 Input peaks = 0, 164
11:57:37.512 Input peaks = 0, 165
11:57:47.610 Input peaks = 0, 164
11:57:57.699 Input peaks = 0, 166
11:58:07.798 Input peaks = 0, 164
11:58:17.855 Input peaks = 0, 166
11:58:27.905 Input peaks = 0, 165
11:58:37.931 Input peaks = 0, 165
11:58:47.971 Input peaks = 0, 165
11:58:58.060 Input peaks = 0, 164
11:59:08.133 Input peaks = 0, 164
11:59:18.236 Input peaks = 0, 163
11:59:28.277 Input peaks = 0, 164
11:59:38.342 Input peaks = 0, 164
11:59:48.426 Input peaks = 0, 163
11:59:58.470 Input peaks = 0, 165
12:00:08.564 Input peaks = 0, 166
12:00:18.622 Input peaks = 0, 165
12:00:28.667 Input peaks = 0, 166
12:00:38.733 Input peaks = 0, 164
12:00:48.836 Input peaks = 0, 164
12:00:58.925 Input peaks = 0, 164
12:01:08.979 Input peaks = 0, 164
12:01:19.039 Input peaks = 0, 166
12:01:29.097 Input peaks = 0, 166
12:01:39.160 Input peaks = 0, 165
12:01:49.234 Input peaks = 0, 165
12:01:59.293 Input peaks = 0, 165
12:02:09.359 Input peaks = 0, 165
12:02:19.443 Input peaks = 0, 166
12:02:29.488 Input peaks = 0, 163
12:02:39.542 Input peaks = 0, 165
12:02:49.604 Input peaks = 0, 165
12:02:59.708 Input peaks = 0, 165
12:03:09.766 Input peaks = 0, 164
12:03:19.844 Input peaks = 0, 164
12:03:29.860 Input peaks = 0, 164
12:03:39.910 Input peaks = 0, 165
12:03:49.953 Input peaks = 0, 165
12:04:00.017 Input peaks = 0, 164
12:04:10.080 Input peaks = 0, 165
12:04:20.152 Input peaks = 0, 164
12:04:30.201 Input peaks = 0, 165
12:04:40.268 Input peaks = 0, 164
12:04:50.319 Input peaks = 0, 165
12:05:00.387 Input peaks = 0, 164
12:05:10.478 Input peaks = 0, 164
12:05:20.564 Input peaks = 0, 165
12:05:30.620 Input peaks = 0, 165
12:05:40.693 Input peaks = 0, 166
12:05:50.731 Input peaks = 0, 165
12:06:00.780 Input peaks = 0, 167
12:06:10.829 Input peaks = 0, 166
12:06:20.891 Input peaks = 0, 166
12:06:30.982 Input peaks = 0, 165
12:06:41.037 Input peaks = 0, 164
12:06:51.122 Input peaks = 0, 168
12:07:01.204 Input peaks = 0, 167
12:07:11.290 Input peaks = 0, 164
12:07:21.394 Input peaks = 0, 165
12:07:31.481 Input peaks = 0, 165
12:07:41.534 Input peaks = 0, 163
12:07:51.611 Input peaks = 0, 165
12:08:01.700 Input peaks = 0, 163
12:08:11.738 Input peaks = 0, 167
12:08:21.832 Input peaks = 0, 167
12:08:31.898 Input peaks = 0, 165
12:08:41.955 Input peaks = 0, 165
12:08:52.018 Input peaks = 0, 165
12:09:02.104 Input peaks = 0, 165
12:09:12.208 Input peaks = 0, 165
12:09:22.249 Input peaks = 0, 164
12:09:32.317 Input peaks = 0, 165
12:09:42.359 Input peaks = 0, 165
12:09:52.458 Input peaks = 0, 164
12:10:02.525 Input peaks = 0, 164
12:10:12.613 Input peaks = 0, 164
12:10:22.651 Input peaks = 0, 165
12:10:32.714 Input peaks = 0, 164
12:10:42.757 Input peaks = 0, 373
12:10:52.828 Input peaks = 0, 164
12:11:02.921 Input peaks = 0, 163
12:11:13.011 Input peaks = 0, 165
12:11:23.074 Input peaks = 0, 165
12:11:33.117 Input peaks = 0, 165
12:11:43.166 Input peaks = 0, 163
12:11:53.263 Input peaks = 0, 166
12:12:03.333 Input peaks = 0, 163
12:12:13.414 Input peaks = 0, 166
12:12:23.474 Input peaks = 0, 163
12:12:33.536 Input peaks = 0, 162
12:12:43.627 Input peaks = 0, 163
12:12:53.677 Input peaks = 0, 162
12:13:03.733 Input peaks = 0, 162
12:13:13.789 Input peaks = 0, 163
12:13:23.879 Input peaks = 0, 164
12:13:33.951 Input peaks = 0, 164
12:13:44.031 Input peaks = 0, 166
12:13:54.100 Input peaks = 0, 165
12:14:04.163 Input peaks = 0, 165
12:14:14.200 Input peaks = 0, 163
12:14:24.261 Input peaks = 0, 164
12:14:34.345 Input peaks = 0, 164
12:14:44.394 Input peaks = 0, 164
12:14:54.466 Input peaks = 0, 163
12:15:04.547 Input peaks = 0, 163
12:15:14.601 Input peaks = 0, 165
12:15:24.665 Input peaks = 0, 165
12:15:34.743 Input peaks = 0, 166
12:15:44.769 Input peaks = 0, 166
12:15:54.850 Input peaks = 0, 165
12:16:04.900 Input peaks = 0, 165
12:16:14.968 Input peaks = 0, 167
12:16:25.018 Input peaks = 0, 164
12:16:35.080 Input peaks = 0, 165
12:16:45.161 Input peaks = 0, 166
12:16:55.253 Input peaks = 0, 166
12:17:05.280 Input peaks = 0, 164
12:17:15.383 Input peaks = 0, 166
12:17:25.428 Input peaks = 0, 165
12:17:35.488 Input peaks = 0, 165
12:17:45.566 Input peaks = 0, 165
12:17:55.616 Input peaks = 0, 164
12:18:05.671 Input peaks = 0, 165
12:18:15.769 Input peaks = 0, 165
12:18:25.815 Input peaks = 0, 165
12:18:35.884 Input peaks = 0, 165
12:18:45.976 Input peaks = 0, 165
12:18:56.078 Input peaks = 0, 164
12:19:06.177 Input peaks = 0, 164
12:19:16.279 Input peaks = 0, 165
12:19:26.328 Input peaks = 0, 164
12:19:36.433 Input peaks = 0, 163
12:19:46.490 Input peaks = 0, 164
12:19:56.542 Input peaks = 0, 163
12:20:06.608 Input peaks = 0, 163
12:20:16.682 Input peaks = 0, 162
12:20:26.739 Input peaks = 0, 164
12:20:36.816 Input peaks = 0, 164
12:20:46.893 Input peaks = 0, 164
12:20:56.937 Input peaks = 0, 165
12:21:07.002 Input peaks = 0, 163
12:21:17.089 Input peaks = 0, 165
12:21:27.121 Input peaks = 0, 164
12:21:37.218 Input peaks = 0, 164
12:21:47.307 Input peaks = 0, 165
12:21:57.357 Input peaks = 0, 165
12:22:07.410 Input peaks = 0, 165
12:22:17.500 Input peaks = 0, 165
12:22:27.534 Input peaks = 0, 167
12:22:37.626 Input peaks = 0, 164
12:22:47.708 Input peaks = 0, 165
12:22:57.767 Input peaks = 0, 165
12:23:07.836 Input peaks = 0, 163
12:23:17.906 Input peaks = 0, 164
12:23:27.941 Input peaks = 0, 165
12:23:38.026 Input peaks = 0, 164
12:23:48.119 Input peaks = 0, 165
12:23:58.176 Input peaks = 0, 165
12:24:08.264 Input peaks = 0, 165
12:24:18.335 Input peaks = 0, 166
12:24:28.382 Input peaks = 0, 164
12:24:38.446 Input peaks = 0, 166
12:24:48.484 Input peaks = 0, 165
12:24:58.537 Input peaks = 0, 166
12:25:08.638 Input peaks = 0, 164
12:25:18.685 Input peaks = 0, 163
12:25:28.754 Input peaks = 0, 166
12:25:38.831 Input peaks = 0, 165
12:25:48.886 Input peaks = 0, 164
12:25:58.941 Input peaks = 0, 164
12:26:09.036 Input peaks = 0, 164
12:26:19.064 Input peaks = 0, 164
12:26:29.142 Input peaks = 0, 161
12:26:39.187 Input peaks = 0, 165
12:26:49.237 Input peaks = 0, 163
12:26:59.291 Input peaks = 0, 163
12:27:09.351 Input peaks = 0, 164
12:27:19.392 Input peaks = 0, 164
12:27:29.454 Input peaks = 0, 164
12:27:39.543 Input peaks = 0, 165
12:27:49.576 Input peaks = 0, 162
12:27:59.652 Input peaks = 0, 165
12:28:09.702 Input peaks = 0, 164
12:28:19.749 Input peaks = 0, 163
12:28:29.807 Input peaks = 0, 164
12:28:39.879 Input peaks = 0, 164
12:28:49.957 Input peaks = 0, 165
12:29:00.006 Input peaks = 0, 166
12:29:10.085 Input peaks = 0, 163
12:29:20.170 Input peaks = 0, 164
12:29:30.264 Input peaks = 0, 161
12:29:40.323 Input peaks = 0, 164
12:29:50.429 Input peaks = 0, 165
12:30:00.491 Input peaks = 0, 163
12:30:10.533 Input peaks = 0, 164
12:30:20.617 Input peaks = 0, 166
12:30:30.686 Input peaks = 0, 164
12:30:40.733 Input peaks = 0, 164
12:30:50.836 Input peaks = 0, 163
12:31:00.920 Input peaks = 0, 163
12:31:10.993 Input peaks = 0, 164
12:31:21.081 Input peaks = 0, 166
12:31:31.133 Input peaks = 0, 164
12:31:41.233 Input peaks = 0, 164
12:31:51.303 Input peaks = 0, 163
12:32:01.345 Input peaks = 0, 165
12:32:11.443 Input peaks = 0, 163
12:32:21.508 Input peaks = 0, 165
12:32:31.550 Input peaks = 0, 163
12:32:41.610 Input peaks = 0, 164
12:32:51.694 Input peaks = 0, 162
12:33:01.790 Input peaks = 0, 163
12:33:11.846 Input peaks = 0, 164
12:33:21.939 Input peaks = 0, 164
12:33:31.999 Input peaks = 0, 164
12:33:42.100 Input peaks = 0, 164
12:33:52.157 Input peaks = 0, 166
12:34:02.260 Input peaks = 0, 164
12:34:12.353 Input peaks = 0, 166
12:34:22.415 Input peaks = 0, 164
12:34:32.516 Input peaks = 0, 163
12:34:42.567 Input peaks = 0, 164
12:34:52.636 Input peaks = 0, 167
12:35:02.713 Input peaks = 0, 165
12:35:12.776 Input peaks = 0, 164
12:35:22.837 Input peaks = 0, 165
12:35:32.917 Input peaks = 0, 164
12:35:42.971 Input peaks = 0, 164
12:35:53.031 Input peaks = 0, 165
12:36:03.114 Input peaks = 0, 165
12:36:13.171 Input peaks = 0, 164
12:36:23.273 Input peaks = 0, 165
12:36:33.348 Input peaks = 0, 165
12:36:43.425 Input peaks = 0, 163
12:36:53.481 Input peaks = 0, 164
12:37:03.535 Input peaks = 0, 163
12:37:13.587 Input peaks = 0, 165
12:37:23.651 Input peaks = 0, 163
12:37:33.753 Input peaks = 0, 162
12:37:43.832 Input peaks = 0, 162
12:37:53.878 Input peaks = 0, 162
12:38:03.953 Input peaks = 0, 163
12:38:14.033 Input peaks = 0, 162
12:38:24.100 Input peaks = 0, 161
12:38:34.186 Input peaks = 0, 164
12:38:44.250 Input peaks = 0, 165
12:38:54.307 Input peaks = 0, 163
12:39:04.365 Input peaks = 0, 162
12:39:14.408 Input peaks = 0, 165
12:39:24.490 Input peaks = 0, 163
12:39:34.559 Input peaks = 0, 162
12:39:44.614 Input peaks = 0, 163
12:39:54.677 Input peaks = 0, 166
12:40:04.753 Input peaks = 0, 165
12:40:14.809 Input peaks = 0, 163
12:40:24.881 Input peaks = 0, 164
12:40:34.955 Input peaks = 0, 164
12:40:44.986 Input peaks = 0, 165
12:40:55.060 Input peaks = 0, 165
12:41:05.108 Input peaks = 0, 165
12:41:15.162 Input peaks = 0, 164
12:41:25.211 Input peaks = 0, 163
12:41:35.278 Input peaks = 0, 165
12:41:45.369 Input peaks = 0, 165
12:41:55.425 Input peaks = 0, 164
12:42:05.491 Input peaks = 0, 164
12:42:15.581 Input peaks = 0, 165
12:42:25.632 Input peaks = 0, 164
12:42:35.697 Input peaks = 0, 164
12:42:45.786 Input peaks = 0, 164
12:42:55.878 Input peaks = 0, 164
12:43:05.922 Input peaks = 0, 163
12:43:15.986 Input peaks = 0, 164
12:43:26.045 Input peaks = 0, 162
12:43:36.134 Input peaks = 0, 162
12:43:46.202 Input peaks = 0, 163
12:43:56.280 Input peaks = 0, 163
12:44:06.337 Input peaks = 0, 163
12:44:16.411 Input peaks = 0, 163
12:44:26.445 Input peaks = 0, 163
12:44:36.514 Input peaks = 0, 162
12:44:46.556 Input peaks = 0, 164
12:44:56.617 Input peaks = 0, 163
12:45:06.697 Input peaks = 0, 162
12:45:16.722 Input peaks = 0, 164
12:45:26.792 Input peaks = 0, 163
12:45:36.845 Input peaks = 0, 162
12:45:46.902 Input peaks = 0, 163
12:45:56.954 Input peaks = 0, 163
12:46:07.021 Input peaks = 0, 161
12:46:17.106 Input peaks = 0, 161
12:46:27.158 Input peaks = 0, 161
12:46:37.223 Input peaks = 0, 162
12:46:47.269 Input peaks = 0, 161
12:46:57.332 Input peaks = 0, 162
12:47:07.424 Input peaks = 0, 161
12:47:17.516 Input peaks = 0, 164
12:47:27.579 Input peaks = 0, 163
12:47:37.640 Input peaks = 0, 164
12:47:47.720 Input peaks = 0, 163
12:47:57.772 Input peaks = 0, 163
12:48:07.847 Input peaks = 0, 164
12:48:17.931 Input peaks = 0, 165
12:48:27.968 Input peaks = 0, 165
12:48:38.032 Input peaks = 0, 166
12:48:48.126 Input peaks = 0, 163
12:48:58.154 Input peaks = 0, 163
12:49:08.231 Input peaks = 0, 164
12:49:18.253 Input peaks = 0, 164
12:49:28.354 Input peaks = 0, 164
12:49:38.445 Input peaks = 0, 164
12:49:48.530 Input peaks = 0, 164
12:49:58.587 Input peaks = 0, 163
12:50:08.659 Input peaks = 0, 165
12:50:18.746 Input peaks = 0, 164
12:50:28.804 Input peaks = 0, 165
12:50:38.893 Input peaks = 0, 164
12:50:48.961 Input peaks = 0, 163
12:50:59.052 Input peaks = 0, 164
12:51:09.110 Input peaks = 0, 163
12:51:19.198 Input peaks = 0, 163
12:51:29.256 Input peaks = 0, 163
12:51:39.345 Input peaks = 0, 164
12:51:49.403 Input peaks = 0, 163
12:51:59.480 Input peaks = 0, 164
12:52:09.557 Input peaks = 0, 163
12:52:19.659 Input peaks = 0, 162
12:52:29.715 Input peaks = 0, 163
12:52:39.766 Input peaks = 0, 163
12:52:49.860 Input peaks = 0, 161
12:52:59.911 Input peaks = 0, 161
12:53:09.975 Input peaks = 0, 163
12:53:20.064 Input peaks = 0, 163
12:53:30.122 Input peaks = 0, 162
12:53:40.176 Input peaks = 0, 162
12:53:50.225 Input peaks = 0, 163
12:54:00.292 Input peaks = 0, 163
12:54:10.366 Input peaks = 0, 165
12:54:20.435 Input peaks = 0, 163
12:54:30.495 Input peaks = 0, 163
12:54:40.585 Input peaks = 0, 164
12:54:50.670 Input peaks = 0, 161
12:55:00.730 Input peaks = 0, 162
12:55:10.800 Input peaks = 0, 164
12:55:20.897 Input peaks = 0, 163
12:55:30.991 Input peaks = 0, 164
12:55:41.035 Input peaks = 0, 162
12:55:51.103 Input peaks = 0, 162
12:56:01.198 Input peaks = 0, 162
12:56:11.248 Input peaks = 0, 165
12:56:21.334 Input peaks = 0, 164
12:56:31.409 Input peaks = 0, 165
12:56:41.493 Input peaks = 0, 162
12:56:51.546 Input peaks = 0, 164
12:57:01.607 Input peaks = 0, 164
12:57:11.661 Input peaks = 0, 161
12:57:21.716 Input peaks = 0, 161
12:57:31.762 Input peaks = 0, 163
12:57:41.818 Input peaks = 0, 163
12:57:51.911 Input peaks = 0, 163
12:58:01.964 Input peaks = 0, 164
12:58:12.050 Input peaks = 0, 163
12:58:22.116 Input peaks = 0, 163
12:58:32.207 Input peaks = 0, 167
12:58:42.270 Input peaks = 0, 166
12:58:52.361 Input peaks = 0, 168
12:59:02.439 Input peaks = 0, 166
12:59:12.521 Input peaks = 0, 164
12:59:22.566 Input peaks = 0, 165
12:59:32.624 Input peaks = 0, 167
12:59:42.642 Input peaks = 0, 165
12:59:52.680 Input peaks = 0, 167
13:00:02.740 Input peaks = 0, 166
13:00:12.783 Input peaks = 0, 168
13:00:22.879 Input peaks = 0, 166
13:00:32.920 Input peaks = 0, 165
13:00:42.952 Input peaks = 0, 166
13:00:53.023 Input peaks = 0, 165
13:01:03.088 Input peaks = 0, 166
13:01:13.175 Input peaks = 0, 165
13:01:23.233 Input peaks = 0, 167
13:01:33.255 Input peaks = 0, 167
13:01:43.353 Input peaks = 0, 167
13:01:53.437 Input peaks = 0, 164
13:02:03.485 Input peaks = 0, 165
13:02:13.561 Input peaks = 0, 166
13:02:23.652 Input peaks = 0, 167
13:02:33.698 Input peaks = 0, 166
13:02:43.744 Input peaks = 0, 168
13:02:53.793 Input peaks = 0, 166
13:03:03.872 Input peaks = 0, 167
13:03:13.968 Input peaks = 0, 167
13:03:24.059 Input peaks = 0, 166
13:03:34.158 Input peaks = 0, 165
13:03:44.213 Input peaks = 0, 165
13:03:54.305 Input peaks = 0, 167
13:04:04.381 Input peaks = 0, 166
13:04:14.463 Input peaks = 0, 167
13:04:24.509 Input peaks = 0, 167
13:04:34.601 Input peaks = 0, 167
13:04:44.675 Input peaks = 0, 165
13:04:54.720 Input peaks = 0, 165
13:05:04.783 Input peaks = 0, 165
13:05:14.870 Input peaks = 0, 166
13:05:24.928 Input peaks = 0, 167
13:05:35.014 Input peaks = 0, 167
13:05:45.091 Input peaks = 0, 165
13:05:55.180 Input peaks = 0, 168
13:06:05.227 Input peaks = 0, 166
13:06:15.324 Input peaks = 0, 167
13:06:25.392 Input peaks = 0, 166
13:06:35.438 Input peaks = 0, 166
13:06:45.521 Input peaks = 0, 167
13:06:55.591 Input peaks = 0, 166
13:07:05.629 Input peaks = 0, 166
13:07:15.726 Input peaks = 0, 167
13:07:25.745 Input peaks = 0, 166
13:07:35.834 Input peaks = 0, 167
13:07:45.892 Input peaks = 0, 168
13:07:55.934 Input peaks = 0, 166
13:08:05.998 Input peaks = 0, 167
13:08:16.051 Input peaks = 0, 168
13:08:26.134 Input peaks = 0, 168
13:08:36.204 Input peaks = 0, 165
13:08:46.254 Input peaks = 0, 167
13:08:56.340 Input peaks = 0, 169
13:09:06.404 Input peaks = 0, 166
13:09:16.497 Input peaks = 0, 165
13:09:26.557 Input peaks = 0, 168
13:09:36.625 Input peaks = 0, 166
13:09:46.696 Input peaks = 0, 166
13:09:56.746 Input peaks = 0, 166
13:10:06.816 Input peaks = 0, 167
13:10:16.868 Input peaks = 0, 165
13:10:26.929 Input peaks = 0, 164
13:10:37.016 Input peaks = 0, 165
13:10:47.072 Input peaks = 0, 165
13:10:57.163 Input peaks = 0, 165
13:11:07.227 Input peaks = 0, 166
13:11:17.314 Input peaks = 0, 167
13:11:27.342 Input peaks = 0, 166
13:11:37.419 Input peaks = 0, 164
13:11:47.464 Input peaks = 0, 166
13:11:57.570 Input peaks = 0, 165
13:12:07.635 Input peaks = 0, 168
13:12:17.680 Input peaks = 0, 167
13:12:27.742 Input peaks = 0, 167
13:12:37.823 Input peaks = 0, 166
13:12:47.875 Input peaks = 0, 166
13:12:57.930 Input peaks = 0, 165
13:13:08.023 Input peaks = 0, 165
13:13:18.091 Input peaks = 0, 165
13:13:28.182 Input peaks = 0, 166
13:13:38.244 Input peaks = 0, 163
13:13:48.337 Input peaks = 0, 165
13:13:58.395 Input peaks = 0, 166
13:14:08.488 Input peaks = 0, 166
13:14:18.555 Input peaks = 0, 167
13:14:28.588 Input peaks = 0, 164
13:14:38.635 Input peaks = 0, 165
13:14:48.668 Input peaks = 0, 165
13:14:58.747 Input peaks = 0, 167
13:15:08.805 Input peaks = 0, 166
13:15:18.867 Input peaks = 0, 165
13:15:28.949 Input peaks = 0, 165
13:15:39.007 Input peaks = 0, 165
13:15:49.070 Input peaks = 0, 164
13:15:59.173 Input peaks = 0, 165
13:16:09.254 Input peaks = 0, 164
13:16:19.308 Input peaks = 0, 159
